{
  "timestamp": "2026-02-10T20:48:34.608775+00:00",
  "gsi": 69.49873614731345,
  "classification": "Bullish",
  "change_from_previous": -0.4404591457288234,
  "components": {
    "raw_sentiment": 81.85842409412942,
    "dampened_sentiment": 69.11505445647765,
    "price_momentum": 72.0758572022717,
    "consistency_score": 0.9407839450841189,
    "previous_gsi": 69.93919529304227
  },
  "price_data": {
    "current_price": 5057.775,
    "change_1d_pct": 1.876377245388361,
    "change_7d_pct": -5.819682662639602,
    "change_30d_pct": 11.571601580337099
  }
}