{
  "timestamp": "2026-01-28T00:01:20.945012+00:00",
  "gsi": 80.4352181528245,
  "classification": "Extremely Bullish",
  "change_from_previous": -0.6097166884125897,
  "components": {
    "raw_sentiment": 71.52029580370228,
    "dampened_sentiment": 62.91217748222137,
    "price_momentum": 100.0,
    "consistency_score": 0.2582435496444273,
    "previous_gsi": 81.0449348412371
  },
  "price_data": {
    "current_price": 5180.625,
    "change_1d_pct": 3.428913678221157,
    "change_7d_pct": 12.712452570752264,
    "change_30d_pct": 20.495483708905926
  }
}