{
  "timestamp": "2026-02-14T13:18:16.229271+00:00",
  "gsi": 76.7159697667782,
  "classification": "Extremely Bullish",
  "change_from_previous": -0.2043592550419504,
  "components": {
    "raw_sentiment": 77.27702504666132,
    "dampened_sentiment": 66.36621502799679,
    "price_momentum": 95.83216698434225,
    "consistency_score": 0.4106809608730907,
    "previous_gsi": 76.92032902182015
  },
  "price_data": {
    "current_price": 5042.74,
    "change_1d_pct": 2.454316793784561,
    "change_7d_pct": 1.576910255002817,
    "change_30d_pct": 16.40499392322139
  }
}