{
  "timestamp": "2026-01-24T08:08:22.797917+00:00",
  "gsi": 77.95727054485117,
  "classification": "Extremely Bullish",
  "change_from_previous": 0.060207063693908935,
  "components": {
    "raw_sentiment": 79.79411344263745,
    "dampened_sentiment": 67.87646806558247,
    "price_momentum": 100.0,
    "consistency_score": 0.3575293613116495,
    "previous_gsi": 77.89706348115726
  },
  "price_data": {
    "current_price": 4987.545,
    "change_1d_pct": 1.0431407267544657,
    "change_7d_pct": 7.802099825464848,
    "change_30d_pct": 17.94302132414234
  }
}