{
  "timestamp": "2026-01-31T17:54:02.441305+00:00",
  "gsi": 64.49851135625183,
  "classification": "Bullish",
  "change_from_previous": -0.4782387026036048,
  "components": {
    "raw_sentiment": 60.00596646864403,
    "dampened_sentiment": 56.00357988118642,
    "price_momentum": 75.28282638095078,
    "consistency_score": 0.6144150700047127,
    "previous_gsi": 64.97675005885543
  },
  "price_data": {
    "current_price": 4895.44,
    "change_1d_pct": -8.842506298519092,
    "change_7d_pct": 1.3259151629555044,
    "change_30d_pct": 12.854583974014645
  }
}