{
  "timestamp": "2026-02-09T23:55:00.615808+00:00",
  "gsi": 66.30693662349127,
  "classification": "Bullish",
  "change_from_previous": -0.7922856408456056,
  "components": {
    "raw_sentiment": 67.3332616399261,
    "dampened_sentiment": 60.39995698395566,
    "price_momentum": 72.0758572022717,
    "consistency_score": 0.7664819956336791,
    "previous_gsi": 67.09922226433687
  },
  "price_data": {
    "current_price": 5057.775,
    "change_1d_pct": 1.876377245388361,
    "change_7d_pct": -5.819682662639602,
    "change_30d_pct": 11.571601580337099
  }
}