{
  "timestamp": "2026-01-21T07:33:02.907968+00:00",
  "gsi": 52.98006207788343,
  "classification": "Neutral",
  "change_from_previous": 2.9800620778834315,
  "components": {
    "raw_sentiment": 43.58895578842373,
    "dampened_sentiment": 46.15337347305424,
    "price_momentum": 94.05452881979153,
    "consistency_score": 0.041976893065254206,
    "previous_gsi": 50.0
  },
  "price_data": {
    "current_price": 4763.37,
    "change_1d_pct": 1.9929147944615977,
    "change_7d_pct": 5.625923018586776,
    "change_30d_pct": 13.449091798979907
  }
}