{
  "timestamp": "2026-02-14T15:21:50.752862+00:00",
  "gsi": 75.21438990605577,
  "classification": "Extremely Bullish",
  "change_from_previous": -0.6185989556372391,
  "components": {
    "raw_sentiment": 50.240502923104515,
    "dampened_sentiment": 50.144301753862706,
    "price_momentum": 95.83216698434225,
    "consistency_score": 0.08624269539040907,
    "previous_gsi": 75.83298886169301
  },
  "price_data": {
    "current_price": 5042.74,
    "change_1d_pct": 2.454316793784561,
    "change_7d_pct": 1.576910255002817,
    "change_30d_pct": 16.40499392322139
  }
}