{
  "timestamp": "2026-01-31T06:12:35.367221+00:00",
  "gsi": 69.60039703343888,
  "classification": "Bullish",
  "change_from_previous": -1.2737021534416897,
  "components": {
    "raw_sentiment": 62.37414675066518,
    "dampened_sentiment": 57.424488050399106,
    "price_momentum": 75.28282638095078,
    "consistency_score": 0.6428332333889666,
    "previous_gsi": 70.87409918688057
  },
  "price_data": {
    "current_price": 4895.44,
    "change_1d_pct": -8.842506298519092,
    "change_7d_pct": 1.3259151629555044,
    "change_30d_pct": 12.854583974014645
  }
}