{
  "timestamp": "2026-02-01T20:08:58.925924+00:00",
  "gsi": 59.8111733326585,
  "classification": "Bullish",
  "change_from_previous": -0.1335815464157193,
  "components": {
    "raw_sentiment": 47.915907043229225,
    "dampened_sentiment": 48.749544225937534,
    "price_momentum": 75.28282638095078,
    "consistency_score": 0.469334356899735,
    "previous_gsi": 59.94475487907422
  },
  "price_data": {
    "current_price": 4895.44,
    "change_1d_pct": -8.842506298519092,
    "change_7d_pct": 1.3259151629555044,
    "change_30d_pct": 12.854583974014645
  }
}