{
  "timestamp": "2026-01-31T08:58:56.010125+00:00",
  "gsi": 67.95157647585808,
  "classification": "Bullish",
  "change_from_previous": -0.20352674555846306,
  "components": {
    "raw_sentiment": 78.99478298006802,
    "dampened_sentiment": 67.39686978804082,
    "price_momentum": 75.28282638095078,
    "consistency_score": 0.8422808681418007,
    "previous_gsi": 68.15510322141654
  },
  "price_data": {
    "current_price": 4895.44,
    "change_1d_pct": -8.842506298519092,
    "change_7d_pct": 1.3259151629555044,
    "change_30d_pct": 12.854583974014645
  }
}