{
  "timestamp": "2026-01-25T23:26:38.227491+00:00",
  "gsi": 77.23072756301414,
  "classification": "Extremely Bullish",
  "change_from_previous": -0.17178335987988191,
  "components": {
    "raw_sentiment": 66.20702214546307,
    "dampened_sentiment": 59.72421328727784,
    "price_momentum": 100.0,
    "consistency_score": 0.19448426574555677,
    "previous_gsi": 77.40251092289402
  },
  "price_data": {
    "current_price": 4987.545,
    "change_1d_pct": 1.0431407267544657,
    "change_7d_pct": 7.802099825464848,
    "change_30d_pct": 17.94302132414234
  }
}