{
  "timestamp": "2026-02-03T23:25:25.374917+00:00",
  "gsi": 67.02277176276712,
  "classification": "Bullish",
  "change_from_previous": 1.5112187450938563,
  "components": {
    "raw_sentiment": 89.66765430934296,
    "dampened_sentiment": 73.80059258560578,
    "price_momentum": 89.94099110755758,
    "consistency_score": 0.6771920295609641,
    "previous_gsi": 65.51155301767326
  },
  "price_data": {
    "current_price": 4946.805,
    "change_1d_pct": 6.130927861593127,
    "change_7d_pct": -0.8168347353256888,
    "change_30d_pct": 14.014126139581196
  }
}