{
  "timestamp": "2026-01-21T20:23:04.613900+00:00",
  "gsi": 70.62332376859389,
  "classification": "Bullish",
  "change_from_previous": -0.09667364283120605,
  "components": {
    "raw_sentiment": 45.971736283268704,
    "dampened_sentiment": 47.58304176996122,
    "price_momentum": 94.05452881979153,
    "consistency_score": 0.07057025900339386,
    "previous_gsi": 70.7199974114251
  },
  "price_data": {
    "current_price": 4763.37,
    "change_1d_pct": 1.9929147944615977,
    "change_7d_pct": 5.625923018586776,
    "change_30d_pct": 13.449091798979907
  }
}