{
  "timestamp": "2026-02-05T21:47:00.895093+00:00",
  "gsi": 66.43068915442475,
  "classification": "Bullish",
  "change_from_previous": -0.5230660246439953,
  "components": {
    "raw_sentiment": 61.307653357820655,
    "dampened_sentiment": 56.78459201469239,
    "price_momentum": 78.32141911167582,
    "consistency_score": 0.5692634580603314,
    "previous_gsi": 66.95375517906875
  },
  "price_data": {
    "current_price": 4964.455,
    "change_1d_pct": 0.35679595213475856,
    "change_7d_pct": -0.8868258840557974,
    "change_30d_pct": 11.717944794249902
  }
}