{
  "timestamp": "2026-02-01T12:09:43.226927+00:00",
  "gsi": 63.39842962308904,
  "classification": "Bullish",
  "change_from_previous": 0.0916585708043769,
  "components": {
    "raw_sentiment": 70.9263514393223,
    "dampened_sentiment": 62.55581086359338,
    "price_momentum": 75.28282638095078,
    "consistency_score": 0.745459689652852,
    "previous_gsi": 63.30677105228466
  },
  "price_data": {
    "current_price": 4895.44,
    "change_1d_pct": -8.842506298519092,
    "change_7d_pct": 1.3259151629555044,
    "change_30d_pct": 12.854583974014645
  }
}