{
  "timestamp": "2026-01-30T00:02:42.620369+00:00",
  "gsi": 80.48771289405498,
  "classification": "Extremely Bullish",
  "change_from_previous": 0.30970547608730215,
  "components": {
    "raw_sentiment": 98.9153677139566,
    "dampened_sentiment": 79.34922062837396,
    "price_momentum": 100.0,
    "consistency_score": 0.5869844125674791,
    "previous_gsi": 80.17800741796768
  },
  "price_data": {
    "current_price": 5370.31,
    "change_1d_pct": -0.8894519798357647,
    "change_7d_pct": 12.74181934218841,
    "change_30d_pct": 24.826339859026426
  }
}