{
  "timestamp": "2026-01-25T19:40:30.033067+00:00",
  "gsi": 75.39017953626762,
  "classification": "Extremely Bullish",
  "change_from_previous": 0.15651632674149596,
  "components": {
    "raw_sentiment": 66.36280083645809,
    "dampened_sentiment": 59.817680501874854,
    "price_momentum": 100.0,
    "consistency_score": 0.19635361003749707,
    "previous_gsi": 75.23366320952613
  },
  "price_data": {
    "current_price": 4987.545,
    "change_1d_pct": 1.0431407267544657,
    "change_7d_pct": 7.802099825464848,
    "change_30d_pct": 17.94302132414234
  }
}