{
  "timestamp": "2026-02-11T07:53:54.265950+00:00",
  "gsi": 72.78933516753455,
  "classification": "Bullish",
  "change_from_previous": 0.15340234914889095,
  "components": {
    "raw_sentiment": 74.4080394919242,
    "dampened_sentiment": 64.64482369515451,
    "price_momentum": 93.29037045377095,
    "consistency_score": 0.4270890648276713,
    "previous_gsi": 72.63593281838565
  },
  "price_data": {
    "current_price": 5025.12,
    "change_1d_pct": -0.645639634028794,
    "change_7d_pct": 2.648995800173237,
    "change_30d_pct": 15.985006555015957
  }
}