{
  "timestamp": "2026-02-12T03:22:23.808661+00:00",
  "gsi": 76.40093580072387,
  "classification": "Extremely Bullish",
  "change_from_previous": 0.36237497765969806,
  "components": {
    "raw_sentiment": 80.68506787068304,
    "dampened_sentiment": 68.41104072240982,
    "price_momentum": 100.0,
    "consistency_score": 0.36822081444819643,
    "previous_gsi": 76.03856082306417
  },
  "price_data": {
    "current_price": 5084.28,
    "change_1d_pct": 1.1772853185595622,
    "change_7d_pct": 9.080376911590538,
    "change_30d_pct": 17.165371750274527
  }
}