{
  "timestamp": "2026-01-26T14:48:05.714828+00:00",
  "gsi": 76.66853689752843,
  "classification": "Extremely Bullish",
  "change_from_previous": 0.4222808830917728,
  "components": {
    "raw_sentiment": 84.01564392960084,
    "dampened_sentiment": 70.4093863577605,
    "price_momentum": 100.0,
    "consistency_score": 0.4081877271552099,
    "previous_gsi": 76.24625601443665
  },
  "price_data": {
    "current_price": 4987.545,
    "change_1d_pct": 1.0431407267544657,
    "change_7d_pct": 7.802099825464848,
    "change_30d_pct": 17.94302132414234
  }
}