{
  "timestamp": "2026-01-27T23:42:01.837281+00:00",
  "gsi": 81.0449348412371,
  "classification": "Extremely Bullish",
  "change_from_previous": -0.7096977472372288,
  "components": {
    "raw_sentiment": 71.8165799016224,
    "dampened_sentiment": 63.089947940973445,
    "price_momentum": 100.0,
    "consistency_score": 0.2617989588194689,
    "previous_gsi": 81.75463258847432
  },
  "price_data": {
    "current_price": 5180.625,
    "change_1d_pct": 3.428913678221157,
    "change_7d_pct": 12.712452570752264,
    "change_30d_pct": 20.495483708905926
  }
}