{
  "timestamp": "2026-02-07T21:53:19.963131+00:00",
  "gsi": 64.76844788308279,
  "classification": "Bullish",
  "change_from_previous": -1.276002431299716,
  "components": {
    "raw_sentiment": 54.802642424232396,
    "dampened_sentiment": 52.88158545453944,
    "price_momentum": 68.36252760938251,
    "consistency_score": 0.6903811569031386,
    "previous_gsi": 66.0444503143825
  },
  "price_data": {
    "current_price": 4964.62,
    "change_1d_pct": 3.8476784136131315,
    "change_7d_pct": -8.376572504777613,
    "change_30d_pct": 10.831883181174318
  }
}