{
  "timestamp": "2026-02-04T06:15:04.440157+00:00",
  "gsi": 72.03992595529844,
  "classification": "Bullish",
  "change_from_previous": 0.7927502716213866,
  "components": {
    "raw_sentiment": 95.79054555198628,
    "dampened_sentiment": 77.47432733119177,
    "price_momentum": 89.94099110755758,
    "consistency_score": 0.7506667244726839,
    "previous_gsi": 71.24717568367706
  },
  "price_data": {
    "current_price": 4946.805,
    "change_1d_pct": 6.130927861593127,
    "change_7d_pct": -0.8168347353256888,
    "change_30d_pct": 14.014126139581196
  }
}