{
  "timestamp": "2026-01-28T13:21:33.018448+00:00",
  "gsi": 81.12148833900078,
  "classification": "Extremely Bullish",
  "change_from_previous": 0.159150087452673,
  "components": {
    "raw_sentiment": 97.99154031074198,
    "dampened_sentiment": 78.79492418644519,
    "price_momentum": 100.0,
    "consistency_score": 0.5758984837289037,
    "previous_gsi": 80.9623382515481
  },
  "price_data": {
    "current_price": 5180.625,
    "change_1d_pct": 3.428913678221157,
    "change_7d_pct": 12.712452570752264,
    "change_30d_pct": 20.495483708905926
  }
}