{
  "timestamp": "2026-01-22T14:06:57.577947+00:00",
  "gsi": 77.54833673457904,
  "classification": "Extremely Bullish",
  "change_from_previous": -0.9132746827912399,
  "components": {
    "raw_sentiment": 45.988691109617655,
    "dampened_sentiment": 47.593214665770596,
    "price_momentum": 97.2763928822247,
    "consistency_score": 0.006336435670917906,
    "previous_gsi": 78.46161141737028
  },
  "price_data": {
    "current_price": 4831.38,
    "change_1d_pct": 1.4277706749633134,
    "change_7d_pct": 5.083684055985138,
    "change_30d_pct": 15.28923844931347
  }
}