{
  "timestamp": "2026-01-31T07:05:58.383014+00:00",
  "gsi": 68.68037223603389,
  "classification": "Bullish",
  "change_from_previous": -0.9200247974049915,
  "components": {
    "raw_sentiment": 69.66324273649819,
    "dampened_sentiment": 61.79794564189891,
    "price_momentum": 75.28282638095078,
    "consistency_score": 0.7303023852189627,
    "previous_gsi": 69.60039703343888
  },
  "price_data": {
    "current_price": 4895.44,
    "change_1d_pct": -8.842506298519092,
    "change_7d_pct": 1.3259151629555044,
    "change_30d_pct": 12.854583974014645
  }
}