{
  "timestamp": "2026-02-04T05:11:56.976363+00:00",
  "gsi": 71.24717568367706,
  "classification": "Bullish",
  "change_from_previous": 1.197843008602959,
  "components": {
    "raw_sentiment": 100.0,
    "dampened_sentiment": 80.0,
    "price_momentum": 89.94099110755758,
    "consistency_score": 0.8011801778488484,
    "previous_gsi": 70.0493326750741
  },
  "price_data": {
    "current_price": 4946.805,
    "change_1d_pct": 6.130927861593127,
    "change_7d_pct": -0.8168347353256888,
    "change_30d_pct": 14.014126139581196
  }
}