{
  "timestamp": "2026-02-03T11:01:09.765513+00:00",
  "gsi": 55.25400694417411,
  "classification": "Bullish",
  "change_from_previous": -0.15663054728655368,
  "components": {
    "raw_sentiment": 58.08317267362057,
    "dampened_sentiment": 54.84990360417234,
    "price_momentum": 55.80682822902388,
    "consistency_score": 0.9808615075029692,
    "previous_gsi": 55.41063749146066
  },
  "price_data": {
    "current_price": 4661.04,
    "change_1d_pct": -4.7881293612014435,
    "change_7d_pct": -5.571554611932006,
    "change_30d_pct": 7.580915803249333
  }
}