{
  "timestamp": "2026-01-23T06:09:13.790295+00:00",
  "gsi": 76.71873109516955,
  "classification": "Extremely Bullish",
  "change_from_previous": 0.5293174021631586,
  "components": {
    "raw_sentiment": 87.40461576380542,
    "dampened_sentiment": 72.44276945828325,
    "price_momentum": 100.0,
    "consistency_score": 0.44885538916566503,
    "previous_gsi": 76.18941369300639
  },
  "price_data": {
    "current_price": 4936.055,
    "change_1d_pct": 2.1665652463685348,
    "change_7d_pct": 7.633005197334075,
    "change_30d_pct": 17.30405675970166
  }
}