{
  "timestamp": "2026-02-14T14:42:47.047847+00:00",
  "gsi": 75.83298886169301,
  "classification": "Extremely Bullish",
  "change_from_previous": -0.6433791257716308,
  "components": {
    "raw_sentiment": 54.84207728842747,
    "dampened_sentiment": 52.90524637305648,
    "price_momentum": 95.83216698434225,
    "consistency_score": 0.14146158777428453,
    "previous_gsi": 76.47636798746464
  },
  "price_data": {
    "current_price": 5042.74,
    "change_1d_pct": 2.454316793784561,
    "change_7d_pct": 1.576910255002817,
    "change_30d_pct": 16.40499392322139
  }
}