{
  "timestamp": "2026-01-31T05:34:51.015542+00:00",
  "gsi": 70.87409918688057,
  "classification": "Bullish",
  "change_from_previous": -1.727123537135725,
  "components": {
    "raw_sentiment": 57.10641185727886,
    "dampened_sentiment": 54.263847114367316,
    "price_momentum": 75.28282638095078,
    "consistency_score": 0.5796204146683307,
    "previous_gsi": 72.6012227240163
  },
  "price_data": {
    "current_price": 4895.44,
    "change_1d_pct": -8.842506298519092,
    "change_7d_pct": 1.3259151629555044,
    "change_30d_pct": 12.854583974014645
  }
}