{
  "timestamp": "2026-02-08T18:25:26.577683+00:00",
  "gsi": 66.54098761436039,
  "classification": "Bullish",
  "change_from_previous": -0.6830232704696755,
  "components": {
    "raw_sentiment": 72.37556827630172,
    "dampened_sentiment": 63.42534096578103,
    "price_momentum": 68.36252760938251,
    "consistency_score": 0.9012562671279705,
    "previous_gsi": 67.22401088483007
  },
  "price_data": {
    "current_price": 4964.62,
    "change_1d_pct": 3.8476784136131315,
    "change_7d_pct": -8.376572504777613,
    "change_30d_pct": 10.831883181174318
  }
}