{
  "timestamp": "2026-01-21T09:28:39.712350+00:00",
  "gsi": 59.42748288138999,
  "classification": "Bullish",
  "change_from_previous": 3.1455635017845154,
  "components": {
    "raw_sentiment": 89.27048212888741,
    "dampened_sentiment": 73.56228927733244,
    "price_momentum": 94.05452881979153,
    "consistency_score": 0.5901552091508182,
    "previous_gsi": 56.281919379605476
  },
  "price_data": {
    "current_price": 4763.37,
    "change_1d_pct": 1.9929147944615977,
    "change_7d_pct": 5.625923018586776,
    "change_30d_pct": 13.449091798979907
  }
}