{
  "timestamp": "2026-01-28T14:53:36.644417+00:00",
  "gsi": 81.50513532492806,
  "classification": "Extremely Bullish",
  "change_from_previous": 0.1762702367774125,
  "components": {
    "raw_sentiment": 100.0,
    "dampened_sentiment": 80.0,
    "price_momentum": 100.0,
    "consistency_score": 0.6,
    "previous_gsi": 81.32886508815065
  },
  "price_data": {
    "current_price": 5180.625,
    "change_1d_pct": 3.428913678221157,
    "change_7d_pct": 12.712452570752264,
    "change_30d_pct": 20.495483708905926
  }
}