{
  "timestamp": "2026-01-30T21:31:45.836481+00:00",
  "gsi": 78.96087070025226,
  "classification": "Extremely Bullish",
  "change_from_previous": -0.443845691510262,
  "components": {
    "raw_sentiment": 67.66296436407193,
    "dampened_sentiment": 60.59777861844316,
    "price_momentum": 100.0,
    "consistency_score": 0.2119555723688632,
    "previous_gsi": 79.40471639176252
  },
  "price_data": {
    "current_price": 5370.31,
    "change_1d_pct": -0.8894519798357647,
    "change_7d_pct": 12.74181934218841,
    "change_30d_pct": 24.826339859026426
  }
}