{
  "timestamp": "2026-02-03T01:07:18.496518+00:00",
  "gsi": 62.606756330119495,
  "classification": "Bullish",
  "change_from_previous": -1.0302906283348392,
  "components": {
    "raw_sentiment": 64.81148899482996,
    "dampened_sentiment": 58.886893396897975,
    "price_momentum": 55.80682822902388,
    "consistency_score": 0.9383986966425181,
    "previous_gsi": 63.637046958454334
  },
  "price_data": {
    "current_price": 4661.04,
    "change_1d_pct": -4.7881293612014435,
    "change_7d_pct": -5.571554611932006,
    "change_30d_pct": 7.580915803249333
  }
}