{
  "timestamp": "2026-02-08T08:01:06.864283+00:00",
  "gsi": 67.90242858674016,
  "classification": "Bullish",
  "change_from_previous": -0.368361404466512,
  "components": {
    "raw_sentiment": 81.18376121672462,
    "dampened_sentiment": 68.71025673003477,
    "price_momentum": 68.36252760938251,
    "consistency_score": 0.9930454175869547,
    "previous_gsi": 68.27078999120667
  },
  "price_data": {
    "current_price": 4964.62,
    "change_1d_pct": 3.8476784136131315,
    "change_7d_pct": -8.376572504777613,
    "change_30d_pct": 10.831883181174318
  }
}