{
  "timestamp": "2026-01-28T10:52:18.114081+00:00",
  "gsi": 80.30114217794119,
  "classification": "Extremely Bullish",
  "change_from_previous": -0.13120072541542527,
  "components": {
    "raw_sentiment": 86.59472319260512,
    "dampened_sentiment": 71.95683391556307,
    "price_momentum": 100.0,
    "consistency_score": 0.43913667831126135,
    "previous_gsi": 80.43234290335661
  },
  "price_data": {
    "current_price": 5180.625,
    "change_1d_pct": 3.428913678221157,
    "change_7d_pct": 12.712452570752264,
    "change_30d_pct": 20.495483708905926
  }
}