{
  "timestamp": "2026-01-21T08:09:14.366355+00:00",
  "gsi": 53.08249550384746,
  "classification": "Neutral",
  "change_from_previous": 3.0824955038474613,
  "components": {
    "raw_sentiment": 50.7302190364203,
    "dampened_sentiment": 50.438131421852184,
    "price_momentum": 94.05452881979153,
    "consistency_score": 0.12767205204121312,
    "previous_gsi": 50.0
  },
  "price_data": {
    "current_price": 4763.37,
    "change_1d_pct": 1.9929147944615977,
    "change_7d_pct": 5.625923018586776,
    "change_30d_pct": 13.449091798979907
  }
}