{
  "timestamp": "2026-01-31T18:09:59.933562+00:00",
  "gsi": 63.90756289871789,
  "classification": "Bullish",
  "change_from_previous": -0.5909484575339334,
  "components": {
    "raw_sentiment": 54.83995524520654,
    "dampened_sentiment": 52.90397314712392,
    "price_momentum": 75.28282638095078,
    "consistency_score": 0.5524229353234629,
    "previous_gsi": 64.49851135625183
  },
  "price_data": {
    "current_price": 4895.44,
    "change_1d_pct": -8.842506298519092,
    "change_7d_pct": 1.3259151629555044,
    "change_30d_pct": 12.854583974014645
  }
}