{
  "timestamp": "2026-02-03T11:50:02.301589+00:00",
  "gsi": 56.436277347781626,
  "classification": "Bullish",
  "change_from_previous": 1.182270403607518,
  "components": {
    "raw_sentiment": 82.64725052238052,
    "dampened_sentiment": 69.58835031342831,
    "price_momentum": 55.80682822902388,
    "consistency_score": 0.7243695583119114,
    "previous_gsi": 55.25400694417411
  },
  "price_data": {
    "current_price": 4661.04,
    "change_1d_pct": -4.7881293612014435,
    "change_7d_pct": -5.571554611932006,
    "change_30d_pct": 7.580915803249333
  }
}