{
  "timestamp": "2026-02-13T23:45:56.407323+00:00",
  "gsi": 71.0166666273339,
  "classification": "Bullish",
  "change_from_previous": 0.4306546017000983,
  "components": {
    "raw_sentiment": 64.70833593994458,
    "dampened_sentiment": 58.825001563966744,
    "price_momentum": 95.83216698434225,
    "consistency_score": 0.2598566915924898,
    "previous_gsi": 70.5860120256338
  },
  "price_data": {
    "current_price": 5042.74,
    "change_1d_pct": 2.454316793784561,
    "change_7d_pct": 1.576910255002817,
    "change_30d_pct": 16.40499392322139
  }
}