{
  "timestamp": "2026-01-25T12:08:10.643760+00:00",
  "gsi": 76.61290860810065,
  "classification": "Extremely Bullish",
  "change_from_previous": -0.18556668712899693,
  "components": {
    "raw_sentiment": 60.2451084279642,
    "dampened_sentiment": 56.147065056778516,
    "price_momentum": 100.0,
    "consistency_score": 0.12294130113557034,
    "previous_gsi": 76.79847529522965
  },
  "price_data": {
    "current_price": 4987.545,
    "change_1d_pct": 1.0431407267544657,
    "change_7d_pct": 7.802099825464848,
    "change_30d_pct": 17.94302132414234
  }
}