{
  "timestamp": "2026-02-05T20:10:28.113676+00:00",
  "gsi": 68.06235882264409,
  "classification": "Bullish",
  "change_from_previous": -0.9364948542169031,
  "components": {
    "raw_sentiment": 58.19772098064798,
    "dampened_sentiment": 54.91863258838879,
    "price_momentum": 78.32141911167582,
    "consistency_score": 0.5319442695342593,
    "previous_gsi": 68.99885367686099
  },
  "price_data": {
    "current_price": 4964.455,
    "change_1d_pct": 0.35679595213475856,
    "change_7d_pct": -0.8868258840557974,
    "change_30d_pct": 11.717944794249902
  }
}