{
  "timestamp": "2026-01-26T11:18:05.134764+00:00",
  "gsi": 75.34318215419759,
  "classification": "Extremely Bullish",
  "change_from_previous": 0.3934993763470942,
  "components": {
    "raw_sentiment": 75.42464320078385,
    "dampened_sentiment": 65.25478592047031,
    "price_momentum": 100.0,
    "consistency_score": 0.3050957184094062,
    "previous_gsi": 74.9496827778505
  },
  "price_data": {
    "current_price": 4987.545,
    "change_1d_pct": 1.0431407267544657,
    "change_7d_pct": 7.802099825464848,
    "change_30d_pct": 17.94302132414234
  }
}