{
  "timestamp": "2026-02-03T21:15:08.790917+00:00",
  "gsi": 61.3574196165753,
  "classification": "Bullish",
  "change_from_previous": -0.08294756420051641,
  "components": {
    "raw_sentiment": 76.34913787405597,
    "dampened_sentiment": 65.80948272443358,
    "price_momentum": 55.80682822902388,
    "consistency_score": 0.799946910091806,
    "previous_gsi": 61.440367180775816
  },
  "price_data": {
    "current_price": 4661.04,
    "change_1d_pct": -4.7881293612014435,
    "change_7d_pct": -5.571554611932006,
    "change_30d_pct": 7.580915803249333
  }
}