{
  "timestamp": "2026-01-28T07:05:52.199979+00:00",
  "gsi": 79.2307482869203,
  "classification": "Extremely Bullish",
  "change_from_previous": -0.05645958472463519,
  "components": {
    "raw_sentiment": 83.2082732136714,
    "dampened_sentiment": 69.92496392820284,
    "price_momentum": 100.0,
    "consistency_score": 0.39849927856405687,
    "previous_gsi": 79.28720787164494
  },
  "price_data": {
    "current_price": 5180.625,
    "change_1d_pct": 3.428913678221157,
    "change_7d_pct": 12.712452570752264,
    "change_30d_pct": 20.495483708905926
  }
}