{
  "timestamp": "2026-01-23T07:00:18.059455+00:00",
  "gsi": 77.35028071064492,
  "classification": "Extremely Bullish",
  "change_from_previous": 0.6315496154753788,
  "components": {
    "raw_sentiment": 93.18447330211018,
    "dampened_sentiment": 75.9106839812661,
    "price_momentum": 100.0,
    "consistency_score": 0.518213679625322,
    "previous_gsi": 76.71873109516955
  },
  "price_data": {
    "current_price": 4936.055,
    "change_1d_pct": 2.1665652463685348,
    "change_7d_pct": 7.633005197334075,
    "change_30d_pct": 17.30405675970166
  }
}