{
  "timestamp": "2026-01-25T07:20:41.489438+00:00",
  "gsi": 77.07194533508537,
  "classification": "Extremely Bullish",
  "change_from_previous": 0.46717486575450096,
  "components": {
    "raw_sentiment": 87.40999245635217,
    "dampened_sentiment": 72.44599547381131,
    "price_momentum": 100.0,
    "consistency_score": 0.4489199094762262,
    "previous_gsi": 76.60477046933087
  },
  "price_data": {
    "current_price": 4987.545,
    "change_1d_pct": 1.0431407267544657,
    "change_7d_pct": 7.802099825464848,
    "change_30d_pct": 17.94302132414234
  }
}