{
  "timestamp": "2026-01-22T10:05:59.405105+00:00",
  "gsi": 75.18620074846419,
  "classification": "Extremely Bullish",
  "change_from_previous": 0.8926964167073095,
  "components": {
    "raw_sentiment": 95.69046747771519,
    "dampened_sentiment": 77.41428048662911,
    "price_momentum": 97.2763928822247,
    "consistency_score": 0.6027577520880882,
    "previous_gsi": 74.29350433175688
  },
  "price_data": {
    "current_price": 4831.38,
    "change_1d_pct": 1.4277706749633134,
    "change_7d_pct": 5.083684055985138,
    "change_30d_pct": 15.28923844931347
  }
}