{
  "timestamp": "2026-01-21T21:44:40.927285+00:00",
  "gsi": 70.36511923773557,
  "classification": "Bullish",
  "change_from_previous": -0.12581944006925028,
  "components": {
    "raw_sentiment": 40.85816533315647,
    "dampened_sentiment": 44.51489919989388,
    "price_momentum": 94.05452881979153,
    "consistency_score": 0.00920740760204708,
    "previous_gsi": 70.49093867780482
  },
  "price_data": {
    "current_price": 4763.37,
    "change_1d_pct": 1.9929147944615977,
    "change_7d_pct": 5.625923018586776,
    "change_30d_pct": 13.449091798979907
  }
}