{
  "timestamp": "2026-01-24T21:56:08.948309+00:00",
  "gsi": 76.23871879258502,
  "classification": "Extremely Bullish",
  "change_from_previous": -0.1702126049818844,
  "components": {
    "raw_sentiment": 57.4204962337402,
    "dampened_sentiment": 54.45229774024412,
    "price_momentum": 100.0,
    "consistency_score": 0.08904595480488242,
    "previous_gsi": 76.4089313975669
  },
  "price_data": {
    "current_price": 4987.545,
    "change_1d_pct": 1.0431407267544657,
    "change_7d_pct": 7.802099825464848,
    "change_30d_pct": 17.94302132414234
  }
}