{
  "timestamp": "2026-02-13T23:03:02.432399+00:00",
  "gsi": 70.5860120256338,
  "classification": "Bullish",
  "change_from_previous": 1.1756548442855461,
  "components": {
    "raw_sentiment": 85.60438097987821,
    "dampened_sentiment": 71.36262858792693,
    "price_momentum": 95.83216698434225,
    "consistency_score": 0.5106092320716937,
    "previous_gsi": 69.41035718134826
  },
  "price_data": {
    "current_price": 5042.74,
    "change_1d_pct": 2.454316793784561,
    "change_7d_pct": 1.576910255002817,
    "change_30d_pct": 16.40499392322139
  }
}