{
  "timestamp": "2026-02-11T21:59:49.932204+00:00",
  "gsi": 74.30994493892243,
  "classification": "Bullish",
  "change_from_previous": 0.020137995057325497,
  "components": {
    "raw_sentiment": 78.23647025208479,
    "dampened_sentiment": 66.94188215125087,
    "price_momentum": 93.29037045377095,
    "consistency_score": 0.4730302339495984,
    "previous_gsi": 74.2898069438651
  },
  "price_data": {
    "current_price": 5025.12,
    "change_1d_pct": -0.645639634028794,
    "change_7d_pct": 2.648995800173237,
    "change_30d_pct": 15.985006555015957
  }
}