{
  "timestamp": "2026-02-14T14:03:22.877997+00:00",
  "gsi": 76.47636798746464,
  "classification": "Extremely Bullish",
  "change_from_previous": -0.23960177931355986,
  "components": {
    "raw_sentiment": 74.89739846848393,
    "dampened_sentiment": 64.93843908109035,
    "price_momentum": 95.83216698434225,
    "consistency_score": 0.382125441934962,
    "previous_gsi": 76.7159697667782
  },
  "price_data": {
    "current_price": 5042.74,
    "change_1d_pct": 2.454316793784561,
    "change_7d_pct": 1.576910255002817,
    "change_30d_pct": 16.40499392322139
  }
}