{
  "timestamp": "2026-02-02T11:18:43.025649+00:00",
  "gsi": 61.2901563436901,
  "classification": "Bullish",
  "change_from_previous": 1.068838648282167,
  "components": {
    "raw_sentiment": 80.53161892664772,
    "dampened_sentiment": 68.31897135598864,
    "price_momentum": 75.28282638095078,
    "consistency_score": 0.8607228995007572,
    "previous_gsi": 60.22131769540793
  },
  "price_data": {
    "current_price": 4895.44,
    "change_1d_pct": -8.842506298519092,
    "change_7d_pct": 1.3259151629555044,
    "change_30d_pct": 12.854583974014645
  }
}