{
  "timestamp": "2026-02-03T08:06:15.055128+00:00",
  "gsi": 55.395747421222616,
  "classification": "Bullish",
  "change_from_previous": -0.34667041516121344,
  "components": {
    "raw_sentiment": 55.46369898293557,
    "dampened_sentiment": 53.27821938976134,
    "price_momentum": 55.80682822902388,
    "consistency_score": 0.9494278232147493,
    "previous_gsi": 55.74241783638383
  },
  "price_data": {
    "current_price": 4661.04,
    "change_1d_pct": -4.7881293612014435,
    "change_7d_pct": -5.571554611932006,
    "change_30d_pct": 7.580915803249333
  }
}