{
  "timestamp": "2026-01-23T22:40:26.574962+00:00",
  "gsi": 77.49762240692573,
  "classification": "Extremely Bullish",
  "change_from_previous": 0.26684505812598047,
  "components": {
    "raw_sentiment": 83.7398257616991,
    "dampened_sentiment": 70.24389545701945,
    "price_momentum": 100.0,
    "consistency_score": 0.404877909140389,
    "previous_gsi": 77.23077734879975
  },
  "price_data": {
    "current_price": 4987.545,
    "change_1d_pct": 1.0431407267544657,
    "change_7d_pct": 7.802099825464848,
    "change_30d_pct": 17.94302132414234
  }
}