{
  "timestamp": "2026-02-06T00:02:53.436840+00:00",
  "gsi": 64.20939037218326,
  "classification": "Bullish",
  "change_from_previous": -0.7507846715058548,
  "components": {
    "raw_sentiment": 81.04717091881132,
    "dampened_sentiment": 68.6283025512868,
    "price_momentum": 51.22598317102006,
    "consistency_score": 0.6519536123946654,
    "previous_gsi": 64.96017504368912
  },
  "price_data": {
    "current_price": 4780.675,
    "change_1d_pct": -3.7019169274371433,
    "change_7d_pct": -7.720110990469298,
    "change_30d_pct": 6.603226633664461
  }
}