{
  "timestamp": "2026-02-10T10:22:54.128869+00:00",
  "gsi": 70.89417293542607,
  "classification": "Bullish",
  "change_from_previous": 0.4562065854976254,
  "components": {
    "raw_sentiment": 100.0,
    "dampened_sentiment": 80.0,
    "price_momentum": 72.0758572022717,
    "consistency_score": 0.8415171440454341,
    "previous_gsi": 70.43796634992844
  },
  "price_data": {
    "current_price": 5057.775,
    "change_1d_pct": 1.876377245388361,
    "change_7d_pct": -5.819682662639602,
    "change_30d_pct": 11.571601580337099
  }
}