{
  "timestamp": "2026-01-25T14:08:46.323968+00:00",
  "gsi": 77.99795848061393,
  "classification": "Extremely Bullish",
  "change_from_previous": 0.4977250479019659,
  "components": {
    "raw_sentiment": 92.67809260520328,
    "dampened_sentiment": 75.60685556312197,
    "price_momentum": 100.0,
    "consistency_score": 0.5121371112624393,
    "previous_gsi": 77.50023343271197
  },
  "price_data": {
    "current_price": 4987.545,
    "change_1d_pct": 1.0431407267544657,
    "change_7d_pct": 7.802099825464848,
    "change_30d_pct": 17.94302132414234
  }
}