{
  "timestamp": "2026-01-30T19:05:55.222829+00:00",
  "gsi": 81.08906790183495,
  "classification": "Extremely Bullish",
  "change_from_previous": -0.18020844125129543,
  "components": {
    "raw_sentiment": 89.131042639588,
    "dampened_sentiment": 73.4786255837528,
    "price_momentum": 100.0,
    "consistency_score": 0.469572511675056,
    "previous_gsi": 81.26927634308625
  },
  "price_data": {
    "current_price": 5370.31,
    "change_1d_pct": -0.8894519798357647,
    "change_7d_pct": 12.74181934218841,
    "change_30d_pct": 24.826339859026426
  }
}