{
  "timestamp": "2026-02-08T00:08:41.354212+00:00",
  "gsi": 64.52621487853145,
  "classification": "Bullish",
  "change_from_previous": 0.44454919969803086,
  "components": {
    "raw_sentiment": 84.6299228844849,
    "dampened_sentiment": 70.77795373069094,
    "price_momentum": 68.36252760938251,
    "consistency_score": 0.9516914775738314,
    "previous_gsi": 64.08166567883342
  },
  "price_data": {
    "current_price": 4964.62,
    "change_1d_pct": 3.8476784136131315,
    "change_7d_pct": -8.376572504777613,
    "change_30d_pct": 10.831883181174318
  }
}