{
  "timestamp": "2026-02-01T00:06:42.771302+00:00",
  "gsi": 61.29553584523574,
  "classification": "Bullish",
  "change_from_previous": 0.487846359753334,
  "components": {
    "raw_sentiment": 71.32458774051037,
    "dampened_sentiment": 62.79475264430622,
    "price_momentum": 75.28282638095078,
    "consistency_score": 0.7502385252671089,
    "previous_gsi": 60.807689485482406
  },
  "price_data": {
    "current_price": 4895.44,
    "change_1d_pct": -8.842506298519092,
    "change_7d_pct": 1.3259151629555044,
    "change_30d_pct": 12.854583974014645
  }
}