{
  "timestamp": "2026-02-01T21:51:00.810046+00:00",
  "gsi": 58.586806489238754,
  "classification": "Bullish",
  "change_from_previous": -0.4319809887790882,
  "components": {
    "raw_sentiment": 31.469379684444455,
    "dampened_sentiment": 38.88162781066667,
    "price_momentum": 75.28282638095078,
    "consistency_score": 0.2719760285943178,
    "previous_gsi": 59.01878747801784
  },
  "price_data": {
    "current_price": 4895.44,
    "change_1d_pct": -8.842506298519092,
    "change_7d_pct": 1.3259151629555044,
    "change_30d_pct": 12.854583974014645
  }
}