{
  "timestamp": "2026-01-24T04:39:05.216500+00:00",
  "gsi": 78.27263145792163,
  "classification": "Extremely Bullish",
  "change_from_previous": -0.071262761662922,
  "components": {
    "raw_sentiment": 77.25427213684091,
    "dampened_sentiment": 66.35256328210454,
    "price_momentum": 100.0,
    "consistency_score": 0.32705126564209086,
    "previous_gsi": 78.34389421958456
  },
  "price_data": {
    "current_price": 4987.545,
    "change_1d_pct": 1.0431407267544657,
    "change_7d_pct": 7.802099825464848,
    "change_30d_pct": 17.94302132414234
  }
}