{
  "timestamp": "2026-01-27T21:36:27.766105+00:00",
  "gsi": 82.13220884080619,
  "classification": "Extremely Bullish",
  "change_from_previous": -0.07017790369607724,
  "components": {
    "raw_sentiment": 96.75606200036601,
    "dampened_sentiment": 78.05363720021961,
    "price_momentum": 100.0,
    "consistency_score": 0.5610727440043922,
    "previous_gsi": 82.20238674450226
  },
  "price_data": {
    "current_price": 5008.875,
    "change_1d_pct": 0.4276653142979203,
    "change_7d_pct": 8.510216549250016,
    "change_30d_pct": 17.050164105667932
  }
}