{
  "timestamp": "2026-02-12T05:18:37.213504+00:00",
  "gsi": 76.75929591529204,
  "classification": "Extremely Bullish",
  "change_from_previous": 0.3583601145681712,
  "components": {
    "raw_sentiment": 82.5520209311151,
    "dampened_sentiment": 69.53121255866905,
    "price_momentum": 100.0,
    "consistency_score": 0.39062425117338107,
    "previous_gsi": 76.40093580072387
  },
  "price_data": {
    "current_price": 5084.28,
    "change_1d_pct": 1.1772853185595622,
    "change_7d_pct": 9.080376911590538,
    "change_30d_pct": 17.165371750274527
  }
}