{
  "timestamp": "2026-02-13T11:18:41.717742+00:00",
  "gsi": 73.00509121501798,
  "classification": "Bullish",
  "change_from_previous": -0.3760387085232253,
  "components": {
    "raw_sentiment": 86.53147981371525,
    "dampened_sentiment": 71.91888788822915,
    "price_momentum": 80.71555649630065,
    "consistency_score": 0.82406662783857,
    "previous_gsi": 73.38112992354121
  },
  "price_data": {
    "current_price": 4921.94,
    "change_1d_pct": -3.1929791435562183,
    "change_7d_pct": -0.5026476685456749,
    "change_30d_pct": 13.865002857070152
  }
}