{
  "timestamp": "2026-02-01T10:05:28.873902+00:00",
  "gsi": 62.79397543614067,
  "classification": "Bullish",
  "change_from_previous": -0.09381397042467654,
  "components": {
    "raw_sentiment": 61.90051458635539,
    "dampened_sentiment": 57.14030875181324,
    "price_momentum": 75.28282638095078,
    "consistency_score": 0.6371496474172491,
    "previous_gsi": 62.887789406565346
  },
  "price_data": {
    "current_price": 4895.44,
    "change_1d_pct": -8.842506298519092,
    "change_7d_pct": 1.3259151629555044,
    "change_30d_pct": 12.854583974014645
  }
}