{
  "timestamp": "2026-02-16T15:33:17.803793+00:00",
  "gsi": 76.75472593228638,
  "classification": "Extremely Bullish",
  "change_from_previous": -1.6332828341092949,
  "components": {
    "raw_sentiment": 26.210075703639912,
    "dampened_sentiment": 35.726045422183944,
    "price_momentum": 95.83216698434225,
    "consistency_score": 0.0,
    "previous_gsi": 78.38800876639567
  },
  "price_data": {
    "current_price": 5042.74,
    "change_1d_pct": 2.454316793784561,
    "change_7d_pct": 1.576910255002817,
    "change_30d_pct": 16.40499392322139
  }
}