{
  "timestamp": "2026-02-13T11:57:01.284881+00:00",
  "gsi": 73.22146793101614,
  "classification": "Bullish",
  "change_from_previous": 0.21637671599815178,
  "components": {
    "raw_sentiment": 96.54099649425498,
    "dampened_sentiment": 77.924597896553,
    "price_momentum": 80.71555649630065,
    "consistency_score": 0.9441808280050469,
    "previous_gsi": 73.00509121501798
  },
  "price_data": {
    "current_price": 4921.94,
    "change_1d_pct": -3.1929791435562183,
    "change_7d_pct": -0.5026476685456749,
    "change_30d_pct": 13.865002857070152
  }
}