{
  "timestamp": "2026-02-07T17:41:53.944158+00:00",
  "gsi": 69.5503639612613,
  "classification": "Bullish",
  "change_from_previous": -0.973727944258826,
  "components": {
    "raw_sentiment": 76.19083399645777,
    "dampened_sentiment": 65.71450039787466,
    "price_momentum": 68.36252760938251,
    "consistency_score": 0.9470394557698429,
    "previous_gsi": 70.52409190552012
  },
  "price_data": {
    "current_price": 4964.62,
    "change_1d_pct": 3.8476784136131315,
    "change_7d_pct": -8.376572504777613,
    "change_30d_pct": 10.831883181174318
  }
}