{
  "timestamp": "2026-02-09T20:35:29.059975+00:00",
  "gsi": 69.26806912487487,
  "classification": "Bullish",
  "change_from_previous": 0.5306115278500982,
  "components": {
    "raw_sentiment": 99.2784964770297,
    "dampened_sentiment": 79.56709788621782,
    "price_momentum": 68.36252760938251,
    "consistency_score": 0.7759085944632937,
    "previous_gsi": 68.73745759702477
  },
  "price_data": {
    "current_price": 4964.62,
    "change_1d_pct": 3.8476784136131315,
    "change_7d_pct": -8.376572504777613,
    "change_30d_pct": 10.831883181174318
  }
}