{
  "timestamp": "2026-01-31T21:10:27.558760+00:00",
  "gsi": 62.61870917126745,
  "classification": "Bullish",
  "change_from_previous": -0.30816861806787443,
  "components": {
    "raw_sentiment": 56.194489507528026,
    "dampened_sentiment": 53.716693704516814,
    "price_momentum": 75.28282638095078,
    "consistency_score": 0.5686773464713206,
    "previous_gsi": 62.92687778933532
  },
  "price_data": {
    "current_price": 4895.44,
    "change_1d_pct": -8.842506298519092,
    "change_7d_pct": 1.3259151629555044,
    "change_30d_pct": 12.854583974014645
  }
}