{
  "timestamp": "2026-02-13T08:36:15.425176+00:00",
  "gsi": 73.4550619097639,
  "classification": "Bullish",
  "change_from_previous": -0.04849240082819506,
  "components": {
    "raw_sentiment": 92.99104966904046,
    "dampened_sentiment": 75.79462980142428,
    "price_momentum": 80.71555649630065,
    "consistency_score": 0.9015814661024726,
    "previous_gsi": 73.5035543105921
  },
  "price_data": {
    "current_price": 4921.94,
    "change_1d_pct": -3.1929791435562183,
    "change_7d_pct": -0.5026476685456749,
    "change_30d_pct": 13.865002857070152
  }
}