{
  "timestamp": "2026-02-06T07:46:07.586587+00:00",
  "gsi": 57.52077023786398,
  "classification": "Bullish",
  "change_from_previous": 0.9122401817325212,
  "components": {
    "raw_sentiment": 92.5445792407348,
    "dampened_sentiment": 75.52674754444088,
    "price_momentum": 51.22598317102006,
    "consistency_score": 0.5139847125315836,
    "previous_gsi": 56.60853005613146
  },
  "price_data": {
    "current_price": 4780.675,
    "change_1d_pct": -3.7019169274371433,
    "change_7d_pct": -7.720110990469298,
    "change_30d_pct": 6.603226633664461
  }
}