{
  "timestamp": "2026-02-01T22:47:46.139610+00:00",
  "gsi": 57.97266951925782,
  "classification": "Bullish",
  "change_from_previous": -0.20833317087637226,
  "components": {
    "raw_sentiment": 35.65011896819652,
    "dampened_sentiment": 41.39007138091792,
    "price_momentum": 75.28282638095078,
    "consistency_score": 0.3221448999993427,
    "previous_gsi": 58.18100269013419
  },
  "price_data": {
    "current_price": 4895.44,
    "change_1d_pct": -8.842506298519092,
    "change_7d_pct": 1.3259151629555044,
    "change_30d_pct": 12.854583974014645
  }
}