{
  "timestamp": "2026-02-08T14:47:00.666618+00:00",
  "gsi": 66.83201675761178,
  "classification": "Bullish",
  "change_from_previous": -0.5323498933870496,
  "components": {
    "raw_sentiment": 75.58241686655262,
    "dampened_sentiment": 65.34945011993157,
    "price_momentum": 68.36252760938251,
    "consistency_score": 0.9397384502109812,
    "previous_gsi": 67.36436665099883
  },
  "price_data": {
    "current_price": 4964.62,
    "change_1d_pct": 3.8476784136131315,
    "change_7d_pct": -8.376572504777613,
    "change_30d_pct": 10.831883181174318
  }
}