{
  "timestamp": "2026-02-11T03:36:01.472940+00:00",
  "gsi": 72.649946809733,
  "classification": "Bullish",
  "change_from_previous": 0.22279788239056586,
  "components": {
    "raw_sentiment": 75.70585267201591,
    "dampened_sentiment": 65.42351160320955,
    "price_momentum": 93.29037045377095,
    "consistency_score": 0.442662822988772,
    "previous_gsi": 72.42714892734243
  },
  "price_data": {
    "current_price": 5025.12,
    "change_1d_pct": -0.645639634028794,
    "change_7d_pct": 2.648995800173237,
    "change_30d_pct": 15.985006555015957
  }
}