{
  "timestamp": "2026-01-28T19:55:23.219795+00:00",
  "gsi": 80.73434562654238,
  "classification": "Extremely Bullish",
  "change_from_previous": 0.1938932575234702,
  "components": {
    "raw_sentiment": 97.18012893084558,
    "dampened_sentiment": 78.30807735850735,
    "price_momentum": 100.0,
    "consistency_score": 0.5661615471701469,
    "previous_gsi": 80.54045236901891
  },
  "price_data": {
    "current_price": 5180.625,
    "change_1d_pct": 3.428913678221157,
    "change_7d_pct": 12.712452570752264,
    "change_30d_pct": 20.495483708905926
  }
}