{
  "timestamp": "2026-01-21T05:13:47.141060+00:00",
  "gsi": 53.04546443241108,
  "classification": "Neutral",
  "change_from_previous": 3.0454644324110802,
  "components": {
    "raw_sentiment": 48.35156238126992,
    "dampened_sentiment": 49.010937428761956,
    "price_momentum": 94.05452881979153,
    "consistency_score": 0.0991281721794085,
    "previous_gsi": 50.0
  },
  "price_data": {
    "current_price": 4763.37,
    "change_1d_pct": 1.9929147944615977,
    "change_7d_pct": 5.625923018586776,
    "change_30d_pct": 13.449091798979907
  }
}