{
  "timestamp": "2026-01-24T18:52:34.338539+00:00",
  "gsi": 76.96447654980922,
  "classification": "Extremely Bullish",
  "change_from_previous": -0.28220394494620393,
  "components": {
    "raw_sentiment": 58.34654424479054,
    "dampened_sentiment": 55.00792654687432,
    "price_momentum": 100.0,
    "consistency_score": 0.1001585309374865,
    "previous_gsi": 77.24668049475542
  },
  "price_data": {
    "current_price": 4987.545,
    "change_1d_pct": 1.0431407267544657,
    "change_7d_pct": 7.802099825464848,
    "change_30d_pct": 17.94302132414234
  }
}