{
  "timestamp": "2026-02-15T20:28:32.610766+00:00",
  "gsi": 76.65233694597923,
  "classification": "Extremely Bullish",
  "change_from_previous": -0.3401271725955013,
  "components": {
    "raw_sentiment": 72.6696923884283,
    "dampened_sentiment": 63.601815433056984,
    "price_momentum": 95.83216698434225,
    "consistency_score": 0.3553929689742946,
    "previous_gsi": 76.99246411857473
  },
  "price_data": {
    "current_price": 5042.74,
    "change_1d_pct": 2.454316793784561,
    "change_7d_pct": 1.576910255002817,
    "change_30d_pct": 16.40499392322139
  }
}