{
  "timestamp": "2026-02-14T20:46:31.504076+00:00",
  "gsi": 77.86447019054906,
  "classification": "Extremely Bullish",
  "change_from_previous": 0.14221775989793173,
  "components": {
    "raw_sentiment": 91.84469963408124,
    "dampened_sentiment": 75.10681978044875,
    "price_momentum": 95.83216698434225,
    "consistency_score": 0.5854930559221299,
    "previous_gsi": 77.72225243065112
  },
  "price_data": {
    "current_price": 5042.74,
    "change_1d_pct": 2.454316793784561,
    "change_7d_pct": 1.576910255002817,
    "change_30d_pct": 16.40499392322139
  }
}