{
  "timestamp": "2026-02-09T18:18:51.867081+00:00",
  "gsi": 68.0677540187834,
  "classification": "Bullish",
  "change_from_previous": 0.2976033239098399,
  "components": {
    "raw_sentiment": 92.21772636941185,
    "dampened_sentiment": 75.3306358216471,
    "price_momentum": 68.36252760938251,
    "consistency_score": 0.8606378357547081,
    "previous_gsi": 67.77015069487356
  },
  "price_data": {
    "current_price": 4964.62,
    "change_1d_pct": 3.8476784136131315,
    "change_7d_pct": -8.376572504777613,
    "change_30d_pct": 10.831883181174318
  }
}