{
  "timestamp": "2026-01-30T09:05:53.544106+00:00",
  "gsi": 80.86054138806286,
  "classification": "Extremely Bullish",
  "change_from_previous": -0.15234171499103866,
  "components": {
    "raw_sentiment": 88.78644342866903,
    "dampened_sentiment": 73.27186605720142,
    "price_momentum": 100.0,
    "consistency_score": 0.46543732114402847,
    "previous_gsi": 81.0128831030539
  },
  "price_data": {
    "current_price": 5370.31,
    "change_1d_pct": -0.8894519798357647,
    "change_7d_pct": 12.74181934218841,
    "change_30d_pct": 24.826339859026426
  }
}