{
  "timestamp": "2026-01-31T16:58:40.218635+00:00",
  "gsi": 65.84326135600054,
  "classification": "Bullish",
  "change_from_previous": -1.8515082457051477,
  "components": {
    "raw_sentiment": 25.819734931756873,
    "dampened_sentiment": 35.49184095905412,
    "price_momentum": 75.28282638095078,
    "consistency_score": 0.20418029156206685,
    "previous_gsi": 67.69476960170569
  },
  "price_data": {
    "current_price": 4895.44,
    "change_1d_pct": -8.842506298519092,
    "change_7d_pct": 1.3259151629555044,
    "change_30d_pct": 12.854583974014645
  }
}