{
  "timestamp": "2026-02-14T21:47:38.980218+00:00",
  "gsi": 77.21175737222896,
  "classification": "Extremely Bullish",
  "change_from_previous": -0.45028485576085586,
  "components": {
    "raw_sentiment": 72.29346967732333,
    "dampened_sentiment": 63.376081806394,
    "price_momentum": 95.83216698434225,
    "consistency_score": 0.35087829644103496,
    "previous_gsi": 77.66204222798982
  },
  "price_data": {
    "current_price": 5042.74,
    "change_1d_pct": 2.454316793784561,
    "change_7d_pct": 1.576910255002817,
    "change_30d_pct": 16.40499392322139
  }
}