{
  "timestamp": "2026-01-24T17:55:29.031147+00:00",
  "gsi": 77.64256173876038,
  "classification": "Extremely Bullish",
  "change_from_previous": -0.9049525378050021,
  "components": {
    "raw_sentiment": 40.03033313662621,
    "dampened_sentiment": 44.018199881975725,
    "price_momentum": 100.0,
    "consistency_score": 0.0,
    "previous_gsi": 78.54751427656538
  },
  "price_data": {
    "current_price": 4987.545,
    "change_1d_pct": 1.0431407267544657,
    "change_7d_pct": 7.802099825464848,
    "change_30d_pct": 17.94302132414234
  }
}