{
  "timestamp": "2026-02-07T14:22:45.302013+00:00",
  "gsi": 68.23814712218744,
  "classification": "Bullish",
  "change_from_previous": 0.18728977643721123,
  "components": {
    "raw_sentiment": 90.94400928554381,
    "dampened_sentiment": 74.56640557132629,
    "price_momentum": 68.36252760938251,
    "consistency_score": 0.8759224407611245,
    "previous_gsi": 68.05085734575023
  },
  "price_data": {
    "current_price": 4964.62,
    "change_1d_pct": 3.8476784136131315,
    "change_7d_pct": -8.376572504777613,
    "change_30d_pct": 10.831883181174318
  }
}