{
  "timestamp": "2026-01-28T20:24:27.618676+00:00",
  "gsi": 80.39054211869042,
  "classification": "Extremely Bullish",
  "change_from_previous": -0.343803507851959,
  "components": {
    "raw_sentiment": 80.61665190374482,
    "dampened_sentiment": 68.36999114224689,
    "price_momentum": 100.0,
    "consistency_score": 0.3673998228449378,
    "previous_gsi": 80.73434562654238
  },
  "price_data": {
    "current_price": 5180.625,
    "change_1d_pct": 3.428913678221157,
    "change_7d_pct": 12.712452570752264,
    "change_30d_pct": 20.495483708905926
  }
}