{
  "timestamp": "2026-01-23T11:45:39.339776+00:00",
  "gsi": 80.12132184876492,
  "classification": "Extremely Bullish",
  "change_from_previous": 0.3517957152149478,
  "components": {
    "raw_sentiment": 98.37833447838857,
    "dampened_sentiment": 79.02700068703314,
    "price_momentum": 100.0,
    "consistency_score": 0.5805400137406627,
    "previous_gsi": 79.76952613354997
  },
  "price_data": {
    "current_price": 4936.055,
    "change_1d_pct": 2.1665652463685348,
    "change_7d_pct": 7.633005197334075,
    "change_30d_pct": 17.30405675970166
  }
}