{
  "timestamp": "2026-02-02T14:34:13.881960+00:00",
  "gsi": 64.26524030357331,
  "classification": "Bullish",
  "change_from_previous": 1.7581032925944413,
  "components": {
    "raw_sentiment": 99.80589608160436,
    "dampened_sentiment": 79.88353764896262,
    "price_momentum": 75.28282638095078,
    "consistency_score": 0.9079857746397633,
    "previous_gsi": 62.507137010978866
  },
  "price_data": {
    "current_price": 4895.44,
    "change_1d_pct": -8.842506298519092,
    "change_7d_pct": 1.3259151629555044,
    "change_30d_pct": 12.854583974014645
  }
}