{
  "timestamp": "2026-01-25T09:46:59.130893+00:00",
  "gsi": 78.10983780171317,
  "classification": "Extremely Bullish",
  "change_from_previous": 0.06764950213705845,
  "components": {
    "raw_sentiment": 80.90430079373535,
    "dampened_sentiment": 68.5425804762412,
    "price_momentum": 100.0,
    "consistency_score": 0.370851609524824,
    "previous_gsi": 78.04218829957611
  },
  "price_data": {
    "current_price": 4987.545,
    "change_1d_pct": 1.0431407267544657,
    "change_7d_pct": 7.802099825464848,
    "change_30d_pct": 17.94302132414234
  }
}