{
  "timestamp": "2026-02-16T14:39:17.005530+00:00",
  "gsi": 78.38800876639567,
  "classification": "Extremely Bullish",
  "change_from_previous": 0.41335121805374797,
  "components": {
    "raw_sentiment": 100.0,
    "dampened_sentiment": 80.0,
    "price_momentum": 95.83216698434225,
    "consistency_score": 0.6833566603131549,
    "previous_gsi": 77.97465754834192
  },
  "price_data": {
    "current_price": 5042.74,
    "change_1d_pct": 2.454316793784561,
    "change_7d_pct": 1.576910255002817,
    "change_30d_pct": 16.40499392322139
  }
}