{
  "timestamp": "2026-01-22T16:00:42.334631+00:00",
  "gsi": 76.97225882908015,
  "classification": "Extremely Bullish",
  "change_from_previous": -0.381743984701842,
  "components": {
    "raw_sentiment": 67.96132118162897,
    "dampened_sentiment": 60.77679270897738,
    "price_momentum": 97.2763928822247,
    "consistency_score": 0.2700079965350537,
    "previous_gsi": 77.35400281378199
  },
  "price_data": {
    "current_price": 4831.38,
    "change_1d_pct": 1.4277706749633134,
    "change_7d_pct": 5.083684055985138,
    "change_30d_pct": 15.28923844931347
  }
}