{
  "timestamp": "2026-02-04T21:03:55.911720+00:00",
  "gsi": 74.41006989880444,
  "classification": "Bullish",
  "change_from_previous": -0.31616720499879136,
  "components": {
    "raw_sentiment": 77.50214200305403,
    "dampened_sentiment": 66.50128520183242,
    "price_momentum": 89.94099110755758,
    "consistency_score": 0.5312058818854968,
    "previous_gsi": 74.72623710380323
  },
  "price_data": {
    "current_price": 4946.805,
    "change_1d_pct": 6.130927861593127,
    "change_7d_pct": -0.8168347353256888,
    "change_30d_pct": 14.014126139581196
  }
}