{
  "timestamp": "2026-02-01T22:09:02.426498+00:00",
  "gsi": 58.18100269013419,
  "classification": "Bullish",
  "change_from_previous": -0.4058037991045609,
  "components": {
    "raw_sentiment": 29.706582868524244,
    "dampened_sentiment": 37.823949721114545,
    "price_momentum": 75.28282638095078,
    "consistency_score": 0.25082246680327525,
    "previous_gsi": 58.586806489238754
  },
  "price_data": {
    "current_price": 4895.44,
    "change_1d_pct": -8.842506298519092,
    "change_7d_pct": 1.3259151629555044,
    "change_30d_pct": 12.854583974014645
  }
}