{
  "timestamp": "2026-01-22T07:11:23.238892+00:00",
  "gsi": 73.11043062120919,
  "classification": "Bullish",
  "change_from_previous": -0.00031619420646222807,
  "components": {
    "raw_sentiment": 54.38528245422828,
    "dampened_sentiment": 52.63116947253697,
    "price_momentum": 97.2763928822247,
    "consistency_score": 0.10709553180624543,
    "previous_gsi": 73.11074681541565
  },
  "price_data": {
    "current_price": 4831.38,
    "change_1d_pct": 1.4277706749633134,
    "change_7d_pct": 5.083684055985138,
    "change_30d_pct": 15.28923844931347
  }
}