{
  "timestamp": "2026-01-24T15:22:10.371836+00:00",
  "gsi": 80.77370288141921,
  "classification": "Extremely Bullish",
  "change_from_previous": -0.17856426341336373,
  "components": {
    "raw_sentiment": 87.62286341819691,
    "dampened_sentiment": 72.57371805091815,
    "price_momentum": 100.0,
    "consistency_score": 0.4514743610183629,
    "previous_gsi": 80.95226714483258
  },
  "price_data": {
    "current_price": 4987.545,
    "change_1d_pct": 1.0431407267544657,
    "change_7d_pct": 7.802099825464848,
    "change_30d_pct": 17.94302132414234
  }
}