{
  "timestamp": "2026-01-28T10:09:14.441308+00:00",
  "gsi": 80.43234290335661,
  "classification": "Extremely Bullish",
  "change_from_previous": 0.3018475820423703,
  "components": {
    "raw_sentiment": 98.4961994240288,
    "dampened_sentiment": 79.09771965441728,
    "price_momentum": 100.0,
    "consistency_score": 0.5819543930883455,
    "previous_gsi": 80.13049532131424
  },
  "price_data": {
    "current_price": 5180.625,
    "change_1d_pct": 3.428913678221157,
    "change_7d_pct": 12.712452570752264,
    "change_30d_pct": 20.495483708905926
  }
}