{
  "timestamp": "2026-02-12T23:57:00.794428+00:00",
  "gsi": 75.44965750371759,
  "classification": "Extremely Bullish",
  "change_from_previous": -1.7704454772472928,
  "components": {
    "raw_sentiment": 64.93564518233957,
    "dampened_sentiment": 58.961387109403745,
    "price_momentum": 80.71555649630065,
    "consistency_score": 0.5649166122620619,
    "previous_gsi": 77.22010298096488
  },
  "price_data": {
    "current_price": 4921.94,
    "change_1d_pct": -3.1929791435562183,
    "change_7d_pct": -0.5026476685456749,
    "change_30d_pct": 13.865002857070152
  }
}