{
  "timestamp": "2026-01-21T23:51:45.339903+00:00",
  "gsi": 71.51104325048149,
  "classification": "Bullish",
  "change_from_previous": 0.4039160498263783,
  "components": {
    "raw_sentiment": 60.5290453101752,
    "dampened_sentiment": 56.31742718610512,
    "price_momentum": 97.2763928822247,
    "consistency_score": 0.18082068607760848,
    "previous_gsi": 71.10712720065511
  },
  "price_data": {
    "current_price": 4831.38,
    "change_1d_pct": 1.4277706749633134,
    "change_7d_pct": 5.083684055985138,
    "change_30d_pct": 15.28923844931347
  }
}