{
  "timestamp": "2026-01-27T23:09:49.040696+00:00",
  "gsi": 81.75463258847432,
  "classification": "Extremely Bullish",
  "change_from_previous": -0.48767013732545195,
  "components": {
    "raw_sentiment": 83.64041631414011,
    "dampened_sentiment": 70.18424978848407,
    "price_momentum": 100.0,
    "consistency_score": 0.4036849957696813,
    "previous_gsi": 82.24230272579977
  },
  "price_data": {
    "current_price": 5180.625,
    "change_1d_pct": 3.428913678221157,
    "change_7d_pct": 12.712452570752264,
    "change_30d_pct": 20.495483708905926
  }
}