{
  "timestamp": "2026-02-07T05:02:27.176113+00:00",
  "gsi": 58.521639583480294,
  "classification": "Bullish",
  "change_from_previous": 1.7273308269246854,
  "components": {
    "raw_sentiment": 88.17199737346681,
    "dampened_sentiment": 72.90319842408009,
    "price_momentum": 68.36252760938251,
    "consistency_score": 0.9091865837060484,
    "previous_gsi": 56.79430875655561
  },
  "price_data": {
    "current_price": 4964.62,
    "change_1d_pct": 3.8476784136131315,
    "change_7d_pct": -8.376572504777613,
    "change_30d_pct": 10.831883181174318
  }
}