{
  "timestamp": "2026-02-07T08:02:52.033301+00:00",
  "gsi": 60.35511194860675,
  "classification": "Bullish",
  "change_from_previous": -0.36790565544367837,
  "components": {
    "raw_sentiment": 60.050052364239214,
    "dampened_sentiment": 56.03003141854353,
    "price_momentum": 68.36252760938251,
    "consistency_score": 0.7533500761832204,
    "previous_gsi": 60.723017604050426
  },
  "price_data": {
    "current_price": 4964.62,
    "change_1d_pct": 3.8476784136131315,
    "change_7d_pct": -8.376572504777613,
    "change_30d_pct": 10.831883181174318
  }
}