{
  "timestamp": "2026-01-31T23:10:26.843153+00:00",
  "gsi": 61.00237738724965,
  "classification": "Bullish",
  "change_from_previous": -0.5553157016884782,
  "components": {
    "raw_sentiment": 41.76608156963395,
    "dampened_sentiment": 45.05964894178037,
    "price_momentum": 75.28282638095078,
    "consistency_score": 0.39553645121659176,
    "previous_gsi": 61.55769308893813
  },
  "price_data": {
    "current_price": 4895.44,
    "change_1d_pct": -8.842506298519092,
    "change_7d_pct": 1.3259151629555044,
    "change_30d_pct": 12.854583974014645
  }
}