{
  "timestamp": "2026-02-04T23:55:54.220451+00:00",
  "gsi": 68.72637756414315,
  "classification": "Bullish",
  "change_from_previous": -1.3104470269702517,
  "components": {
    "raw_sentiment": 51.31926489047943,
    "dampened_sentiment": 50.79155893428766,
    "price_momentum": 78.32141911167582,
    "consistency_score": 0.4494027964522367,
    "previous_gsi": 70.0368245911134
  },
  "price_data": {
    "current_price": 4964.455,
    "change_1d_pct": 0.35679595213475856,
    "change_7d_pct": -0.8868258840557974,
    "change_30d_pct": 11.717944794249902
  }
}