{
  "timestamp": "2026-02-01T15:07:20.897715+00:00",
  "gsi": 61.364390061430505,
  "classification": "Bullish",
  "change_from_previous": -0.026499232273103246,
  "components": {
    "raw_sentiment": 57.64102981744489,
    "dampened_sentiment": 54.58461789046693,
    "price_momentum": 75.28282638095078,
    "consistency_score": 0.586035830190323,
    "previous_gsi": 61.39088929370361
  },
  "price_data": {
    "current_price": 4895.44,
    "change_1d_pct": -8.842506298519092,
    "change_7d_pct": 1.3259151629555044,
    "change_30d_pct": 12.854583974014645
  }
}