{
  "timestamp": "2026-01-23T16:23:06.594285+00:00",
  "gsi": 79.97972631065298,
  "classification": "Extremely Bullish",
  "change_from_previous": 0.09496647237168077,
  "components": {
    "raw_sentiment": 91.28205493831841,
    "dampened_sentiment": 74.76923296299104,
    "price_momentum": 100.0,
    "consistency_score": 0.4953846592598208,
    "previous_gsi": 79.8847598382813
  },
  "price_data": {
    "current_price": 4936.055,
    "change_1d_pct": 2.1665652463685348,
    "change_7d_pct": 7.633005197334075,
    "change_30d_pct": 17.30405675970166
  }
}