{
  "timestamp": "2026-01-31T11:06:03.611159+00:00",
  "gsi": 70.70877046741907,
  "classification": "Bullish",
  "change_from_previous": 0.3086071035966427,
  "components": {
    "raw_sentiment": 94.84712416617451,
    "dampened_sentiment": 76.9082744997047,
    "price_momentum": 75.28282638095078,
    "consistency_score": 0.9674910376249215,
    "previous_gsi": 70.40016336382243
  },
  "price_data": {
    "current_price": 4895.44,
    "change_1d_pct": -8.842506298519092,
    "change_7d_pct": 1.3259151629555044,
    "change_30d_pct": 12.854583974014645
  }
}