{
  "timestamp": "2026-02-05T21:02:27.228432+00:00",
  "gsi": 66.95375517906875,
  "classification": "Bullish",
  "change_from_previous": -1.1086036435753357,
  "components": {
    "raw_sentiment": 48.081153489266875,
    "dampened_sentiment": 48.848692093560125,
    "price_momentum": 78.32141911167582,
    "consistency_score": 0.41054545963768607,
    "previous_gsi": 68.06235882264409
  },
  "price_data": {
    "current_price": 4964.455,
    "change_1d_pct": 0.35679595213475856,
    "change_7d_pct": -0.8868258840557974,
    "change_30d_pct": 11.717944794249902
  }
}