{
  "timestamp": "2026-01-28T21:03:54.663776+00:00",
  "gsi": 80.09122520241488,
  "classification": "Extremely Bullish",
  "change_from_previous": -0.2993169162755436,
  "components": {
    "raw_sentiment": 80.34812153531308,
    "dampened_sentiment": 68.20887292118785,
    "price_momentum": 100.0,
    "consistency_score": 0.36417745842375693,
    "previous_gsi": 80.39054211869042
  },
  "price_data": {
    "current_price": 5180.625,
    "change_1d_pct": 3.428913678221157,
    "change_7d_pct": 12.712452570752264,
    "change_30d_pct": 20.495483708905926
  }
}