{
  "timestamp": "2026-02-02T06:26:06.533156+00:00",
  "gsi": 60.131905351643894,
  "classification": "Bullish",
  "change_from_previous": -0.02801161202789615,
  "components": {
    "raw_sentiment": 52.23351325264146,
    "dampened_sentiment": 51.340107951584876,
    "price_momentum": 75.28282638095078,
    "consistency_score": 0.5211456314126819,
    "previous_gsi": 60.15991696367179
  },
  "price_data": {
    "current_price": 4895.44,
    "change_1d_pct": -8.842506298519092,
    "change_7d_pct": 1.3259151629555044,
    "change_30d_pct": 12.854583974014645
  }
}