{
  "timestamp": "2026-02-05T19:33:44.827242+00:00",
  "gsi": 68.99885367686099,
  "classification": "Bullish",
  "change_from_previous": -1.6219522621404394,
  "components": {
    "raw_sentiment": 43.29375465524813,
    "dampened_sentiment": 45.97625279314888,
    "price_momentum": 78.32141911167582,
    "consistency_score": 0.3530966736294612,
    "previous_gsi": 70.62080593900143
  },
  "price_data": {
    "current_price": 4964.455,
    "change_1d_pct": 0.35679595213475856,
    "change_7d_pct": -0.8868258840557974,
    "change_30d_pct": 11.717944794249902
  }
}