{
  "timestamp": "2026-02-14T18:03:19.811312+00:00",
  "gsi": 77.45658511574241,
  "classification": "Extremely Bullish",
  "change_from_previous": 0.2655405323346116,
  "components": {
    "raw_sentiment": 93.0534998522179,
    "dampened_sentiment": 75.83209991133074,
    "price_momentum": 95.83216698434225,
    "consistency_score": 0.5999986585397699,
    "previous_gsi": 77.1910445834078
  },
  "price_data": {
    "current_price": 5042.74,
    "change_1d_pct": 2.454316793784561,
    "change_7d_pct": 1.576910255002817,
    "change_30d_pct": 16.40499392322139
  }
}