{
  "timestamp": "2026-01-24T07:54:04.027181+00:00",
  "gsi": 77.89706348115726,
  "classification": "Extremely Bullish",
  "change_from_previous": -0.05439413337424526,
  "components": {
    "raw_sentiment": 75.52431235144664,
    "dampened_sentiment": 65.31458741086799,
    "price_momentum": 100.0,
    "consistency_score": 0.3062917482173597,
    "previous_gsi": 77.9514576145315
  },
  "price_data": {
    "current_price": 4987.545,
    "change_1d_pct": 1.0431407267544657,
    "change_7d_pct": 7.802099825464848,
    "change_30d_pct": 17.94302132414234
  }
}