{
  "timestamp": "2026-01-30T23:08:09.516555+00:00",
  "gsi": 76.3645604173119,
  "classification": "Extremely Bullish",
  "change_from_previous": -0.6918062889797056,
  "components": {
    "raw_sentiment": 94.81009538548389,
    "dampened_sentiment": 76.88605723129034,
    "price_momentum": 75.28282638095078,
    "consistency_score": 0.9679353829932089,
    "previous_gsi": 77.05636670629161
  },
  "price_data": {
    "current_price": 4895.44,
    "change_1d_pct": -8.842506298519092,
    "change_7d_pct": 1.3259151629555044,
    "change_30d_pct": 12.854583974014645
  }
}