{
  "timestamp": "2026-02-07T13:43:32.268870+00:00",
  "gsi": 68.05085734575023,
  "classification": "Bullish",
  "change_from_previous": -0.9615862072071337,
  "components": {
    "raw_sentiment": 72.18326133851703,
    "dampened_sentiment": 63.30995680311022,
    "price_momentum": 68.36252760938251,
    "consistency_score": 0.8989485838745541,
    "previous_gsi": 69.01244355295736
  },
  "price_data": {
    "current_price": 4964.62,
    "change_1d_pct": 3.8476784136131315,
    "change_7d_pct": -8.376572504777613,
    "change_30d_pct": 10.831883181174318
  }
}