{
  "timestamp": "2026-02-02T03:31:18.456796+00:00",
  "gsi": 60.038879586475176,
  "classification": "Bullish",
  "change_from_previous": 1.045026384368441,
  "components": {
    "raw_sentiment": 76.64866957260662,
    "dampened_sentiment": 65.98920174356397,
    "price_momentum": 75.28282638095078,
    "consistency_score": 0.8141275072522638,
    "previous_gsi": 58.993853202106735
  },
  "price_data": {
    "current_price": 4895.44,
    "change_1d_pct": -8.842506298519092,
    "change_7d_pct": 1.3259151629555044,
    "change_30d_pct": 12.854583974014645
  }
}