{
  "timestamp": "2026-02-04T03:44:11.067652+00:00",
  "gsi": 70.0493326750741,
  "classification": "Bullish",
  "change_from_previous": 1.070944351330951,
  "components": {
    "raw_sentiment": 94.6304330537506,
    "dampened_sentiment": 76.77825983225036,
    "price_momentum": 89.94099110755758,
    "consistency_score": 0.7367453744938555,
    "previous_gsi": 68.97838832374315
  },
  "price_data": {
    "current_price": 4946.805,
    "change_1d_pct": 6.130927861593127,
    "change_7d_pct": -0.8168347353256888,
    "change_30d_pct": 14.014126139581196
  }
}