{
  "timestamp": "2026-02-07T22:57:47.756824+00:00",
  "gsi": 63.78558092427863,
  "classification": "Bullish",
  "change_from_previous": 0.11021302039301872,
  "components": {
    "raw_sentiment": 77.24839448957952,
    "dampened_sentiment": 66.3490366937477,
    "price_momentum": 68.36252760938251,
    "consistency_score": 0.959730181687304,
    "previous_gsi": 63.67536790388561
  },
  "price_data": {
    "current_price": 4964.62,
    "change_1d_pct": 3.8476784136131315,
    "change_7d_pct": -8.376572504777613,
    "change_30d_pct": 10.831883181174318
  }
}