{
  "timestamp": "2026-02-12T21:10:12.232125+00:00",
  "gsi": 78.73001401391133,
  "classification": "Extremely Bullish",
  "change_from_previous": -0.31004494526312953,
  "components": {
    "raw_sentiment": 71.47160057673277,
    "dampened_sentiment": 62.88296034603966,
    "price_momentum": 100.0,
    "consistency_score": 0.25765920692079325,
    "previous_gsi": 79.04005895917446
  },
  "price_data": {
    "current_price": 5084.28,
    "change_1d_pct": 1.1772853185595622,
    "change_7d_pct": 9.080376911590538,
    "change_30d_pct": 17.165371750274527
  }
}