{
  "timestamp": "2026-02-12T23:24:19.288888+00:00",
  "gsi": 77.22010298096488,
  "classification": "Extremely Bullish",
  "change_from_previous": -0.5828591207168046,
  "components": {
    "raw_sentiment": 95.05537177501303,
    "dampened_sentiment": 77.03322306500782,
    "price_momentum": 80.71555649630065,
    "consistency_score": 0.9263533313741433,
    "previous_gsi": 77.80296210168169
  },
  "price_data": {
    "current_price": 4921.94,
    "change_1d_pct": -3.1929791435562183,
    "change_7d_pct": -0.5026476685456749,
    "change_30d_pct": 13.865002857070152
  }
}