{
  "timestamp": "2026-01-26T05:15:13.617843+00:00",
  "gsi": 75.53438571636325,
  "classification": "Extremely Bullish",
  "change_from_previous": -0.24906581130474592,
  "components": {
    "raw_sentiment": 47.53974222986132,
    "dampened_sentiment": 48.52384533791679,
    "price_momentum": 100.0,
    "consistency_score": 0.0,
    "previous_gsi": 75.78345152766799
  },
  "price_data": {
    "current_price": 4987.545,
    "change_1d_pct": 1.0431407267544657,
    "change_7d_pct": 7.802099825464848,
    "change_30d_pct": 17.94302132414234
  }
}