{
  "timestamp": "2026-02-16T16:16:25.447393+00:00",
  "gsi": 75.84248917938531,
  "classification": "Extremely Bullish",
  "change_from_previous": -0.912236752901066,
  "components": {
    "raw_sentiment": 41.026560487076885,
    "dampened_sentiment": 44.61593629224613,
    "price_momentum": 95.83216698434225,
    "consistency_score": 0.0,
    "previous_gsi": 76.75472593228638
  },
  "price_data": {
    "current_price": 5042.74,
    "change_1d_pct": 2.454316793784561,
    "change_7d_pct": 1.576910255002817,
    "change_30d_pct": 16.40499392322139
  }
}