{
  "timestamp": "2026-02-04T23:24:53.880472+00:00",
  "gsi": 70.0368245911134,
  "classification": "Bullish",
  "change_from_previous": -1.348434030056481,
  "components": {
    "raw_sentiment": 56.56591997512189,
    "dampened_sentiment": 53.93955198507314,
    "price_momentum": 78.32141911167582,
    "consistency_score": 0.5123626574679463,
    "previous_gsi": 71.38525862116988
  },
  "price_data": {
    "current_price": 4964.455,
    "change_1d_pct": 0.35679595213475856,
    "change_7d_pct": -0.8868258840557974,
    "change_30d_pct": 11.717944794249902
  }
}