{
  "timestamp": "2026-01-26T08:58:10.221844+00:00",
  "gsi": 74.53091919932092,
  "classification": "Bullish",
  "change_from_previous": -0.0866433878795192,
  "components": {
    "raw_sentiment": 47.151914105214466,
    "dampened_sentiment": 48.29114846312868,
    "price_momentum": 100.0,
    "consistency_score": 0.0,
    "previous_gsi": 74.61756258720044
  },
  "price_data": {
    "current_price": 4987.545,
    "change_1d_pct": 1.0431407267544657,
    "change_7d_pct": 7.802099825464848,
    "change_30d_pct": 17.94302132414234
  }
}