{
  "timestamp": "2026-01-31T04:30:39.620183+00:00",
  "gsi": 72.6012227240163,
  "classification": "Bullish",
  "change_from_previous": -0.7048025771346715,
  "components": {
    "raw_sentiment": 84.06224293121592,
    "dampened_sentiment": 70.43734575872955,
    "price_momentum": 75.28282638095078,
    "consistency_score": 0.9030903875555754,
    "previous_gsi": 73.30602530115097
  },
  "price_data": {
    "current_price": 4895.44,
    "change_1d_pct": -8.842506298519092,
    "change_7d_pct": 1.3259151629555044,
    "change_30d_pct": 12.854583974014645
  }
}