{
  "timestamp": "2026-01-29T02:51:31.588138+00:00",
  "gsi": 79.87310136243502,
  "classification": "Extremely Bullish",
  "change_from_previous": 0.026713842694334744,
  "components": {
    "raw_sentiment": 88.9194535815875,
    "dampened_sentiment": 73.3516721489525,
    "price_momentum": 100.0,
    "consistency_score": 0.46703344297905003,
    "previous_gsi": 79.84638751974069
  },
  "price_data": {
    "current_price": 5418.505,
    "change_1d_pct": 4.5917239715285385,
    "change_7d_pct": 16.02061540009785,
    "change_30d_pct": 25.868020469649778
  }
}