{
  "timestamp": "2026-02-10T09:22:28.170135+00:00",
  "gsi": 70.43796634992844,
  "classification": "Bullish",
  "change_from_previous": 0.5367136299972088,
  "components": {
    "raw_sentiment": 100.0,
    "dampened_sentiment": 80.0,
    "price_momentum": 72.0758572022717,
    "consistency_score": 0.8415171440454341,
    "previous_gsi": 69.90125271993124
  },
  "price_data": {
    "current_price": 5057.775,
    "change_1d_pct": 1.876377245388361,
    "change_7d_pct": -5.819682662639602,
    "change_30d_pct": 11.571601580337099
  }
}