{
  "timestamp": "2026-02-05T03:45:44.245149+00:00",
  "gsi": 67.61685030049475,
  "classification": "Bullish",
  "change_from_previous": -0.10654350478223762,
  "components": {
    "raw_sentiment": 77.42616778688549,
    "dampened_sentiment": 66.45570067213129,
    "price_momentum": 78.32141911167582,
    "consistency_score": 0.7626856312091093,
    "previous_gsi": 67.72339380527698
  },
  "price_data": {
    "current_price": 4964.455,
    "change_1d_pct": 0.35679595213475856,
    "change_7d_pct": -0.8868258840557974,
    "change_30d_pct": 11.717944794249902
  }
}