{
  "timestamp": "2026-01-31T19:46:48.639778+00:00",
  "gsi": 62.85597177442691,
  "classification": "Bullish",
  "change_from_previous": 0.03895372498998739,
  "components": {
    "raw_sentiment": 65.04759252884757,
    "dampened_sentiment": 59.02855551730855,
    "price_momentum": 75.28282638095078,
    "consistency_score": 0.6749145827271553,
    "previous_gsi": 62.817018049436925
  },
  "price_data": {
    "current_price": 4895.44,
    "change_1d_pct": -8.842506298519092,
    "change_7d_pct": 1.3259151629555044,
    "change_30d_pct": 12.854583974014645
  }
}