{
  "timestamp": "2026-02-01T15:45:16.441143+00:00",
  "gsi": 61.178140599037015,
  "classification": "Bullish",
  "change_from_previous": -0.18624946239349072,
  "components": {
    "raw_sentiment": 52.90901597014983,
    "dampened_sentiment": 51.7454095820899,
    "price_momentum": 75.28282638095078,
    "consistency_score": 0.5292516640227823,
    "previous_gsi": 61.364390061430505
  },
  "price_data": {
    "current_price": 4895.44,
    "change_1d_pct": -8.842506298519092,
    "change_7d_pct": 1.3259151629555044,
    "change_30d_pct": 12.854583974014645
  }
}