{
  "timestamp": "2026-01-23T09:49:17.245838+00:00",
  "gsi": 79.20172062831077,
  "classification": "Extremely Bullish",
  "change_from_previous": 0.5827551832392714,
  "components": {
    "raw_sentiment": 100.0,
    "dampened_sentiment": 80.0,
    "price_momentum": 100.0,
    "consistency_score": 0.6,
    "previous_gsi": 78.6189654450715
  },
  "price_data": {
    "current_price": 4936.055,
    "change_1d_pct": 2.1665652463685348,
    "change_7d_pct": 7.633005197334075,
    "change_30d_pct": 17.30405675970166
  }
}