{
  "timestamp": "2026-02-15T18:04:13.194808+00:00",
  "gsi": 78.58723223360754,
  "classification": "Extremely Bullish",
  "change_from_previous": 0.3781941356046019,
  "components": {
    "raw_sentiment": 100.0,
    "dampened_sentiment": 80.0,
    "price_momentum": 95.83216698434225,
    "consistency_score": 0.6833566603131549,
    "previous_gsi": 78.20903809800294
  },
  "price_data": {
    "current_price": 5042.74,
    "change_1d_pct": 2.454316793784561,
    "change_7d_pct": 1.576910255002817,
    "change_30d_pct": 16.40499392322139
  }
}