{
  "timestamp": "2026-02-07T07:31:03.718647+00:00",
  "gsi": 60.723017604050426,
  "classification": "Bullish",
  "change_from_previous": -0.2192887181594685,
  "components": {
    "raw_sentiment": 63.43959942321447,
    "dampened_sentiment": 58.06375965392868,
    "price_momentum": 68.36252760938251,
    "consistency_score": 0.7940246408909233,
    "previous_gsi": 60.942306322209895
  },
  "price_data": {
    "current_price": 4964.62,
    "change_1d_pct": 3.8476784136131315,
    "change_7d_pct": -8.376572504777613,
    "change_30d_pct": 10.831883181174318
  }
}