{
  "timestamp": "2026-02-11T00:13:19.536531+00:00",
  "gsi": 72.42714892734243,
  "classification": "Bullish",
  "change_from_previous": 1.1403345067710262,
  "components": {
    "raw_sentiment": 100.0,
    "dampened_sentiment": 80.0,
    "price_momentum": 93.29037045377095,
    "consistency_score": 0.734192590924581,
    "previous_gsi": 71.2868144205714
  },
  "price_data": {
    "current_price": 5025.12,
    "change_1d_pct": -0.645639634028794,
    "change_7d_pct": 2.648995800173237,
    "change_30d_pct": 15.985006555015957
  }
}