{
  "timestamp": "2026-02-08T11:46:46.736828+00:00",
  "gsi": 68.19939296405113,
  "classification": "Bullish",
  "change_from_previous": -0.2073818598424566,
  "components": {
    "raw_sentiment": 84.57082507343965,
    "dampened_sentiment": 70.74249504406379,
    "price_momentum": 68.36252760938251,
    "consistency_score": 0.9524006513063745,
    "previous_gsi": 68.40677482389358
  },
  "price_data": {
    "current_price": 4964.62,
    "change_1d_pct": 3.8476784136131315,
    "change_7d_pct": -8.376572504777613,
    "change_30d_pct": 10.831883181174318
  }
}