{
  "timestamp": "2026-02-09T07:47:47.674953+00:00",
  "gsi": 62.98754165273903,
  "classification": "Bullish",
  "change_from_previous": 1.0089812467221932,
  "components": {
    "raw_sentiment": 89.27915269030507,
    "dampened_sentiment": 73.56749161418304,
    "price_momentum": 68.36252760938251,
    "consistency_score": 0.8959007199039895,
    "previous_gsi": 61.97856040601684
  },
  "price_data": {
    "current_price": 4964.62,
    "change_1d_pct": 3.8476784136131315,
    "change_7d_pct": -8.376572504777613,
    "change_30d_pct": 10.831883181174318
  }
}