{
  "timestamp": "2026-01-30T10:02:16.844483+00:00",
  "gsi": 81.10706017985342,
  "classification": "Extremely Bullish",
  "change_from_previous": 0.2465187917905638,
  "components": {
    "raw_sentiment": 100.0,
    "dampened_sentiment": 80.0,
    "price_momentum": 100.0,
    "consistency_score": 0.6,
    "previous_gsi": 80.86054138806286
  },
  "price_data": {
    "current_price": 5370.31,
    "change_1d_pct": -0.8894519798357647,
    "change_7d_pct": 12.74181934218841,
    "change_30d_pct": 24.826339859026426
  }
}