{
  "timestamp": "2026-02-10T11:23:26.198216+00:00",
  "gsi": 70.46956900997826,
  "classification": "Bullish",
  "change_from_previous": -0.424603925447812,
  "components": {
    "raw_sentiment": 84.8295140406949,
    "dampened_sentiment": 70.89770842441695,
    "price_momentum": 72.0758572022717,
    "consistency_score": 0.9764370244429048,
    "previous_gsi": 70.89417293542607
  },
  "price_data": {
    "current_price": 5057.775,
    "change_1d_pct": 1.876377245388361,
    "change_7d_pct": -5.819682662639602,
    "change_30d_pct": 11.571601580337099
  }
}