{
  "timestamp": "2026-01-21T00:00:18.932601+00:00",
  "gsi": 52.97386524512213,
  "classification": "Neutral",
  "change_from_previous": 2.973865245122127,
  "components": {
    "raw_sentiment": 43.08838867939745,
    "dampened_sentiment": 45.85303320763847,
    "price_momentum": 94.05452881979153,
    "consistency_score": 0.03597008775693877,
    "previous_gsi": 50.0
  },
  "price_data": {
    "current_price": 4763.37,
    "change_1d_pct": 1.9929147944615977,
    "change_7d_pct": 5.625923018586776,
    "change_30d_pct": 13.449091798979907
  }
}