{
  "timestamp": "2026-02-05T23:28:28.639567+00:00",
  "gsi": 64.96017504368912,
  "classification": "Bullish",
  "change_from_previous": -0.5392945585944631,
  "components": {
    "raw_sentiment": 89.03898405984793,
    "dampened_sentiment": 73.42339043590876,
    "price_momentum": 51.22598317102006,
    "consistency_score": 0.5560518547022261,
    "previous_gsi": 65.49946960228358
  },
  "price_data": {
    "current_price": 4780.675,
    "change_1d_pct": -3.7019169274371433,
    "change_7d_pct": -7.720110990469298,
    "change_30d_pct": 6.603226633664461
  }
}