{
  "timestamp": "2026-01-24T16:08:24.073778+00:00",
  "gsi": 79.8315313093172,
  "classification": "Extremely Bullish",
  "change_from_previous": -0.4214128251071685,
  "components": {
    "raw_sentiment": 74.6005338408453,
    "dampened_sentiment": 64.76032030450718,
    "price_momentum": 100.0,
    "consistency_score": 0.2952064060901435,
    "previous_gsi": 80.25294413442437
  },
  "price_data": {
    "current_price": 4987.545,
    "change_1d_pct": 1.0431407267544657,
    "change_7d_pct": 7.802099825464848,
    "change_30d_pct": 17.94302132414234
  }
}