{
  "timestamp": "2026-02-13T01:26:24.239767+00:00",
  "gsi": 73.59082670512316,
  "classification": "Bullish",
  "change_from_previous": -1.8588307985944255,
  "components": {
    "raw_sentiment": 53.90033639739864,
    "dampened_sentiment": 52.340201838439185,
    "price_momentum": 80.71555649630065,
    "consistency_score": 0.43249290684277075,
    "previous_gsi": 75.44965750371759
  },
  "price_data": {
    "current_price": 4921.94,
    "change_1d_pct": -3.1929791435562183,
    "change_7d_pct": -0.5026476685456749,
    "change_30d_pct": 13.865002857070152
  }
}