{
  "timestamp": "2026-02-06T09:33:23.296096+00:00",
  "gsi": 59.380253842649765,
  "classification": "Bullish",
  "change_from_previous": 0.854357331928604,
  "components": {
    "raw_sentiment": 100.0,
    "dampened_sentiment": 80.0,
    "price_momentum": 51.22598317102006,
    "consistency_score": 0.42451966342040126,
    "previous_gsi": 58.52589651072116
  },
  "price_data": {
    "current_price": 4780.675,
    "change_1d_pct": -3.7019169274371433,
    "change_7d_pct": -7.720110990469298,
    "change_30d_pct": 6.603226633664461
  }
}