{
  "timestamp": "2026-01-21T17:15:40.813746+00:00",
  "gsi": 70.86440149314438,
  "classification": "Bullish",
  "change_from_previous": 0.15340222669921388,
  "components": {
    "raw_sentiment": 60.261246262883425,
    "dampened_sentiment": 56.15674775773005,
    "price_momentum": 94.05452881979153,
    "consistency_score": 0.2420443787587705,
    "previous_gsi": 70.71099926644517
  },
  "price_data": {
    "current_price": 4763.37,
    "change_1d_pct": 1.9929147944615977,
    "change_7d_pct": 5.625923018586776,
    "change_30d_pct": 13.449091798979907
  }
}