{
  "timestamp": "2026-02-13T07:48:03.974697+00:00",
  "gsi": 73.5035543105921,
  "classification": "Bullish",
  "change_from_previous": 0.04190678508554413,
  "components": {
    "raw_sentiment": 94.56179043749822,
    "dampened_sentiment": 76.73707426249894,
    "price_momentum": 80.71555649630065,
    "consistency_score": 0.9204303553239657,
    "previous_gsi": 73.46164752550655
  },
  "price_data": {
    "current_price": 4921.94,
    "change_1d_pct": -3.1929791435562183,
    "change_7d_pct": -0.5026476685456749,
    "change_30d_pct": 13.865002857070152
  }
}