{
  "timestamp": "2026-02-08T22:21:10.099094+00:00",
  "gsi": 64.02725427979479,
  "classification": "Bullish",
  "change_from_previous": 1.500915928340774,
  "components": {
    "raw_sentiment": 100.0,
    "dampened_sentiment": 80.0,
    "price_momentum": 68.36252760938251,
    "consistency_score": 0.7672505521876503,
    "previous_gsi": 62.526338351454015
  },
  "price_data": {
    "current_price": 4964.62,
    "change_1d_pct": 3.8476784136131315,
    "change_7d_pct": -8.376572504777613,
    "change_30d_pct": 10.831883181174318
  }
}