{
  "timestamp": "2026-02-14T09:47:20.699317+00:00",
  "gsi": 75.0711121977124,
  "classification": "Extremely Bullish",
  "change_from_previous": 0.5089956176391155,
  "components": {
    "raw_sentiment": 88.78106941432505,
    "dampened_sentiment": 73.26864164859502,
    "price_momentum": 95.83216698434225,
    "consistency_score": 0.5487294932850555,
    "previous_gsi": 74.56211658007328
  },
  "price_data": {
    "current_price": 5042.74,
    "change_1d_pct": 2.454316793784561,
    "change_7d_pct": 1.576910255002817,
    "change_30d_pct": 16.40499392322139
  }
}