{
  "timestamp": "2026-02-11T11:37:57.592205+00:00",
  "gsi": 73.73312005386143,
  "classification": "Bullish",
  "change_from_previous": 0.38564218182293075,
  "components": {
    "raw_sentiment": 85.08408594688011,
    "dampened_sentiment": 71.05045156812807,
    "price_momentum": 93.29037045377095,
    "consistency_score": 0.5552016222871424,
    "previous_gsi": 73.3474778720385
  },
  "price_data": {
    "current_price": 5025.12,
    "change_1d_pct": -0.645639634028794,
    "change_7d_pct": 2.648995800173237,
    "change_30d_pct": 15.985006555015957
  }
}