{
  "timestamp": "2026-01-28T18:29:51.576370+00:00",
  "gsi": 80.62183807167254,
  "classification": "Extremely Bullish",
  "change_from_previous": -0.2858589197963255,
  "components": {
    "raw_sentiment": 83.69824753527246,
    "dampened_sentiment": 70.21894852116347,
    "price_momentum": 100.0,
    "consistency_score": 0.4043789704232694,
    "previous_gsi": 80.90769699146887
  },
  "price_data": {
    "current_price": 5180.625,
    "change_1d_pct": 3.428913678221157,
    "change_7d_pct": 12.712452570752264,
    "change_30d_pct": 20.495483708905926
  }
}