{
  "timestamp": "2026-02-15T11:45:44.245822+00:00",
  "gsi": 75.40685678094353,
  "classification": "Extremely Bullish",
  "change_from_previous": 0.20947195233345894,
  "components": {
    "raw_sentiment": 82.51770760767847,
    "dampened_sentiment": 69.51062456460708,
    "price_momentum": 95.83216698434225,
    "consistency_score": 0.47356915160529667,
    "previous_gsi": 75.19738482861007
  },
  "price_data": {
    "current_price": 5042.74,
    "change_1d_pct": 2.454316793784561,
    "change_7d_pct": 1.576910255002817,
    "change_30d_pct": 16.40499392322139
  }
}