{
  "timestamp": "2026-01-31T08:09:58.511875+00:00",
  "gsi": 68.15510322141654,
  "classification": "Bullish",
  "change_from_previous": -0.5787139945873463,
  "components": {
    "raw_sentiment": 73.60953274961469,
    "dampened_sentiment": 64.16571964976882,
    "price_momentum": 75.28282638095078,
    "consistency_score": 0.7776578653763607,
    "previous_gsi": 68.73381721600389
  },
  "price_data": {
    "current_price": 4895.44,
    "change_1d_pct": -8.842506298519092,
    "change_7d_pct": 1.3259151629555044,
    "change_30d_pct": 12.854583974014645
  }
}