{
  "timestamp": "2026-02-11T06:47:43.933577+00:00",
  "gsi": 72.63593281838565,
  "classification": "Bullish",
  "change_from_previous": -0.3016531476294375,
  "components": {
    "raw_sentiment": 57.85052983012087,
    "dampened_sentiment": 54.710317898072525,
    "price_momentum": 93.29037045377095,
    "consistency_score": 0.22839894888603152,
    "previous_gsi": 72.93758596601509
  },
  "price_data": {
    "current_price": 5025.12,
    "change_1d_pct": -0.645639634028794,
    "change_7d_pct": 2.648995800173237,
    "change_30d_pct": 15.985006555015957
  }
}