{
  "timestamp": "2026-02-06T02:54:59.859769+00:00",
  "gsi": 61.91306408798453,
  "classification": "Bullish",
  "change_from_previous": -2.2963262841987344,
  "components": {
    "raw_sentiment": 46.04460159359923,
    "dampened_sentiment": 47.626760956159536,
    "price_momentum": 51.22598317102006,
    "consistency_score": 0.9280155557027895,
    "previous_gsi": 64.20939037218326
  },
  "price_data": {
    "current_price": 4780.675,
    "change_1d_pct": -3.7019169274371433,
    "change_7d_pct": -7.720110990469298,
    "change_30d_pct": 6.603226633664461
  }
}