{
  "timestamp": "2026-01-21T11:22:23.565001+00:00",
  "gsi": 65.84735133514903,
  "classification": "Bullish",
  "change_from_previous": 1.4298644952273492,
  "components": {
    "raw_sentiment": 73.79767040383042,
    "dampened_sentiment": 64.27860224229825,
    "price_momentum": 94.05452881979153,
    "consistency_score": 0.40448146845013444,
    "previous_gsi": 64.41748683992168
  },
  "price_data": {
    "current_price": 4763.37,
    "change_1d_pct": 1.9929147944615977,
    "change_7d_pct": 5.625923018586776,
    "change_30d_pct": 13.449091798979907
  }
}