{
  "timestamp": "2026-01-23T01:02:09.452636+00:00",
  "gsi": 75.25282785810596,
  "classification": "Extremely Bullish",
  "change_from_previous": 0.6739615341723635,
  "components": {
    "raw_sentiment": 84.07137370365874,
    "dampened_sentiment": 70.44282422219524,
    "price_momentum": 100.0,
    "consistency_score": 0.4088564844439049,
    "previous_gsi": 74.5788663239336
  },
  "price_data": {
    "current_price": 4936.055,
    "change_1d_pct": 2.1665652463685348,
    "change_7d_pct": 7.633005197334075,
    "change_30d_pct": 17.30405675970166
  }
}