{
  "timestamp": "2026-01-25T16:08:26.353152+00:00",
  "gsi": 76.34859949957882,
  "classification": "Extremely Bullish",
  "change_from_previous": -0.956137291339644,
  "components": {
    "raw_sentiment": 32.6353323155349,
    "dampened_sentiment": 39.58119938932094,
    "price_momentum": 100.0,
    "consistency_score": 0.0,
    "previous_gsi": 77.30473679091847
  },
  "price_data": {
    "current_price": 4987.545,
    "change_1d_pct": 1.0431407267544657,
    "change_7d_pct": 7.802099825464848,
    "change_30d_pct": 17.94302132414234
  }
}