{
  "timestamp": "2026-02-15T12:07:18.834439+00:00",
  "gsi": 76.1189471651571,
  "classification": "Extremely Bullish",
  "change_from_previous": 0.7120903842135675,
  "components": {
    "raw_sentiment": 97.80751431724444,
    "dampened_sentiment": 78.68450859034667,
    "price_momentum": 95.83216698434225,
    "consistency_score": 0.6570468321200883,
    "previous_gsi": 75.40685678094353
  },
  "price_data": {
    "current_price": 5042.74,
    "change_1d_pct": 2.454316793784561,
    "change_7d_pct": 1.576910255002817,
    "change_30d_pct": 16.40499392322139
  }
}