{
  "timestamp": "2026-01-22T04:12:46.642341+00:00",
  "gsi": 72.2764976294522,
  "classification": "Bullish",
  "change_from_previous": 0.47280046981443036,
  "components": {
    "raw_sentiment": 68.93781572063126,
    "dampened_sentiment": 61.36268943237876,
    "price_momentum": 97.2763928822247,
    "consistency_score": 0.2817259310030812,
    "previous_gsi": 71.80369715963776
  },
  "price_data": {
    "current_price": 4831.38,
    "change_1d_pct": 1.4277706749633134,
    "change_7d_pct": 5.083684055985138,
    "change_30d_pct": 15.28923844931347
  }
}