{
  "timestamp": "2026-01-24T09:40:45.770387+00:00",
  "gsi": 79.6646944782926,
  "classification": "Extremely Bullish",
  "change_from_previous": 0.4703523071820257,
  "components": {
    "raw_sentiment": 99.27967992570838,
    "dampened_sentiment": 79.56780795542502,
    "price_momentum": 100.0,
    "consistency_score": 0.5913561591085005,
    "previous_gsi": 79.19434217111058
  },
  "price_data": {
    "current_price": 4987.545,
    "change_1d_pct": 1.0431407267544657,
    "change_7d_pct": 7.802099825464848,
    "change_30d_pct": 17.94302132414234
  }
}