{
  "timestamp": "2026-02-15T13:18:09.219440+00:00",
  "gsi": 76.1384448441864,
  "classification": "Extremely Bullish",
  "change_from_previous": 0.019497679029299775,
  "components": {
    "raw_sentiment": 80.8247888225195,
    "dampened_sentiment": 68.49487329351169,
    "price_momentum": 95.83216698434225,
    "consistency_score": 0.4532541261833888,
    "previous_gsi": 76.1189471651571
  },
  "price_data": {
    "current_price": 5042.74,
    "change_1d_pct": 2.454316793784561,
    "change_7d_pct": 1.576910255002817,
    "change_30d_pct": 16.40499392322139
  }
}