{
  "timestamp": "2026-02-02T00:10:46.505317+00:00",
  "gsi": 58.993853202106735,
  "classification": "Bullish",
  "change_from_previous": 0.6847904001709892,
  "components": {
    "raw_sentiment": 64.27761703709297,
    "dampened_sentiment": 58.56657022225578,
    "price_momentum": 75.28282638095078,
    "consistency_score": 0.6656748768260999,
    "previous_gsi": 58.309062801935745
  },
  "price_data": {
    "current_price": 4895.44,
    "change_1d_pct": -8.842506298519092,
    "change_7d_pct": 1.3259151629555044,
    "change_30d_pct": 12.854583974014645
  }
}