{
  "timestamp": "2026-02-12T18:49:49.442762+00:00",
  "gsi": 79.8433719166813,
  "classification": "Extremely Bullish",
  "change_from_previous": -0.04147632096696441,
  "components": {
    "raw_sentiment": 86.85158544800558,
    "dampened_sentiment": 72.11095126880335,
    "price_momentum": 100.0,
    "consistency_score": 0.44221902537606694,
    "previous_gsi": 79.88484823764827
  },
  "price_data": {
    "current_price": 5084.28,
    "change_1d_pct": 1.1772853185595622,
    "change_7d_pct": 9.080376911590538,
    "change_30d_pct": 17.165371750274527
  }
}