{
  "timestamp": "2026-01-22T14:50:18.740627+00:00",
  "gsi": 77.1615293058561,
  "classification": "Extremely Bullish",
  "change_from_previous": -0.38680742872293195,
  "components": {
    "raw_sentiment": 69.0293855742697,
    "dampened_sentiment": 61.41763134456182,
    "price_momentum": 97.2763928822247,
    "consistency_score": 0.2828247692467424,
    "previous_gsi": 77.54833673457904
  },
  "price_data": {
    "current_price": 4831.38,
    "change_1d_pct": 1.4277706749633134,
    "change_7d_pct": 5.083684055985138,
    "change_30d_pct": 15.28923844931347
  }
}