{
  "timestamp": "2026-01-22T21:03:41.188659+00:00",
  "gsi": 73.74435137163567,
  "classification": "Bullish",
  "change_from_previous": -0.434681018557427,
  "components": {
    "raw_sentiment": 40.541070225055,
    "dampened_sentiment": 44.324642135033,
    "price_momentum": 97.2763928822247,
    "consistency_score": 0.0,
    "previous_gsi": 74.1790323901931
  },
  "price_data": {
    "current_price": 4831.38,
    "change_1d_pct": 1.4277706749633134,
    "change_7d_pct": 5.083684055985138,
    "change_30d_pct": 15.28923844931347
  }
}