{
  "timestamp": "2026-02-10T21:39:12.046491+00:00",
  "gsi": 69.93094944848997,
  "classification": "Bullish",
  "change_from_previous": 0.43221330117651746,
  "components": {
    "raw_sentiment": 96.92104921170213,
    "dampened_sentiment": 78.15262952702128,
    "price_momentum": 72.0758572022717,
    "consistency_score": 0.8784645535050086,
    "previous_gsi": 69.49873614731345
  },
  "price_data": {
    "current_price": 5057.775,
    "change_1d_pct": 1.876377245388361,
    "change_7d_pct": -5.819682662639602,
    "change_30d_pct": 11.571601580337099
  }
}