{
  "timestamp": "2026-01-23T10:56:07.613715+00:00",
  "gsi": 79.53960687107089,
  "classification": "Extremely Bullish",
  "change_from_previous": 0.3629121991204869,
  "components": {
    "raw_sentiment": 96.15581725060854,
    "dampened_sentiment": 77.69349035036512,
    "price_momentum": 100.0,
    "consistency_score": 0.5538698070073025,
    "previous_gsi": 79.1766946719504
  },
  "price_data": {
    "current_price": 4936.055,
    "change_1d_pct": 2.1665652463685348,
    "change_7d_pct": 7.633005197334075,
    "change_30d_pct": 17.30405675970166
  }
}