{
  "timestamp": "2026-01-21T19:11:08.982419+00:00",
  "gsi": 70.69582112853325,
  "classification": "Bullish",
  "change_from_previous": -0.15182946745217407,
  "components": {
    "raw_sentiment": 43.20668796296114,
    "dampened_sentiment": 45.92401277777668,
    "price_momentum": 94.05452881979153,
    "consistency_score": 0.03738967915970304,
    "previous_gsi": 70.84765059598543
  },
  "price_data": {
    "current_price": 4763.37,
    "change_1d_pct": 1.9929147944615977,
    "change_7d_pct": 5.625923018586776,
    "change_30d_pct": 13.449091798979907
  }
}