{
  "timestamp": "2026-02-12T21:59:41.557234+00:00",
  "gsi": 78.39187921339258,
  "classification": "Extremely Bullish",
  "change_from_previous": -0.3381348005187448,
  "components": {
    "raw_sentiment": 67.88996030437654,
    "dampened_sentiment": 60.73397618262592,
    "price_momentum": 100.0,
    "consistency_score": 0.21467952365251852,
    "previous_gsi": 78.73001401391133
  },
  "price_data": {
    "current_price": 5084.28,
    "change_1d_pct": 1.1772853185595622,
    "change_7d_pct": 9.080376911590538,
    "change_30d_pct": 17.165371750274527
  }
}