{
  "timestamp": "2026-01-26T19:49:02.092339+00:00",
  "gsi": 78.2552687874699,
  "classification": "Extremely Bullish",
  "change_from_previous": -0.2791372757060486,
  "components": {
    "raw_sentiment": 69.35210932283147,
    "dampened_sentiment": 61.61126559369888,
    "price_momentum": 100.0,
    "consistency_score": 0.23222531187397766,
    "previous_gsi": 78.53440606317595
  },
  "price_data": {
    "current_price": 4987.545,
    "change_1d_pct": 1.0431407267544657,
    "change_7d_pct": 7.802099825464848,
    "change_30d_pct": 17.94302132414234
  }
}