{
  "timestamp": "2026-02-14T06:03:21.327717+00:00",
  "gsi": 73.64381515282965,
  "classification": "Bullish",
  "change_from_previous": 0.9484593167034348,
  "components": {
    "raw_sentiment": 93.28833564528878,
    "dampened_sentiment": 75.97300138717327,
    "price_momentum": 95.83216698434225,
    "consistency_score": 0.6028166880566204,
    "previous_gsi": 72.69535583612621
  },
  "price_data": {
    "current_price": 5042.74,
    "change_1d_pct": 2.454316793784561,
    "change_7d_pct": 1.576910255002817,
    "change_30d_pct": 16.40499392322139
  }
}