{
  "timestamp": "2026-02-08T17:01:37.184962+00:00",
  "gsi": 67.3323531433779,
  "classification": "Bullish",
  "change_from_previous": -0.2475048018887378,
  "components": {
    "raw_sentiment": 81.50527000639363,
    "dampened_sentiment": 68.90316200383617,
    "price_momentum": 68.36252760938251,
    "consistency_score": 0.9891873121109268,
    "previous_gsi": 67.57985794526664
  },
  "price_data": {
    "current_price": 4964.62,
    "change_1d_pct": 3.8476784136131315,
    "change_7d_pct": -8.376572504777613,
    "change_30d_pct": 10.831883181174318
  }
}