{
  "timestamp": "2026-02-13T22:10:14.408704+00:00",
  "gsi": 69.41035718134826,
  "classification": "Bullish",
  "change_from_previous": 0.5397708000821098,
  "components": {
    "raw_sentiment": 57.27281361850376,
    "dampened_sentiment": 54.363688171102254,
    "price_momentum": 95.83216698434225,
    "consistency_score": 0.1706304237352001,
    "previous_gsi": 68.87058638126615
  },
  "price_data": {
    "current_price": 5042.74,
    "change_1d_pct": 2.454316793784561,
    "change_7d_pct": 1.576910255002817,
    "change_30d_pct": 16.40499392322139
  }
}