{
  "timestamp": "2026-02-14T21:20:00.738237+00:00",
  "gsi": 77.66204222798982,
  "classification": "Extremely Bullish",
  "change_from_previous": -0.20242796255924134,
  "components": {
    "raw_sentiment": 82.13462009360934,
    "dampened_sentiment": 69.2807720561656,
    "price_momentum": 95.83216698434225,
    "consistency_score": 0.46897210143646706,
    "previous_gsi": 77.86447019054906
  },
  "price_data": {
    "current_price": 5042.74,
    "change_1d_pct": 2.454316793784561,
    "change_7d_pct": 1.576910255002817,
    "change_30d_pct": 16.40499392322139
  }
}