{
  "timestamp": "2026-02-08T20:07:49.732885+00:00",
  "gsi": 65.63157506677484,
  "classification": "Bullish",
  "change_from_previous": -0.48780668996116106,
  "components": {
    "raw_sentiment": 72.92687007451644,
    "dampened_sentiment": 63.75612204470987,
    "price_momentum": 68.36252760938251,
    "consistency_score": 0.9078718887065471,
    "previous_gsi": 66.119381756736
  },
  "price_data": {
    "current_price": 4964.62,
    "change_1d_pct": 3.8476784136131315,
    "change_7d_pct": -8.376572504777613,
    "change_30d_pct": 10.831883181174318
  }
}