{
  "timestamp": "2026-02-01T23:22:50.135602+00:00",
  "gsi": 58.15353445829998,
  "classification": "Bullish",
  "change_from_previous": 0.18086493904215928,
  "components": {
    "raw_sentiment": 48.517557694408126,
    "dampened_sentiment": 49.11053461664488,
    "price_momentum": 75.28282638095078,
    "consistency_score": 0.4765541647138819,
    "previous_gsi": 57.97266951925782
  },
  "price_data": {
    "current_price": 4895.44,
    "change_1d_pct": -8.842506298519092,
    "change_7d_pct": 1.3259151629555044,
    "change_30d_pct": 12.854583974014645
  }
}