{
  "timestamp": "2026-02-07T19:50:20.467993+00:00",
  "gsi": 65.87243617443589,
  "classification": "Bullish",
  "change_from_previous": -1.4359903074034577,
  "components": {
    "raw_sentiment": 55.53418797078922,
    "dampened_sentiment": 53.32051278247353,
    "price_momentum": 68.36252760938251,
    "consistency_score": 0.6991597034618204,
    "previous_gsi": 67.30842648183935
  },
  "price_data": {
    "current_price": 4964.62,
    "change_1d_pct": 3.8476784136131315,
    "change_7d_pct": -8.376572504777613,
    "change_30d_pct": 10.831883181174318
  }
}