{
  "timestamp": "2026-01-24T20:08:29.171140+00:00",
  "gsi": 76.33083641021167,
  "classification": "Extremely Bullish",
  "change_from_previous": 0.05889331640338469,
  "components": {
    "raw_sentiment": 69.28724824610366,
    "dampened_sentiment": 61.57234894766219,
    "price_momentum": 100.0,
    "consistency_score": 0.23144697895324384,
    "previous_gsi": 76.27194309380829
  },
  "price_data": {
    "current_price": 4987.545,
    "change_1d_pct": 1.0431407267544657,
    "change_7d_pct": 7.802099825464848,
    "change_30d_pct": 17.94302132414234
  }
}