{
  "timestamp": "2026-01-23T18:55:06.683121+00:00",
  "gsi": 78.05207504708414,
  "classification": "Extremely Bullish",
  "change_from_previous": -0.34054038599708747,
  "components": {
    "raw_sentiment": 65.1283139501104,
    "dampened_sentiment": 59.07698837006624,
    "price_momentum": 100.0,
    "consistency_score": 0.18153976740132483,
    "previous_gsi": 78.39261543308123
  },
  "price_data": {
    "current_price": 4936.055,
    "change_1d_pct": 2.1665652463685348,
    "change_7d_pct": 7.633005197334075,
    "change_30d_pct": 17.30405675970166
  }
}