{
  "timestamp": "2026-02-12T06:24:57.454633+00:00",
  "gsi": 77.39278867254114,
  "classification": "Extremely Bullish",
  "change_from_previous": 0.6334927572491011,
  "components": {
    "raw_sentiment": 93.42794220171417,
    "dampened_sentiment": 76.05676532102851,
    "price_momentum": 100.0,
    "consistency_score": 0.5211353064205702,
    "previous_gsi": 76.75929591529204
  },
  "price_data": {
    "current_price": 5084.28,
    "change_1d_pct": 1.1772853185595622,
    "change_7d_pct": 9.080376911590538,
    "change_30d_pct": 17.165371750274527
  }
}