{
  "timestamp": "2026-02-15T10:04:36.055960+00:00",
  "gsi": 75.81184037769884,
  "classification": "Extremely Bullish",
  "change_from_previous": -0.6838828638256871,
  "components": {
    "raw_sentiment": 52.517131011215554,
    "dampened_sentiment": 51.51027860672933,
    "price_momentum": 95.83216698434225,
    "consistency_score": 0.11356223244774155,
    "previous_gsi": 76.49572324152453
  },
  "price_data": {
    "current_price": 5042.74,
    "change_1d_pct": 2.454316793784561,
    "change_7d_pct": 1.576910255002817,
    "change_30d_pct": 16.40499392322139
  }
}