{
  "timestamp": "2026-02-01T17:00:09.888621+00:00",
  "gsi": 60.9928367504704,
  "classification": "Bullish",
  "change_from_previous": -0.07670530245617613,
  "components": {
    "raw_sentiment": 54.83698098135847,
    "dampened_sentiment": 52.902188588815086,
    "price_momentum": 75.28282638095078,
    "consistency_score": 0.5523872441572861,
    "previous_gsi": 61.06954205292658
  },
  "price_data": {
    "current_price": 4895.44,
    "change_1d_pct": -8.842506298519092,
    "change_7d_pct": 1.3259151629555044,
    "change_30d_pct": 12.854583974014645
  }
}