{
  "timestamp": "2026-02-01T18:58:48.910020+00:00",
  "gsi": 59.99626097848471,
  "classification": "Bullish",
  "change_from_previous": 0.036002388793640705,
  "components": {
    "raw_sentiment": 53.256529367606035,
    "dampened_sentiment": 51.95391762056362,
    "price_momentum": 75.28282638095078,
    "consistency_score": 0.5334218247922569,
    "previous_gsi": 59.96025858969107
  },
  "price_data": {
    "current_price": 4895.44,
    "change_1d_pct": -8.842506298519092,
    "change_7d_pct": 1.3259151629555044,
    "change_30d_pct": 12.854583974014645
  }
}