{
  "timestamp": "2026-02-01T11:20:44.092653+00:00",
  "gsi": 63.446090216147724,
  "classification": "Bullish",
  "change_from_previous": 0.44684531266703686,
  "components": {
    "raw_sentiment": 76.69773929258224,
    "dampened_sentiment": 66.01864357554935,
    "price_momentum": 75.28282638095078,
    "consistency_score": 0.8147163438919713,
    "previous_gsi": 62.99924490348069
  },
  "price_data": {
    "current_price": 4895.44,
    "change_1d_pct": -8.842506298519092,
    "change_7d_pct": 1.3259151629555044,
    "change_30d_pct": 12.854583974014645
  }
}