{
  "timestamp": "2026-02-13T17:47:10.514441+00:00",
  "gsi": 73.09919427963403,
  "classification": "Bullish",
  "change_from_previous": -1.0395113340749162,
  "components": {
    "raw_sentiment": 72.24020679025867,
    "dampened_sentiment": 63.344124074155204,
    "price_momentum": 80.71555649630065,
    "consistency_score": 0.652571351557091,
    "previous_gsi": 74.13870561370895
  },
  "price_data": {
    "current_price": 4921.94,
    "change_1d_pct": -3.1929791435562183,
    "change_7d_pct": -0.5026476685456749,
    "change_30d_pct": 13.865002857070152
  }
}