{
  "timestamp": "2026-02-11T18:51:49.840659+00:00",
  "gsi": 75.13633214773523,
  "classification": "Extremely Bullish",
  "change_from_previous": 0.226777761315887,
  "components": {
    "raw_sentiment": 87.23675410715124,
    "dampened_sentiment": 72.34205246429075,
    "price_momentum": 93.29037045377095,
    "consistency_score": 0.5810336402103959,
    "previous_gsi": 74.90955438641934
  },
  "price_data": {
    "current_price": 5025.12,
    "change_1d_pct": -0.645639634028794,
    "change_7d_pct": 2.648995800173237,
    "change_30d_pct": 15.985006555015957
  }
}