{
  "timestamp": "2026-01-25T08:47:54.343326+00:00",
  "gsi": 77.90274762588224,
  "classification": "Extremely Bullish",
  "change_from_previous": 0.2553995807202938,
  "components": {
    "raw_sentiment": 85.52976189841229,
    "dampened_sentiment": 71.31785713904738,
    "price_momentum": 100.0,
    "consistency_score": 0.4263571427809475,
    "previous_gsi": 77.64734804516195
  },
  "price_data": {
    "current_price": 4987.545,
    "change_1d_pct": 1.0431407267544657,
    "change_7d_pct": 7.802099825464848,
    "change_30d_pct": 17.94302132414234
  }
}