{
  "timestamp": "2026-02-02T16:10:07.889293+00:00",
  "gsi": 65.59722537254261,
  "classification": "Bullish",
  "change_from_previous": 0.5141474282654457,
  "components": {
    "raw_sentiment": 83.79161551513825,
    "dampened_sentiment": 70.27496930908295,
    "price_momentum": 75.28282638095078,
    "consistency_score": 0.8998428585626433,
    "previous_gsi": 65.08307794427716
  },
  "price_data": {
    "current_price": 4895.44,
    "change_1d_pct": -8.842506298519092,
    "change_7d_pct": 1.3259151629555044,
    "change_30d_pct": 12.854583974014645
  }
}