{
  "timestamp": "2026-02-13T15:10:09.560586+00:00",
  "gsi": 73.54577307562558,
  "classification": "Bullish",
  "change_from_previous": 0.3770636172231292,
  "components": {
    "raw_sentiment": 100.0,
    "dampened_sentiment": 80.0,
    "price_momentum": 80.71555649630065,
    "consistency_score": 0.985688870073987,
    "previous_gsi": 73.16870945840245
  },
  "price_data": {
    "current_price": 4921.94,
    "change_1d_pct": -3.1929791435562183,
    "change_7d_pct": -0.5026476685456749,
    "change_30d_pct": 13.865002857070152
  }
}