{
  "timestamp": "2026-01-24T14:08:58.077146+00:00",
  "gsi": 80.49838477086331,
  "classification": "Extremely Bullish",
  "change_from_previous": -0.36529938524350314,
  "components": {
    "raw_sentiment": 80.53737930903267,
    "dampened_sentiment": 68.3224275854196,
    "price_momentum": 100.0,
    "consistency_score": 0.3664485517083921,
    "previous_gsi": 80.86368415610681
  },
  "price_data": {
    "current_price": 4987.545,
    "change_1d_pct": 1.0431407267544657,
    "change_7d_pct": 7.802099825464848,
    "change_30d_pct": 17.94302132414234
  }
}