{
  "timestamp": "2026-01-22T11:22:21.329125+00:00",
  "gsi": 76.66168632070338,
  "classification": "Extremely Bullish",
  "change_from_previous": 0.823152162198312,
  "components": {
    "raw_sentiment": 100.0,
    "dampened_sentiment": 80.0,
    "price_momentum": 97.2763928822247,
    "consistency_score": 0.654472142355506,
    "previous_gsi": 75.83853415850507
  },
  "price_data": {
    "current_price": 4831.38,
    "change_1d_pct": 1.4277706749633134,
    "change_7d_pct": 5.083684055985138,
    "change_30d_pct": 15.28923844931347
  }
}