{
  "timestamp": "2026-02-08T07:18:11.346462+00:00",
  "gsi": 68.27078999120667,
  "classification": "Bullish",
  "change_from_previous": 0.6551712419045685,
  "components": {
    "raw_sentiment": 98.46213582149399,
    "dampened_sentiment": 79.07728149289639,
    "price_momentum": 68.36252760938251,
    "consistency_score": 0.7857049223297224,
    "previous_gsi": 67.6156187493021
  },
  "price_data": {
    "current_price": 4964.62,
    "change_1d_pct": 3.8476784136131315,
    "change_7d_pct": -8.376572504777613,
    "change_30d_pct": 10.831883181174318
  }
}