{
  "timestamp": "2026-01-23T22:08:23.801199+00:00",
  "gsi": 77.23077734879975,
  "classification": "Extremely Bullish",
  "change_from_previous": 0.1120076441371225,
  "components": {
    "raw_sentiment": 77.23411201376398,
    "dampened_sentiment": 66.34046720825839,
    "price_momentum": 100.0,
    "consistency_score": 0.3268093441651678,
    "previous_gsi": 77.11876970466263
  },
  "price_data": {
    "current_price": 4987.545,
    "change_1d_pct": 1.0431407267544657,
    "change_7d_pct": 7.802099825464848,
    "change_30d_pct": 17.94302132414234
  }
}