{
  "timestamp": "2026-01-23T23:23:55.834401+00:00",
  "gsi": 78.31235720653758,
  "classification": "Extremely Bullish",
  "change_from_previous": 0.2586197905427383,
  "components": {
    "raw_sentiment": 87.7028254232125,
    "dampened_sentiment": 72.6216952539275,
    "price_momentum": 100.0,
    "consistency_score": 0.45243390507854997,
    "previous_gsi": 78.05373741599485
  },
  "price_data": {
    "current_price": 4987.545,
    "change_1d_pct": 1.0431407267544657,
    "change_7d_pct": 7.802099825464848,
    "change_30d_pct": 17.94302132414234
  }
}