{
  "timestamp": "2026-02-14T10:56:13.950258+00:00",
  "gsi": 75.8263302341007,
  "classification": "Extremely Bullish",
  "change_from_previous": 0.42081634249485944,
  "components": {
    "raw_sentiment": 89.89199265915421,
    "dampened_sentiment": 73.93519559549253,
    "price_momentum": 95.83216698434225,
    "consistency_score": 0.5620605722230057,
    "previous_gsi": 75.40551389160584
  },
  "price_data": {
    "current_price": 5042.74,
    "change_1d_pct": 2.454316793784561,
    "change_7d_pct": 1.576910255002817,
    "change_30d_pct": 16.40499392322139
  }
}