{
  "timestamp": "2026-01-31T15:51:45.392797+00:00",
  "gsi": 67.58625929406536,
  "classification": "Bullish",
  "change_from_previous": -0.8723065386366642,
  "components": {
    "raw_sentiment": 67.35593328099479,
    "dampened_sentiment": 60.41355996859687,
    "price_momentum": 75.28282638095078,
    "consistency_score": 0.7026146717529218,
    "previous_gsi": 68.45856583270202
  },
  "price_data": {
    "current_price": 4895.44,
    "change_1d_pct": -8.842506298519092,
    "change_7d_pct": 1.3259151629555044,
    "change_30d_pct": 12.854583974014645
  }
}