{
  "timestamp": "2026-01-28T07:44:56.275674+00:00",
  "gsi": 79.18902887796476,
  "classification": "Extremely Bullish",
  "change_from_previous": -0.04171940895554371,
  "components": {
    "raw_sentiment": 83.43353635118756,
    "dampened_sentiment": 70.06012181071253,
    "price_momentum": 100.0,
    "consistency_score": 0.40120243621425056,
    "previous_gsi": 79.2307482869203
  },
  "price_data": {
    "current_price": 5180.625,
    "change_1d_pct": 3.428913678221157,
    "change_7d_pct": 12.712452570752264,
    "change_30d_pct": 20.495483708905926
  }
}