{
  "timestamp": "2026-02-06T12:49:09.011011+00:00",
  "gsi": 59.133803133843045,
  "classification": "Bullish",
  "change_from_previous": 0.7775997343460261,
  "components": {
    "raw_sentiment": 96.56762606564283,
    "dampened_sentiment": 77.9405756393857,
    "price_momentum": 51.22598317102006,
    "consistency_score": 0.4657081506326872,
    "previous_gsi": 58.35620339949702
  },
  "price_data": {
    "current_price": 4780.675,
    "change_1d_pct": -3.7019169274371433,
    "change_7d_pct": -7.720110990469298,
    "change_30d_pct": 6.603226633664461
  }
}