{
  "timestamp": "2026-01-23T12:08:21.126900+00:00",
  "gsi": 80.3478407169291,
  "classification": "Extremely Bullish",
  "change_from_previous": 0.22651886816417743,
  "components": {
    "raw_sentiment": 96.30956320379653,
    "dampened_sentiment": 77.78573792227792,
    "price_momentum": 100.0,
    "consistency_score": 0.5557147584455584,
    "previous_gsi": 80.12132184876492
  },
  "price_data": {
    "current_price": 4936.055,
    "change_1d_pct": 2.1665652463685348,
    "change_7d_pct": 7.633005197334075,
    "change_30d_pct": 17.30405675970166
  }
}