{
  "timestamp": "2026-01-28T21:47:04.945267+00:00",
  "gsi": 79.41385976664257,
  "classification": "Extremely Bullish",
  "change_from_previous": -0.6773654357723018,
  "components": {
    "raw_sentiment": 60.3771284012369,
    "dampened_sentiment": 56.22627704074214,
    "price_momentum": 100.0,
    "consistency_score": 0.1245255408148428,
    "previous_gsi": 80.09122520241488
  },
  "price_data": {
    "current_price": 5180.625,
    "change_1d_pct": 3.428913678221157,
    "change_7d_pct": 12.712452570752264,
    "change_30d_pct": 20.495483708905926
  }
}