{
  "timestamp": "2026-02-11T17:45:00.371945+00:00",
  "gsi": 74.90955438641934,
  "classification": "Bullish",
  "change_from_previous": -0.0016493335857461489,
  "components": {
    "raw_sentiment": 80.49979037874134,
    "dampened_sentiment": 68.2998742272448,
    "price_momentum": 93.29037045377095,
    "consistency_score": 0.500190075469477,
    "previous_gsi": 74.91120372000509
  },
  "price_data": {
    "current_price": 5025.12,
    "change_1d_pct": -0.645639634028794,
    "change_7d_pct": 2.648995800173237,
    "change_30d_pct": 15.985006555015957
  }
}