{
  "timestamp": "2026-02-12T11:17:39.505412+00:00",
  "gsi": 79.1980489917878,
  "classification": "Extremely Bullish",
  "change_from_previous": -0.09666212886179437,
  "components": {
    "raw_sentiment": 81.7829008095315,
    "dampened_sentiment": 69.0697404857189,
    "price_momentum": 100.0,
    "consistency_score": 0.3813948097143779,
    "previous_gsi": 79.2947111206496
  },
  "price_data": {
    "current_price": 5084.28,
    "change_1d_pct": 1.1772853185595622,
    "change_7d_pct": 9.080376911590538,
    "change_30d_pct": 17.165371750274527
  }
}