{
  "timestamp": "2026-02-09T21:18:27.736412+00:00",
  "gsi": 69.52305045921827,
  "classification": "Bullish",
  "change_from_previous": 0.2549813343433982,
  "components": {
    "raw_sentiment": 95.61764746994858,
    "dampened_sentiment": 77.37058848196915,
    "price_momentum": 68.36252760938251,
    "consistency_score": 0.8198387825482671,
    "previous_gsi": 69.26806912487487
  },
  "price_data": {
    "current_price": 4964.62,
    "change_1d_pct": 3.8476784136131315,
    "change_7d_pct": -8.376572504777613,
    "change_30d_pct": 10.831883181174318
  }
}