{
  "timestamp": "2026-01-21T19:51:57.763650+00:00",
  "gsi": 70.7199974114251,
  "classification": "Bullish",
  "change_from_previous": 0.024176282891843925,
  "components": {
    "raw_sentiment": 53.458416094498205,
    "dampened_sentiment": 52.07504965669892,
    "price_momentum": 94.05452881979153,
    "consistency_score": 0.16041041673814793,
    "previous_gsi": 70.69582112853325
  },
  "price_data": {
    "current_price": 4763.37,
    "change_1d_pct": 1.9929147944615977,
    "change_7d_pct": 5.625923018586776,
    "change_30d_pct": 13.449091798979907
  }
}