{
  "timestamp": "2026-01-25T20:44:04.089974+00:00",
  "gsi": 76.47837610792787,
  "classification": "Extremely Bullish",
  "change_from_previous": 0.43697082272815635,
  "components": {
    "raw_sentiment": 83.44388687578794,
    "dampened_sentiment": 70.06633212547277,
    "price_momentum": 100.0,
    "consistency_score": 0.4013266425094554,
    "previous_gsi": 76.04140528519972
  },
  "price_data": {
    "current_price": 4987.545,
    "change_1d_pct": 1.0431407267544657,
    "change_7d_pct": 7.802099825464848,
    "change_30d_pct": 17.94302132414234
  }
}