{
  "timestamp": "2026-02-08T21:52:08.333569+00:00",
  "gsi": 62.526338351454015,
  "classification": "Bullish",
  "change_from_previous": -0.540234417975789,
  "components": {
    "raw_sentiment": 63.3965418558319,
    "dampened_sentiment": 58.03792511349914,
    "price_momentum": 68.36252760938251,
    "consistency_score": 0.7935079500823327,
    "previous_gsi": 63.066572769429804
  },
  "price_data": {
    "current_price": 4964.62,
    "change_1d_pct": 3.8476784136131315,
    "change_7d_pct": -8.376572504777613,
    "change_30d_pct": 10.831883181174318
  }
}