{
  "timestamp": "2026-02-07T01:00:45.372322+00:00",
  "gsi": 56.51221594363179,
  "classification": "Bullish",
  "change_from_previous": 0.8229456232983381,
  "components": {
    "raw_sentiment": 68.1880390343505,
    "dampened_sentiment": 60.912823420610295,
    "price_momentum": 68.36252760938251,
    "consistency_score": 0.8510059162245557,
    "previous_gsi": 55.68927032033345
  },
  "price_data": {
    "current_price": 4964.62,
    "change_1d_pct": 3.8476784136131315,
    "change_7d_pct": -8.376572504777613,
    "change_30d_pct": 10.831883181174318
  }
}