{
  "timestamp": "2026-01-25T15:22:11.551426+00:00",
  "gsi": 77.88818517007815,
  "classification": "Extremely Bullish",
  "change_from_previous": -0.40671756566706563,
  "components": {
    "raw_sentiment": 60.45179909327605,
    "dampened_sentiment": 56.27107945596563,
    "price_momentum": 100.0,
    "consistency_score": 0.12542158911931267,
    "previous_gsi": 78.29490273574521
  },
  "price_data": {
    "current_price": 4987.545,
    "change_1d_pct": 1.0431407267544657,
    "change_7d_pct": 7.802099825464848,
    "change_30d_pct": 17.94302132414234
  }
}