{
  "timestamp": "2026-02-01T14:04:18.141017+00:00",
  "gsi": 61.66670701592023,
  "classification": "Bullish",
  "change_from_previous": -0.866001967005694,
  "components": {
    "raw_sentiment": 35.44925873351496,
    "dampened_sentiment": 41.26955524010898,
    "price_momentum": 75.28282638095078,
    "consistency_score": 0.319734577183164,
    "previous_gsi": 62.532708982925925
  },
  "price_data": {
    "current_price": 4895.44,
    "change_1d_pct": -8.842506298519092,
    "change_7d_pct": 1.3259151629555044,
    "change_30d_pct": 12.854583974014645
  }
}