{
  "timestamp": "2026-02-04T19:46:17.706046+00:00",
  "gsi": 74.78132827668297,
  "classification": "Bullish",
  "change_from_previous": -0.9894029238855921,
  "components": {
    "raw_sentiment": 59.60778781585183,
    "dampened_sentiment": 55.764672689511094,
    "price_momentum": 89.94099110755758,
    "consistency_score": 0.3164736316390703,
    "previous_gsi": 75.77073120056856
  },
  "price_data": {
    "current_price": 4946.805,
    "change_1d_pct": 6.130927861593127,
    "change_7d_pct": -0.8168347353256888,
    "change_30d_pct": 14.014126139581196
  }
}