{
  "timestamp": "2026-02-01T21:21:06.121996+00:00",
  "gsi": 59.01878747801784,
  "classification": "Bullish",
  "change_from_previous": -0.2515024956201586,
  "components": {
    "raw_sentiment": 40.3258075936254,
    "dampened_sentiment": 44.19548455617524,
    "price_momentum": 75.28282638095078,
    "consistency_score": 0.3782531635044891,
    "previous_gsi": 59.270289973638
  },
  "price_data": {
    "current_price": 4895.44,
    "change_1d_pct": -8.842506298519092,
    "change_7d_pct": 1.3259151629555044,
    "change_30d_pct": 12.854583974014645
  }
}