{
  "timestamp": "2026-01-31T23:49:24.872244+00:00",
  "gsi": 60.807689485482406,
  "classification": "Bullish",
  "change_from_previous": -0.19468790176724582,
  "components": {
    "raw_sentiment": 51.001600747570166,
    "dampened_sentiment": 50.6009604485421,
    "price_momentum": 75.28282638095078,
    "consistency_score": 0.5063626813518263,
    "previous_gsi": 61.00237738724965
  },
  "price_data": {
    "current_price": 4895.44,
    "change_1d_pct": -8.842506298519092,
    "change_7d_pct": 1.3259151629555044,
    "change_30d_pct": 12.854583974014645
  }
}