{
  "timestamp": "2026-02-09T16:24:27.211367+00:00",
  "gsi": 66.92974589860552,
  "classification": "Bullish",
  "change_from_previous": 0.9887115250212304,
  "components": {
    "raw_sentiment": 100.0,
    "dampened_sentiment": 80.0,
    "price_momentum": 68.36252760938251,
    "consistency_score": 0.7672505521876503,
    "previous_gsi": 65.94103437358429
  },
  "price_data": {
    "current_price": 4964.62,
    "change_1d_pct": 3.8476784136131315,
    "change_7d_pct": -8.376572504777613,
    "change_30d_pct": 10.831883181174318
  }
}