{
  "timestamp": "2026-01-25T22:42:06.222926+00:00",
  "gsi": 77.50145167776543,
  "classification": "Extremely Bullish",
  "change_from_previous": -0.11718652013516362,
  "components": {
    "raw_sentiment": 70.52508338540575,
    "dampened_sentiment": 62.31505003124345,
    "price_momentum": 100.0,
    "consistency_score": 0.24630100062486904,
    "previous_gsi": 77.6186381979006
  },
  "price_data": {
    "current_price": 4987.545,
    "change_1d_pct": 1.0431407267544657,
    "change_7d_pct": 7.802099825464848,
    "change_30d_pct": 17.94302132414234
  }
}