{
  "timestamp": "2026-01-30T20:59:51.557671+00:00",
  "gsi": 79.40471639176252,
  "classification": "Extremely Bullish",
  "change_from_previous": -0.8369418610064656,
  "components": {
    "raw_sentiment": 50.16803169693219,
    "dampened_sentiment": 50.100819018159314,
    "price_momentum": 100.0,
    "consistency_score": 0.0020163803631862987,
    "previous_gsi": 80.24165825276899
  },
  "price_data": {
    "current_price": 5370.31,
    "change_1d_pct": -0.8894519798357647,
    "change_7d_pct": 12.74181934218841,
    "change_30d_pct": 24.826339859026426
  }
}