{
  "timestamp": "2026-02-10T17:46:37.358499+00:00",
  "gsi": 70.99088986989442,
  "classification": "Bullish",
  "change_from_previous": -0.33354129515313957,
  "components": {
    "raw_sentiment": 87.73523513757421,
    "dampened_sentiment": 72.64114108254452,
    "price_momentum": 72.0758572022717,
    "consistency_score": 0.9886943223945437,
    "previous_gsi": 71.32443116504756
  },
  "price_data": {
    "current_price": 5057.775,
    "change_1d_pct": 1.876377245388361,
    "change_7d_pct": -5.819682662639602,
    "change_30d_pct": 11.571601580337099
  }
}