{
  "timestamp": "2026-01-29T17:03:32.693394+00:00",
  "gsi": 81.01175749053336,
  "classification": "Extremely Bullish",
  "change_from_previous": -0.6514364263438637,
  "components": {
    "raw_sentiment": 73.80204499019855,
    "dampened_sentiment": 64.28122699411914,
    "price_momentum": 100.0,
    "consistency_score": 0.2856245398823828,
    "previous_gsi": 81.66319391687722
  },
  "price_data": {
    "current_price": 5418.505,
    "change_1d_pct": 4.5917239715285385,
    "change_7d_pct": 16.02061540009785,
    "change_30d_pct": 25.868020469649778
  }
}