{
  "timestamp": "2026-01-30T07:37:05.159861+00:00",
  "gsi": 80.74974482712223,
  "classification": "Extremely Bullish",
  "change_from_previous": -0.20645849781421077,
  "components": {
    "raw_sentiment": 86.70711310135827,
    "dampened_sentiment": 72.02426786081496,
    "price_momentum": 100.0,
    "consistency_score": 0.4404853572162992,
    "previous_gsi": 80.95620332493644
  },
  "price_data": {
    "current_price": 5370.31,
    "change_1d_pct": -0.8894519798357647,
    "change_7d_pct": 12.74181934218841,
    "change_30d_pct": 24.826339859026426
  }
}