{
  "timestamp": "2026-01-26T05:58:40.314806+00:00",
  "gsi": 75.2481541751728,
  "classification": "Extremely Bullish",
  "change_from_previous": -0.28623154119044614,
  "components": {
    "raw_sentiment": 45.22024015761129,
    "dampened_sentiment": 47.132144094566776,
    "price_momentum": 100.0,
    "consistency_score": 0.0,
    "previous_gsi": 75.53438571636325
  },
  "price_data": {
    "current_price": 4987.545,
    "change_1d_pct": 1.0431407267544657,
    "change_7d_pct": 7.802099825464848,
    "change_30d_pct": 17.94302132414234
  }
}