{
  "timestamp": "2026-01-24T20:40:53.540375+00:00",
  "gsi": 76.26395457131407,
  "classification": "Extremely Bullish",
  "change_from_previous": -0.06688183889760069,
  "components": {
    "raw_sentiment": 63.1476601134803,
    "dampened_sentiment": 57.88859606808818,
    "price_momentum": 100.0,
    "consistency_score": 0.15777192136176355,
    "previous_gsi": 76.33083641021167
  },
  "price_data": {
    "current_price": 4987.545,
    "change_1d_pct": 1.0431407267544657,
    "change_7d_pct": 7.802099825464848,
    "change_30d_pct": 17.94302132414234
  }
}