{
  "timestamp": "2026-02-06T11:12:31.992566+00:00",
  "gsi": 57.873562718173275,
  "classification": "Bullish",
  "change_from_previous": -1.0933306849603497,
  "components": {
    "raw_sentiment": 53.824639948051946,
    "dampened_sentiment": 52.29478396883117,
    "price_momentum": 51.22598317102006,
    "consistency_score": 0.9786239840437778,
    "previous_gsi": 58.966893403133625
  },
  "price_data": {
    "current_price": 4780.675,
    "change_1d_pct": -3.7019169274371433,
    "change_7d_pct": -7.720110990469298,
    "change_30d_pct": 6.603226633664461
  }
}