{
  "timestamp": "2026-02-09T10:51:48.370134+00:00",
  "gsi": 65.56858688185906,
  "classification": "Bullish",
  "change_from_previous": 0.8058384108581294,
  "components": {
    "raw_sentiment": 93.28448180110904,
    "dampened_sentiment": 75.97068908066542,
    "price_momentum": 68.36252760938251,
    "consistency_score": 0.8478367705743417,
    "previous_gsi": 64.76274847100093
  },
  "price_data": {
    "current_price": 4964.62,
    "change_1d_pct": 3.8476784136131315,
    "change_7d_pct": -8.376572504777613,
    "change_30d_pct": 10.831883181174318
  }
}