{
  "timestamp": "2026-01-28T04:07:51.743055+00:00",
  "gsi": 80.48467283235772,
  "classification": "Extremely Bullish",
  "change_from_previous": 0.2656065357140136,
  "components": {
    "raw_sentiment": 97.84910539413491,
    "dampened_sentiment": 78.70946323648094,
    "price_momentum": 100.0,
    "consistency_score": 0.5741892647296188,
    "previous_gsi": 80.2190662966437
  },
  "price_data": {
    "current_price": 5180.625,
    "change_1d_pct": 3.428913678221157,
    "change_7d_pct": 12.712452570752264,
    "change_30d_pct": 20.495483708905926
  }
}