{
  "timestamp": "2026-02-06T04:38:17.555511+00:00",
  "gsi": 60.05052649736824,
  "classification": "Bullish",
  "change_from_previous": -1.8625375906162915,
  "components": {
    "raw_sentiment": 47.71294428179036,
    "dampened_sentiment": 48.62776656907421,
    "price_momentum": 51.22598317102006,
    "consistency_score": 0.948035667961083,
    "previous_gsi": 61.91306408798453
  },
  "price_data": {
    "current_price": 4780.675,
    "change_1d_pct": -3.7019169274371433,
    "change_7d_pct": -7.720110990469298,
    "change_30d_pct": 6.603226633664461
  }
}