{
  "timestamp": "2026-01-24T05:58:53.780692+00:00",
  "gsi": 78.61692624925917,
  "classification": "Extremely Bullish",
  "change_from_previous": 0.11869640870723686,
  "components": {
    "raw_sentiment": 85.21582950986516,
    "dampened_sentiment": 71.12949770591909,
    "price_momentum": 100.0,
    "consistency_score": 0.42258995411838185,
    "previous_gsi": 78.49822984055193
  },
  "price_data": {
    "current_price": 4987.545,
    "change_1d_pct": 1.0431407267544657,
    "change_7d_pct": 7.802099825464848,
    "change_30d_pct": 17.94302132414234
  }
}