{
  "timestamp": "2026-01-26T10:49:01.890048+00:00",
  "gsi": 74.9496827778505,
  "classification": "Bullish",
  "change_from_previous": 0.21258032294993257,
  "components": {
    "raw_sentiment": 65.38668797973737,
    "dampened_sentiment": 59.23201278784242,
    "price_momentum": 100.0,
    "consistency_score": 0.1846402557568484,
    "previous_gsi": 74.73710245490057
  },
  "price_data": {
    "current_price": 4987.545,
    "change_1d_pct": 1.0431407267544657,
    "change_7d_pct": 7.802099825464848,
    "change_30d_pct": 17.94302132414234
  }
}