{
  "timestamp": "2026-01-23T03:13:04.781685+00:00",
  "gsi": 75.01353342760524,
  "classification": "Extremely Bullish",
  "change_from_previous": -0.23929443050072052,
  "components": {
    "raw_sentiment": 45.36662770666622,
    "dampened_sentiment": 47.219976623999734,
    "price_momentum": 100.0,
    "consistency_score": 0.0,
    "previous_gsi": 75.25282785810596
  },
  "price_data": {
    "current_price": 4936.055,
    "change_1d_pct": 2.1665652463685348,
    "change_7d_pct": 7.633005197334075,
    "change_30d_pct": 17.30405675970166
  }
}