{
  "timestamp": "2026-01-25T15:45:39.100353+00:00",
  "gsi": 77.30473679091847,
  "classification": "Extremely Bullish",
  "change_from_previous": -0.5834483791596767,
  "components": {
    "raw_sentiment": 46.9585868768146,
    "dampened_sentiment": 48.17515212608876,
    "price_momentum": 100.0,
    "consistency_score": 0.0,
    "previous_gsi": 77.88818517007815
  },
  "price_data": {
    "current_price": 4987.545,
    "change_1d_pct": 1.0431407267544657,
    "change_7d_pct": 7.802099825464848,
    "change_30d_pct": 17.94302132414234
  }
}