{
  "timestamp": "2026-02-14T08:23:57.619533+00:00",
  "gsi": 73.79024482469234,
  "classification": "Bullish",
  "change_from_previous": 0.16568982289108192,
  "components": {
    "raw_sentiment": 72.69400221000303,
    "dampened_sentiment": 63.61640132600182,
    "price_momentum": 95.83216698434225,
    "consistency_score": 0.35568468683319143,
    "previous_gsi": 73.62455500180126
  },
  "price_data": {
    "current_price": 5042.74,
    "change_1d_pct": 2.454316793784561,
    "change_7d_pct": 1.576910255002817,
    "change_30d_pct": 16.40499392322139
  }
}