{
  "timestamp": "2026-01-24T23:22:27.707304+00:00",
  "gsi": 75.0108436076408,
  "classification": "Extremely Bullish",
  "change_from_previous": 0.06386358923445812,
  "components": {
    "raw_sentiment": 58.420610513739945,
    "dampened_sentiment": 55.05236630824397,
    "price_momentum": 100.0,
    "consistency_score": 0.10104732616487933,
    "previous_gsi": 74.94698001840634
  },
  "price_data": {
    "current_price": 4987.545,
    "change_1d_pct": 1.0431407267544657,
    "change_7d_pct": 7.802099825464848,
    "change_30d_pct": 17.94302132414234
  }
}