{
  "timestamp": "2026-02-06T17:15:30.504326+00:00",
  "gsi": 57.60937574279913,
  "classification": "Bullish",
  "change_from_previous": -1.3811879215862248,
  "components": {
    "raw_sentiment": 48.515457923063785,
    "dampened_sentiment": 49.10927475383827,
    "price_momentum": 51.22598317102006,
    "consistency_score": 0.9576658316563642,
    "previous_gsi": 58.990563664385355
  },
  "price_data": {
    "current_price": 4780.675,
    "change_1d_pct": -3.7019169274371433,
    "change_7d_pct": -7.720110990469298,
    "change_30d_pct": 6.603226633664461
  }
}