{
  "timestamp": "2026-02-06T14:01:06.888371+00:00",
  "gsi": 59.412225121150584,
  "classification": "Bullish",
  "change_from_previous": 0.27842198730753864,
  "components": {
    "raw_sentiment": 85.17862909029962,
    "dampened_sentiment": 71.10717745417978,
    "price_momentum": 51.22598317102006,
    "consistency_score": 0.6023761143368057,
    "previous_gsi": 59.133803133843045
  },
  "price_data": {
    "current_price": 4780.675,
    "change_1d_pct": -3.7019169274371433,
    "change_7d_pct": -7.720110990469298,
    "change_30d_pct": 6.603226633664461
  }
}