{
  "timestamp": "2026-01-26T07:12:47.334911+00:00",
  "gsi": 75.34866100677972,
  "classification": "Extremely Bullish",
  "change_from_previous": -0.07236171899153021,
  "components": {
    "raw_sentiment": 53.71155858101715,
    "dampened_sentiment": 52.22693514861029,
    "price_momentum": 100.0,
    "consistency_score": 0.044538702972205746,
    "previous_gsi": 75.42102272577125
  },
  "price_data": {
    "current_price": 4987.545,
    "change_1d_pct": 1.0431407267544657,
    "change_7d_pct": 7.802099825464848,
    "change_30d_pct": 17.94302132414234
  }
}