{
  "timestamp": "2026-01-21T23:22:31.465163+00:00",
  "gsi": 71.10712720065511,
  "classification": "Bullish",
  "change_from_previous": 0.053066843786496065,
  "components": {
    "raw_sentiment": 41.132481907135684,
    "dampened_sentiment": 44.67948914428141,
    "price_momentum": 97.2763928822247,
    "consistency_score": 0.0,
    "previous_gsi": 71.05406035686862
  },
  "price_data": {
    "current_price": 4831.38,
    "change_1d_pct": 1.4277706749633134,
    "change_7d_pct": 5.083684055985138,
    "change_30d_pct": 15.28923844931347
  }
}