{
  "timestamp": "2026-02-08T19:07:17.074218+00:00",
  "gsi": 66.89950416170238,
  "classification": "Bullish",
  "change_from_previous": 0.358516547341992,
  "components": {
    "raw_sentiment": 89.91219436857459,
    "dampened_sentiment": 73.94731662114475,
    "price_momentum": 68.36252760938251,
    "consistency_score": 0.8883042197647553,
    "previous_gsi": 66.54098761436039
  },
  "price_data": {
    "current_price": 4964.62,
    "change_1d_pct": 3.8476784136131315,
    "change_7d_pct": -8.376572504777613,
    "change_30d_pct": 10.831883181174318
  }
}