{
  "timestamp": "2026-01-22T02:44:36.080297+00:00",
  "gsi": 71.80369715963776,
  "classification": "Bullish",
  "change_from_previous": 0.15553670732406033,
  "components": {
    "raw_sentiment": 49.8930415006906,
    "dampened_sentiment": 49.93582490041436,
    "price_momentum": 97.2763928822247,
    "consistency_score": 0.05318864036379323,
    "previous_gsi": 71.6481604523137
  },
  "price_data": {
    "current_price": 4831.38,
    "change_1d_pct": 1.4277706749633134,
    "change_7d_pct": 5.083684055985138,
    "change_30d_pct": 15.28923844931347
  }
}