{
  "timestamp": "2026-02-01T11:48:39.033170+00:00",
  "gsi": 63.30677105228466,
  "classification": "Bullish",
  "change_from_previous": -0.13931916386306398,
  "components": {
    "raw_sentiment": 62.89992779412569,
    "dampened_sentiment": 57.739956676475416,
    "price_momentum": 75.28282638095078,
    "consistency_score": 0.6491426059104928,
    "previous_gsi": 63.446090216147724
  },
  "price_data": {
    "current_price": 4895.44,
    "change_1d_pct": -8.842506298519092,
    "change_7d_pct": 1.3259151629555044,
    "change_30d_pct": 12.854583974014645
  }
}