{
  "timestamp": "2026-02-15T16:09:19.428368+00:00",
  "gsi": 77.24065173001884,
  "classification": "Extremely Bullish",
  "change_from_previous": 0.35513452911293086,
  "components": {
    "raw_sentiment": 94.24534458643254,
    "dampened_sentiment": 76.54720675185952,
    "price_momentum": 95.83216698434225,
    "consistency_score": 0.6143007953503454,
    "previous_gsi": 76.88551720090591
  },
  "price_data": {
    "current_price": 5042.74,
    "change_1d_pct": 2.454316793784561,
    "change_7d_pct": 1.576910255002817,
    "change_30d_pct": 16.40499392322139
  }
}