{
  "timestamp": "2026-02-03T17:49:40.519921+00:00",
  "gsi": 61.38597718599987,
  "classification": "Bullish",
  "change_from_previous": 0.2971558969832486,
  "components": {
    "raw_sentiment": 82.46251933847961,
    "dampened_sentiment": 69.47751160308776,
    "price_momentum": 55.80682822902388,
    "consistency_score": 0.7265863325187223,
    "previous_gsi": 61.08882128901662
  },
  "price_data": {
    "current_price": 4661.04,
    "change_1d_pct": -4.7881293612014435,
    "change_7d_pct": -5.571554611932006,
    "change_30d_pct": 7.580915803249333
  }
}