{
  "timestamp": "2026-01-22T19:41:08.826924+00:00",
  "gsi": 75.0874717438803,
  "classification": "Extremely Bullish",
  "change_from_previous": -0.26014467693705967,
  "components": {
    "raw_sentiment": 58.979185339507566,
    "dampened_sentiment": 55.38751120370454,
    "price_momentum": 97.2763928822247,
    "consistency_score": 0.16222236642959686,
    "previous_gsi": 75.34761642081736
  },
  "price_data": {
    "current_price": 4831.38,
    "change_1d_pct": 1.4277706749633134,
    "change_7d_pct": 5.083684055985138,
    "change_30d_pct": 15.28923844931347
  }
}