{
  "timestamp": "2026-02-07T03:36:56.515603+00:00",
  "gsi": 56.79430875655561,
  "classification": "Bullish",
  "change_from_previous": 0.28209281292382116,
  "components": {
    "raw_sentiment": 60.39324973687602,
    "dampened_sentiment": 56.23594984212561,
    "price_momentum": 68.36252760938251,
    "consistency_score": 0.7574684446548621,
    "previous_gsi": 56.51221594363179
  },
  "price_data": {
    "current_price": 4964.62,
    "change_1d_pct": 3.8476784136131315,
    "change_7d_pct": -8.376572504777613,
    "change_30d_pct": 10.831883181174318
  }
}