{
  "timestamp": "2026-01-26T23:59:52.277682+00:00",
  "gsi": 78.18334569227301,
  "classification": "Extremely Bullish",
  "change_from_previous": 0.13012106468596585,
  "components": {
    "raw_sentiment": 83.26163317545941,
    "dampened_sentiment": 69.95697990527565,
    "price_momentum": 100.0,
    "consistency_score": 0.3991395981055129,
    "previous_gsi": 78.05322462758704
  },
  "price_data": {
    "current_price": 5008.875,
    "change_1d_pct": 0.4276653142979203,
    "change_7d_pct": 8.510216549250016,
    "change_30d_pct": 17.050164105667932
  }
}