{
  "timestamp": "2026-01-29T20:49:21.121223+00:00",
  "gsi": 79.62028840044275,
  "classification": "Extremely Bullish",
  "change_from_previous": -0.2789066425379474,
  "components": {
    "raw_sentiment": 78.28094717877794,
    "dampened_sentiment": 66.96856830726676,
    "price_momentum": 100.0,
    "consistency_score": 0.33937136614533525,
    "previous_gsi": 79.8991950429807
  },
  "price_data": {
    "current_price": 5418.505,
    "change_1d_pct": 4.5917239715285385,
    "change_7d_pct": 16.02061540009785,
    "change_30d_pct": 25.868020469649778
  }
}