{
  "timestamp": "2026-02-10T22:30:28.426173+00:00",
  "gsi": 70.41765164160856,
  "classification": "Bullish",
  "change_from_previous": 0.48670219311858887,
  "components": {
    "raw_sentiment": 71.85253290114977,
    "dampened_sentiment": 63.111519740689864,
    "price_momentum": 93.29037045377095,
    "consistency_score": 0.3964229857383783,
    "previous_gsi": 69.93094944848997
  },
  "price_data": {
    "current_price": 5025.12,
    "change_1d_pct": -0.645639634028794,
    "change_7d_pct": 2.648995800173237,
    "change_30d_pct": 15.985006555015957
  }
}