{
  "timestamp": "2026-01-22T19:02:46.582887+00:00",
  "gsi": 75.34761642081736,
  "classification": "Extremely Bullish",
  "change_from_previous": -0.27731123013239767,
  "components": {
    "raw_sentiment": 60.33578874606439,
    "dampened_sentiment": 56.20147324763863,
    "price_momentum": 97.2763928822247,
    "consistency_score": 0.1785016073082787,
    "previous_gsi": 75.62492765094976
  },
  "price_data": {
    "current_price": 4831.38,
    "change_1d_pct": 1.4277706749633134,
    "change_7d_pct": 5.083684055985138,
    "change_30d_pct": 15.28923844931347
  }
}