{
  "timestamp": "2026-02-01T19:22:05.938606+00:00",
  "gsi": 59.8029506773544,
  "classification": "Bullish",
  "change_from_previous": -0.19331030113031034,
  "components": {
    "raw_sentiment": 46.203949410067324,
    "dampened_sentiment": 47.72236964604039,
    "price_momentum": 75.28282638095078,
    "consistency_score": 0.44879086530179224,
    "previous_gsi": 59.99626097848471
  },
  "price_data": {
    "current_price": 4895.44,
    "change_1d_pct": -8.842506298519092,
    "change_7d_pct": 1.3259151629555044,
    "change_30d_pct": 12.854583974014645
  }
}