{
  "timestamp": "2026-02-03T13:56:19.339516+00:00",
  "gsi": 59.24135566807547,
  "classification": "Bullish",
  "change_from_previous": 1.2888197687836538,
  "components": {
    "raw_sentiment": 100.0,
    "dampened_sentiment": 80.0,
    "price_momentum": 55.80682822902388,
    "consistency_score": 0.5161365645804776,
    "previous_gsi": 57.95253589929182
  },
  "price_data": {
    "current_price": 4661.04,
    "change_1d_pct": -4.7881293612014435,
    "change_7d_pct": -5.571554611932006,
    "change_30d_pct": 7.580915803249333
  }
}