{
  "timestamp": "2026-02-12T13:48:16.986678+00:00",
  "gsi": 79.79087860110192,
  "classification": "Extremely Bullish",
  "change_from_previous": 0.4787861292172977,
  "components": {
    "raw_sentiment": 100.0,
    "dampened_sentiment": 80.0,
    "price_momentum": 100.0,
    "consistency_score": 0.6,
    "previous_gsi": 79.31209247188463
  },
  "price_data": {
    "current_price": 5084.28,
    "change_1d_pct": 1.1772853185595622,
    "change_7d_pct": 9.080376911590538,
    "change_30d_pct": 17.165371750274527
  }
}