{
  "timestamp": "2026-01-31T17:25:36.005205+00:00",
  "gsi": 64.97675005885543,
  "classification": "Bullish",
  "change_from_previous": -0.8665112971451094,
  "components": {
    "raw_sentiment": 52.65596608921833,
    "dampened_sentiment": 51.593579653531,
    "price_momentum": 75.28282638095078,
    "consistency_score": 0.5262150654516045,
    "previous_gsi": 65.84326135600054
  },
  "price_data": {
    "current_price": 4895.44,
    "change_1d_pct": -8.842506298519092,
    "change_7d_pct": 1.3259151629555044,
    "change_30d_pct": 12.854583974014645
  }
}