{
  "timestamp": "2026-01-23T14:43:31.561217+00:00",
  "gsi": 79.67593861956071,
  "classification": "Extremely Bullish",
  "change_from_previous": -0.2306023802062498,
  "components": {
    "raw_sentiment": 80.20022901070504,
    "dampened_sentiment": 68.12013740642303,
    "price_momentum": 100.0,
    "consistency_score": 0.3624027481284605,
    "previous_gsi": 79.90654099976696
  },
  "price_data": {
    "current_price": 4936.055,
    "change_1d_pct": 2.1665652463685348,
    "change_7d_pct": 7.633005197334075,
    "change_30d_pct": 17.30405675970166
  }
}