{
  "timestamp": "2026-01-24T10:50:04.052967+00:00",
  "gsi": 79.37539091149644,
  "classification": "Extremely Bullish",
  "change_from_previous": -0.020857034214373016,
  "components": {
    "raw_sentiment": 85.04722829520048,
    "dampened_sentiment": 71.02833697712029,
    "price_momentum": 100.0,
    "consistency_score": 0.42056673954240575,
    "previous_gsi": 79.39624794571081
  },
  "price_data": {
    "current_price": 4987.545,
    "change_1d_pct": 1.0431407267544657,
    "change_7d_pct": 7.802099825464848,
    "change_30d_pct": 17.94302132414234
  }
}