{
  "timestamp": "2026-02-02T07:41:02.713126+00:00",
  "gsi": 59.44751154476648,
  "classification": "Bullish",
  "change_from_previous": -0.6843938068774165,
  "components": {
    "raw_sentiment": 27.463865186674536,
    "dampened_sentiment": 36.47831911200472,
    "price_momentum": 75.28282638095078,
    "consistency_score": 0.22390985462107882,
    "previous_gsi": 60.131905351643894
  },
  "price_data": {
    "current_price": 4895.44,
    "change_1d_pct": -8.842506298519092,
    "change_7d_pct": 1.3259151629555044,
    "change_30d_pct": 12.854583974014645
  }
}