{
  "timestamp": "2026-01-29T17:53:47.960101+00:00",
  "gsi": 80.88531258926315,
  "classification": "Extremely Bullish",
  "change_from_previous": -0.12644490127020447,
  "components": {
    "raw_sentiment": 89.62004574747868,
    "dampened_sentiment": 73.77202744848721,
    "price_momentum": 100.0,
    "consistency_score": 0.4754405489697442,
    "previous_gsi": 81.01175749053336
  },
  "price_data": {
    "current_price": 5418.505,
    "change_1d_pct": 4.5917239715285385,
    "change_7d_pct": 16.02061540009785,
    "change_30d_pct": 25.868020469649778
  }
}