{
  "timestamp": "2026-02-07T08:49:45.447648+00:00",
  "gsi": 61.55224315947851,
  "classification": "Bullish",
  "change_from_previous": 1.1971312108717598,
  "components": {
    "raw_sentiment": 88.24521609904568,
    "dampened_sentiment": 72.9471296594274,
    "price_momentum": 68.36252760938251,
    "consistency_score": 0.9083079589991021,
    "previous_gsi": 60.35511194860675
  },
  "price_data": {
    "current_price": 4964.62,
    "change_1d_pct": 3.8476784136131315,
    "change_7d_pct": -8.376572504777613,
    "change_30d_pct": 10.831883181174318
  }
}