{
  "timestamp": "2026-02-03T14:44:23.097196+00:00",
  "gsi": 59.51621331755994,
  "classification": "Bullish",
  "change_from_previous": 0.274857649484467,
  "components": {
    "raw_sentiment": 76.87114509683714,
    "dampened_sentiment": 66.12268705810229,
    "price_momentum": 55.80682822902388,
    "consistency_score": 0.7936828234184319,
    "previous_gsi": 59.24135566807547
  },
  "price_data": {
    "current_price": 4661.04,
    "change_1d_pct": -4.7881293612014435,
    "change_7d_pct": -5.571554611932006,
    "change_30d_pct": 7.580915803249333
  }
}