{
  "timestamp": "2026-02-04T20:10:57.123031+00:00",
  "gsi": 74.72623710380323,
  "classification": "Bullish",
  "change_from_previous": -0.055091172879741634,
  "components": {
    "raw_sentiment": 85.10602005864023,
    "dampened_sentiment": 71.06361203518414,
    "price_momentum": 89.94099110755758,
    "consistency_score": 0.6224524185525311,
    "previous_gsi": 74.78132827668297
  },
  "price_data": {
    "current_price": 4946.805,
    "change_1d_pct": 6.130927861593127,
    "change_7d_pct": -0.8168347353256888,
    "change_30d_pct": 14.014126139581196
  }
}