{
  "timestamp": "2026-01-24T14:58:47.568158+00:00",
  "gsi": 80.95226714483258,
  "classification": "Extremely Bullish",
  "change_from_previous": 0.15304008959876114,
  "components": {
    "raw_sentiment": 97.12184563600219,
    "dampened_sentiment": 78.2731073816013,
    "price_momentum": 100.0,
    "consistency_score": 0.5654621476320261,
    "previous_gsi": 80.79922705523381
  },
  "price_data": {
    "current_price": 4987.545,
    "change_1d_pct": 1.0431407267544657,
    "change_7d_pct": 7.802099825464848,
    "change_30d_pct": 17.94302132414234
  }
}