{
  "timestamp": "2026-01-29T21:24:06.620587+00:00",
  "gsi": 79.65575240693559,
  "classification": "Extremely Bullish",
  "change_from_previous": 0.035464006492844646,
  "components": {
    "raw_sentiment": 88.09453482078001,
    "dampened_sentiment": 72.856720892468,
    "price_momentum": 100.0,
    "consistency_score": 0.45713441784936004,
    "previous_gsi": 79.62028840044275
  },
  "price_data": {
    "current_price": 5418.505,
    "change_1d_pct": 4.5917239715285385,
    "change_7d_pct": 16.02061540009785,
    "change_30d_pct": 25.868020469649778
  }
}