{
  "timestamp": "2026-01-24T13:08:21.461833+00:00",
  "gsi": 80.57421665424332,
  "classification": "Extremely Bullish",
  "change_from_previous": -0.29662984775100654,
  "components": {
    "raw_sentiment": 83.1137230066882,
    "dampened_sentiment": 69.86823380401292,
    "price_momentum": 100.0,
    "consistency_score": 0.3973646760802584,
    "previous_gsi": 80.87084650199432
  },
  "price_data": {
    "current_price": 4987.545,
    "change_1d_pct": 1.0431407267544657,
    "change_7d_pct": 7.802099825464848,
    "change_30d_pct": 17.94302132414234
  }
}