{
  "timestamp": "2026-01-23T20:46:13.620742+00:00",
  "gsi": 77.41548237343078,
  "classification": "Extremely Bullish",
  "change_from_previous": 0.023315304133163295,
  "components": {
    "raw_sentiment": 75.26408785090904,
    "dampened_sentiment": 65.15845271054542,
    "price_momentum": 100.0,
    "consistency_score": 0.30316905421090834,
    "previous_gsi": 77.39216706929761
  },
  "price_data": {
    "current_price": 4936.055,
    "change_1d_pct": 2.1665652463685348,
    "change_7d_pct": 7.633005197334075,
    "change_30d_pct": 17.30405675970166
  }
}