{
  "timestamp": "2026-01-27T11:22:27.007244+00:00",
  "gsi": 81.57317093154695,
  "classification": "Extremely Bullish",
  "change_from_previous": -0.27669204953961923,
  "components": {
    "raw_sentiment": 88.82547382183152,
    "dampened_sentiment": 73.29528429309892,
    "price_momentum": 100.0,
    "consistency_score": 0.46590568586197834,
    "previous_gsi": 81.84986298108657
  },
  "price_data": {
    "current_price": 5008.875,
    "change_1d_pct": 0.4276653142979203,
    "change_7d_pct": 8.510216549250016,
    "change_30d_pct": 17.050164105667932
  }
}