{
  "timestamp": "2026-02-14T22:45:44.196071+00:00",
  "gsi": 77.47106761167505,
  "classification": "Extremely Bullish",
  "change_from_previous": -0.12494707540324157,
  "components": {
    "raw_sentiment": 83.33084841205547,
    "dampened_sentiment": 69.99850904723328,
    "price_momentum": 95.83216698434225,
    "consistency_score": 0.48332684125782066,
    "previous_gsi": 77.5960146870783
  },
  "price_data": {
    "current_price": 5042.74,
    "change_1d_pct": 2.454316793784561,
    "change_7d_pct": 1.576910255002817,
    "change_30d_pct": 16.40499392322139
  }
}