{
  "timestamp": "2026-01-23T05:47:15.319191+00:00",
  "gsi": 76.18941369300639,
  "classification": "Extremely Bullish",
  "change_from_previous": 0.5699722504824081,
  "components": {
    "raw_sentiment": 85.88709781458306,
    "dampened_sentiment": 71.53225868874983,
    "price_momentum": 100.0,
    "consistency_score": 0.43064517377499667,
    "previous_gsi": 75.61944144252398
  },
  "price_data": {
    "current_price": 4936.055,
    "change_1d_pct": 2.1665652463685348,
    "change_7d_pct": 7.633005197334075,
    "change_30d_pct": 17.30405675970166
  }
}