{
  "timestamp": "2026-01-24T23:43:17.332357+00:00",
  "gsi": 75.26962875480615,
  "classification": "Extremely Bullish",
  "change_from_previous": 0.25878514716535506,
  "components": {
    "raw_sentiment": 69.80400801608842,
    "dampened_sentiment": 61.88240480965305,
    "price_momentum": 100.0,
    "consistency_score": 0.23764809619306104,
    "previous_gsi": 75.0108436076408
  },
  "price_data": {
    "current_price": 4987.545,
    "change_1d_pct": 1.0431407267544657,
    "change_7d_pct": 7.802099825464848,
    "change_30d_pct": 17.94302132414234
  }
}