{
  "timestamp": "2026-01-25T01:15:12.794985+00:00",
  "gsi": 75.44466002530433,
  "classification": "Extremely Bullish",
  "change_from_previous": 0.006395798779621487,
  "components": {
    "raw_sentiment": 59.48027882878487,
    "dampened_sentiment": 55.68816729727092,
    "price_momentum": 100.0,
    "consistency_score": 0.11376334594541848,
    "previous_gsi": 75.43826422652471
  },
  "price_data": {
    "current_price": 4987.545,
    "change_1d_pct": 1.0431407267544657,
    "change_7d_pct": 7.802099825464848,
    "change_30d_pct": 17.94302132414234
  }
}