{
  "timestamp": "2026-02-09T15:22:43.331397+00:00",
  "gsi": 65.94103437358429,
  "classification": "Bullish",
  "change_from_previous": 1.1631900294367483,
  "components": {
    "raw_sentiment": 100.0,
    "dampened_sentiment": 80.0,
    "price_momentum": 68.36252760938251,
    "consistency_score": 0.7672505521876503,
    "previous_gsi": 64.77784434414754
  },
  "price_data": {
    "current_price": 4964.62,
    "change_1d_pct": 3.8476784136131315,
    "change_7d_pct": -8.376572504777613,
    "change_30d_pct": 10.831883181174318
  }
}