{
  "timestamp": "2026-02-06T05:49:03.846596+00:00",
  "gsi": 58.013630371484965,
  "classification": "Bullish",
  "change_from_previous": -2.036896125883274,
  "components": {
    "raw_sentiment": 39.23975709487291,
    "dampened_sentiment": 43.543854256923744,
    "price_momentum": 51.22598317102006,
    "consistency_score": 0.8463574217180736,
    "previous_gsi": 60.05052649736824
  },
  "price_data": {
    "current_price": 4780.675,
    "change_1d_pct": -3.7019169274371433,
    "change_7d_pct": -7.720110990469298,
    "change_30d_pct": 6.603226633664461
  }
}