{
  "timestamp": "2026-01-24T11:54:06.977665+00:00",
  "gsi": 80.58264294352273,
  "classification": "Extremely Bullish",
  "change_from_previous": 0.3390630099665657,
  "components": {
    "raw_sentiment": 100.0,
    "dampened_sentiment": 80.0,
    "price_momentum": 100.0,
    "consistency_score": 0.6,
    "previous_gsi": 80.24357993355616
  },
  "price_data": {
    "current_price": 4987.545,
    "change_1d_pct": 1.0431407267544657,
    "change_7d_pct": 7.802099825464848,
    "change_30d_pct": 17.94302132414234
  }
}