{
  "timestamp": "2026-02-02T17:14:12.963837+00:00",
  "gsi": 66.82926209412264,
  "classification": "Bullish",
  "change_from_previous": 1.2320367215800303,
  "components": {
    "raw_sentiment": 98.6377669167143,
    "dampened_sentiment": 79.18266015002858,
    "price_momentum": 75.28282638095078,
    "consistency_score": 0.922003324618444,
    "previous_gsi": 65.59722537254261
  },
  "price_data": {
    "current_price": 4895.44,
    "change_1d_pct": -8.842506298519092,
    "change_7d_pct": 1.3259151629555044,
    "change_30d_pct": 12.854583974014645
  }
}