{
  "timestamp": "2026-02-03T19:45:50.766491+00:00",
  "gsi": 61.37411501563433,
  "classification": "Bullish",
  "change_from_previous": 0.06147499354433705,
  "components": {
    "raw_sentiment": 78.68832524925618,
    "dampened_sentiment": 67.2129951495537,
    "price_momentum": 55.80682822902388,
    "consistency_score": 0.7718766615894035,
    "previous_gsi": 61.312640022089994
  },
  "price_data": {
    "current_price": 4661.04,
    "change_1d_pct": -4.7881293612014435,
    "change_7d_pct": -5.571554611932006,
    "change_30d_pct": 7.580915803249333
  }
}