{
  "timestamp": "2026-01-23T10:09:49.003704+00:00",
  "gsi": 79.1766946719504,
  "classification": "Extremely Bullish",
  "change_from_previous": -0.025025956360366308,
  "components": {
    "raw_sentiment": 83.87405674304715,
    "dampened_sentiment": 70.32443404582828,
    "price_momentum": 100.0,
    "consistency_score": 0.40648868091656565,
    "previous_gsi": 79.20172062831077
  },
  "price_data": {
    "current_price": 4936.055,
    "change_1d_pct": 2.1665652463685348,
    "change_7d_pct": 7.633005197334075,
    "change_30d_pct": 17.30405675970166
  }
}