{
  "timestamp": "2026-02-11T12:20:46.915265+00:00",
  "gsi": 73.58488835570239,
  "classification": "Bullish",
  "change_from_previous": -0.14823169815903725,
  "components": {
    "raw_sentiment": 69.46665754648104,
    "dampened_sentiment": 61.679994527888624,
    "price_momentum": 93.29037045377095,
    "consistency_score": 0.36779248148235355,
    "previous_gsi": 73.73312005386143
  },
  "price_data": {
    "current_price": 5025.12,
    "change_1d_pct": -0.645639634028794,
    "change_7d_pct": 2.648995800173237,
    "change_30d_pct": 15.985006555015957
  }
}