{
  "timestamp": "2026-01-26T11:45:44.670142+00:00",
  "gsi": 75.56770090350756,
  "classification": "Extremely Bullish",
  "change_from_previous": 0.22451874930996496,
  "components": {
    "raw_sentiment": 70.54327482032815,
    "dampened_sentiment": 62.32596489219689,
    "price_momentum": 100.0,
    "consistency_score": 0.2465192978439379,
    "previous_gsi": 75.34318215419759
  },
  "price_data": {
    "current_price": 4987.545,
    "change_1d_pct": 1.0431407267544657,
    "change_7d_pct": 7.802099825464848,
    "change_30d_pct": 17.94302132414234
  }
}