{
  "timestamp": "2026-02-02T23:24:52.116577+00:00",
  "gsi": 65.52334464255347,
  "classification": "Bullish",
  "change_from_previous": -1.4108120290150055,
  "components": {
    "raw_sentiment": 66.94118192269099,
    "dampened_sentiment": 60.164709153614595,
    "price_momentum": 55.80682822902388,
    "consistency_score": 0.9128423815081856,
    "previous_gsi": 66.93415667156847
  },
  "price_data": {
    "current_price": 4661.04,
    "change_1d_pct": -4.7881293612014435,
    "change_7d_pct": -5.571554611932006,
    "change_30d_pct": 7.580915803249333
  }
}