{
  "timestamp": "2026-01-31T02:57:55.100943+00:00",
  "gsi": 73.30602530115097,
  "classification": "Bullish",
  "change_from_previous": -1.87034057269274,
  "components": {
    "raw_sentiment": 63.636712416901005,
    "dampened_sentiment": 58.1820274501406,
    "price_momentum": 75.28282638095078,
    "consistency_score": 0.6579840213837964,
    "previous_gsi": 75.17636587384371
  },
  "price_data": {
    "current_price": 4895.44,
    "change_1d_pct": -8.842506298519092,
    "change_7d_pct": 1.3259151629555044,
    "change_30d_pct": 12.854583974014645
  }
}