{
  "timestamp": "2026-01-25T11:01:38.016897+00:00",
  "gsi": 77.24924463134705,
  "classification": "Extremely Bullish",
  "change_from_previous": -0.4589893390803468,
  "components": {
    "raw_sentiment": 49.992087036531956,
    "dampened_sentiment": 49.99525222191917,
    "price_momentum": 100.0,
    "consistency_score": 0.0,
    "previous_gsi": 77.7082339704274
  },
  "price_data": {
    "current_price": 4987.545,
    "change_1d_pct": 1.0431407267544657,
    "change_7d_pct": 7.802099825464848,
    "change_30d_pct": 17.94302132414234
  }
}