{
  "timestamp": "2026-02-07T05:57:07.563977+00:00",
  "gsi": 59.997076710399455,
  "classification": "Bullish",
  "change_from_previous": 1.4754371269191608,
  "components": {
    "raw_sentiment": 88.30656178118252,
    "dampened_sentiment": 72.98393706870951,
    "price_momentum": 68.36252760938251,
    "consistency_score": 0.9075718108134601,
    "previous_gsi": 58.521639583480294
  },
  "price_data": {
    "current_price": 4964.62,
    "change_1d_pct": 3.8476784136131315,
    "change_7d_pct": -8.376572504777613,
    "change_30d_pct": 10.831883181174318
  }
}