{
  "timestamp": "2026-02-06T21:10:10.488449+00:00",
  "gsi": 52.34967322155327,
  "classification": "Neutral",
  "change_from_previous": -0.3989347989994698,
  "components": {
    "raw_sentiment": 49.373717045600785,
    "dampened_sentiment": 49.62423022736047,
    "price_momentum": 51.22598317102006,
    "consistency_score": 0.9679649411268082,
    "previous_gsi": 52.74860802055274
  },
  "price_data": {
    "current_price": 4780.675,
    "change_1d_pct": -3.7019169274371433,
    "change_7d_pct": -7.720110990469298,
    "change_30d_pct": 6.603226633664461
  }
}