{
  "timestamp": "2026-01-23T23:48:06.658591+00:00",
  "gsi": 78.67988869889015,
  "classification": "Extremely Bullish",
  "change_from_previous": 0.367531492352569,
  "components": {
    "raw_sentiment": 92.42106404942231,
    "dampened_sentiment": 75.45263842965339,
    "price_momentum": 100.0,
    "consistency_score": 0.5090527685930678,
    "previous_gsi": 78.31235720653758
  },
  "price_data": {
    "current_price": 4987.545,
    "change_1d_pct": 1.0431407267544657,
    "change_7d_pct": 7.802099825464848,
    "change_30d_pct": 17.94302132414234
  }
}