{
  "timestamp": "2026-02-05T10:13:51.784446+00:00",
  "gsi": 71.45257875823869,
  "classification": "Bullish",
  "change_from_previous": 0.6387146673950497,
  "components": {
    "raw_sentiment": 100.0,
    "dampened_sentiment": 80.0,
    "price_momentum": 78.32141911167582,
    "consistency_score": 0.9664283822335165,
    "previous_gsi": 70.81386409084364
  },
  "price_data": {
    "current_price": 4964.455,
    "change_1d_pct": 0.35679595213475856,
    "change_7d_pct": -0.8868258840557974,
    "change_30d_pct": 11.717944794249902
  }
}