{
  "timestamp": "2026-01-27T10:51:00.563090+00:00",
  "gsi": 81.84986298108657,
  "classification": "Extremely Bullish",
  "change_from_previous": 0.06889528780311593,
  "components": {
    "raw_sentiment": 98.90515548772989,
    "dampened_sentiment": 79.34309329263793,
    "price_momentum": 100.0,
    "consistency_score": 0.5868618658527587,
    "previous_gsi": 81.78096769328346
  },
  "price_data": {
    "current_price": 5008.875,
    "change_1d_pct": 0.4276653142979203,
    "change_7d_pct": 8.510216549250016,
    "change_30d_pct": 17.050164105667932
  }
}