{
  "timestamp": "2026-01-25T11:53:34.188333+00:00",
  "gsi": 76.79847529522965,
  "classification": "Extremely Bullish",
  "change_from_previous": -0.07810530015680683,
  "components": {
    "raw_sentiment": 66.97568440178489,
    "dampened_sentiment": 60.18541064107093,
    "price_momentum": 100.0,
    "consistency_score": 0.2037082128214186,
    "previous_gsi": 76.87658059538646
  },
  "price_data": {
    "current_price": 4987.545,
    "change_1d_pct": 1.0431407267544657,
    "change_7d_pct": 7.802099825464848,
    "change_30d_pct": 17.94302132414234
  }
}