{
  "timestamp": "2026-02-11T05:26:57.204053+00:00",
  "gsi": 72.93758596601509,
  "classification": "Bullish",
  "change_from_previous": 0.287639156282097,
  "components": {
    "raw_sentiment": 78.92734099085403,
    "dampened_sentiment": 67.35640459451241,
    "price_momentum": 93.29037045377095,
    "consistency_score": 0.4813206828148293,
    "previous_gsi": 72.649946809733
  },
  "price_data": {
    "current_price": 5025.12,
    "change_1d_pct": -0.645639634028794,
    "change_7d_pct": 2.648995800173237,
    "change_30d_pct": 15.985006555015957
  }
}