{
  "timestamp": "2026-01-28T08:06:22.630541+00:00",
  "gsi": 79.21887241704397,
  "classification": "Extremely Bullish",
  "change_from_previous": 0.029843539079209336,
  "components": {
    "raw_sentiment": 85.72600544637321,
    "dampened_sentiment": 71.43560326782392,
    "price_momentum": 100.0,
    "consistency_score": 0.42871206535647843,
    "previous_gsi": 79.18902887796476
  },
  "price_data": {
    "current_price": 5180.625,
    "change_1d_pct": 3.428913678221157,
    "change_7d_pct": 12.712452570752264,
    "change_30d_pct": 20.495483708905926
  }
}