{
  "timestamp": "2026-02-04T01:01:20.698979+00:00",
  "gsi": 68.97838832374315,
  "classification": "Bullish",
  "change_from_previous": 1.0815229506855388,
  "components": {
    "raw_sentiment": 91.79850320784499,
    "dampened_sentiment": 75.07910192470699,
    "price_momentum": 89.94099110755758,
    "consistency_score": 0.7027622163429882,
    "previous_gsi": 67.89686537305761
  },
  "price_data": {
    "current_price": 4946.805,
    "change_1d_pct": 6.130927861593127,
    "change_7d_pct": -0.8168347353256888,
    "change_30d_pct": 14.014126139581196
  }
}