{
  "timestamp": "2026-01-23T18:01:09.601201+00:00",
  "gsi": 78.39261543308123,
  "classification": "Extremely Bullish",
  "change_from_previous": -0.38054634864407433,
  "components": {
    "raw_sentiment": 66.04041444247486,
    "dampened_sentiment": 59.62424866548491,
    "price_momentum": 100.0,
    "consistency_score": 0.19248497330969827,
    "previous_gsi": 78.7731617817253
  },
  "price_data": {
    "current_price": 4936.055,
    "change_1d_pct": 2.1665652463685348,
    "change_7d_pct": 7.633005197334075,
    "change_30d_pct": 17.30405675970166
  }
}