{
  "timestamp": "2026-02-03T16:46:04.555376+00:00",
  "gsi": 61.08882128901662,
  "classification": "Bullish",
  "change_from_previous": 0.7461223559032746,
  "components": {
    "raw_sentiment": 94.61565735489947,
    "dampened_sentiment": 76.76939441293968,
    "price_momentum": 55.80682822902388,
    "consistency_score": 0.580748676321684,
    "previous_gsi": 60.34269893311335
  },
  "price_data": {
    "current_price": 4661.04,
    "change_1d_pct": -4.7881293612014435,
    "change_7d_pct": -5.571554611932006,
    "change_30d_pct": 7.580915803249333
  }
}