{
  "timestamp": "2026-01-29T07:18:37.518345+00:00",
  "gsi": 80.19534654516009,
  "classification": "Extremely Bullish",
  "change_from_previous": 0.3693967553896158,
  "components": {
    "raw_sentiment": 99.10705422242974,
    "dampened_sentiment": 79.46423253345785,
    "price_momentum": 100.0,
    "consistency_score": 0.5892846506691569,
    "previous_gsi": 79.82594978977048
  },
  "price_data": {
    "current_price": 5418.505,
    "change_1d_pct": 4.5917239715285385,
    "change_7d_pct": 16.02061540009785,
    "change_30d_pct": 25.868020469649778
  }
}