{
  "timestamp": "2026-01-23T17:40:38.126740+00:00",
  "gsi": 78.7731617817253,
  "classification": "Extremely Bullish",
  "change_from_previous": -0.9509694889289761,
  "components": {
    "raw_sentiment": 44.09119830903081,
    "dampened_sentiment": 46.45471898541849,
    "price_momentum": 100.0,
    "consistency_score": 0.0,
    "previous_gsi": 79.72413127065428
  },
  "price_data": {
    "current_price": 4936.055,
    "change_1d_pct": 2.1665652463685348,
    "change_7d_pct": 7.633005197334075,
    "change_30d_pct": 17.30405675970166
  }
}