{
  "timestamp": "2026-01-21T14:52:23.878980+00:00",
  "gsi": 69.45314434119321,
  "classification": "Bullish",
  "change_from_previous": 0.3903084249780875,
  "components": {
    "raw_sentiment": 59.76878687652473,
    "dampened_sentiment": 55.86127212591484,
    "price_momentum": 94.05452881979153,
    "consistency_score": 0.23613486612246615,
    "previous_gsi": 69.06283591621512
  },
  "price_data": {
    "current_price": 4763.37,
    "change_1d_pct": 1.9929147944615977,
    "change_7d_pct": 5.625923018586776,
    "change_30d_pct": 13.449091798979907
  }
}