{
  "timestamp": "2026-02-12T17:54:42.251574+00:00",
  "gsi": 79.88484823764827,
  "classification": "Extremely Bullish",
  "change_from_previous": 0.3683036918742886,
  "components": {
    "raw_sentiment": 97.77312913276155,
    "dampened_sentiment": 78.66387747965693,
    "price_momentum": 100.0,
    "consistency_score": 0.5732775495931386,
    "previous_gsi": 79.51654454577398
  },
  "price_data": {
    "current_price": 5084.28,
    "change_1d_pct": 1.1772853185595622,
    "change_7d_pct": 9.080376911590538,
    "change_30d_pct": 17.165371750274527
  }
}