{
  "timestamp": "2026-01-22T00:09:34.460564+00:00",
  "gsi": 71.77686296595648,
  "classification": "Bullish",
  "change_from_previous": 0.26581971547498995,
  "components": {
    "raw_sentiment": 56.05007679922971,
    "dampened_sentiment": 53.63004607953783,
    "price_momentum": 97.2763928822247,
    "consistency_score": 0.1270730639462626,
    "previous_gsi": 71.51104325048149
  },
  "price_data": {
    "current_price": 4831.38,
    "change_1d_pct": 1.4277706749633134,
    "change_7d_pct": 5.083684055985138,
    "change_30d_pct": 15.28923844931347
  }
}