{
  "timestamp": "2026-02-11T10:41:20.126442+00:00",
  "gsi": 73.3474778720385,
  "classification": "Bullish",
  "change_from_previous": -0.45911328465574286,
  "components": {
    "raw_sentiment": 56.50507038306637,
    "dampened_sentiment": 53.90304222983982,
    "price_momentum": 93.29037045377095,
    "consistency_score": 0.21225343552137743,
    "previous_gsi": 73.80659115669424
  },
  "price_data": {
    "current_price": 5025.12,
    "change_1d_pct": -0.645639634028794,
    "change_7d_pct": 2.648995800173237,
    "change_30d_pct": 15.985006555015957
  }
}