{
  "timestamp": "2026-01-30T14:14:00.710525+00:00",
  "gsi": 81.45356230043913,
  "classification": "Extremely Bullish",
  "change_from_previous": -0.321226382570444,
  "components": {
    "raw_sentiment": 86.9776001484754,
    "dampened_sentiment": 72.18656008908525,
    "price_momentum": 100.0,
    "consistency_score": 0.443731201781705,
    "previous_gsi": 81.77478868300958
  },
  "price_data": {
    "current_price": 5370.31,
    "change_1d_pct": -0.8894519798357647,
    "change_7d_pct": 12.74181934218841,
    "change_30d_pct": 24.826339859026426
  }
}