{
  "timestamp": "2026-02-13T18:11:27.087080+00:00",
  "gsi": 72.42119869577363,
  "classification": "Bullish",
  "change_from_previous": -0.6779955838604081,
  "components": {
    "raw_sentiment": 80.1029602633277,
    "dampened_sentiment": 68.06177615799662,
    "price_momentum": 80.71555649630065,
    "consistency_score": 0.7469243932339193,
    "previous_gsi": 73.09919427963403
  },
  "price_data": {
    "current_price": 4921.94,
    "change_1d_pct": -3.1929791435562183,
    "change_7d_pct": -0.5026476685456749,
    "change_30d_pct": 13.865002857070152
  }
}