{
  "timestamp": "2026-02-16T01:05:15.395335+00:00",
  "gsi": 76.68312493460581,
  "classification": "Extremely Bullish",
  "change_from_previous": -0.10142611836414517,
  "components": {
    "raw_sentiment": 80.1207581495756,
    "dampened_sentiment": 68.07245488974536,
    "price_momentum": 95.83216698434225,
    "consistency_score": 0.4448057581080621,
    "previous_gsi": 76.78455105296996
  },
  "price_data": {
    "current_price": 5042.74,
    "change_1d_pct": 2.454316793784561,
    "change_7d_pct": 1.576910255002817,
    "change_30d_pct": 16.40499392322139
  }
}