{
  "timestamp": "2026-01-29T00:02:22.157800+00:00",
  "gsi": 79.84638751974069,
  "classification": "Extremely Bullish",
  "change_from_previous": 0.11412719333515042,
  "components": {
    "raw_sentiment": 91.16563074217592,
    "dampened_sentiment": 74.69937844530556,
    "price_momentum": 100.0,
    "consistency_score": 0.49398756890611106,
    "previous_gsi": 79.73226032640554
  },
  "price_data": {
    "current_price": 5418.505,
    "change_1d_pct": 4.5917239715285385,
    "change_7d_pct": 16.02061540009785,
    "change_30d_pct": 25.868020469649778
  }
}