{
  "timestamp": "2026-02-01T19:51:05.312692+00:00",
  "gsi": 59.94475487907422,
  "classification": "Bullish",
  "change_from_previous": 0.14180420171981467,
  "components": {
    "raw_sentiment": 55.6616096303509,
    "dampened_sentiment": 53.39696577821054,
    "price_momentum": 75.28282638095078,
    "consistency_score": 0.5622827879451953,
    "previous_gsi": 59.8029506773544
  },
  "price_data": {
    "current_price": 4895.44,
    "change_1d_pct": -8.842506298519092,
    "change_7d_pct": 1.3259151629555044,
    "change_30d_pct": 12.854583974014645
  }
}