{
  "timestamp": "2026-02-01T16:12:13.799510+00:00",
  "gsi": 61.06954205292658,
  "classification": "Bullish",
  "change_from_previous": -0.10859854611043573,
  "components": {
    "raw_sentiment": 54.38150111351844,
    "dampened_sentiment": 52.628900668111065,
    "price_momentum": 75.28282638095078,
    "consistency_score": 0.5469214857432056,
    "previous_gsi": 61.178140599037015
  },
  "price_data": {
    "current_price": 4895.44,
    "change_1d_pct": -8.842506298519092,
    "change_7d_pct": 1.3259151629555044,
    "change_30d_pct": 12.854583974014645
  }
}