{
  "timestamp": "2026-02-14T23:20:01.661995+00:00",
  "gsi": 76.79478224602579,
  "classification": "Extremely Bullish",
  "change_from_previous": -0.6762853656492638,
  "components": {
    "raw_sentiment": 61.164282814700464,
    "dampened_sentiment": 56.69856968882028,
    "price_momentum": 95.83216698434225,
    "consistency_score": 0.21732805408956057,
    "previous_gsi": 77.47106761167505
  },
  "price_data": {
    "current_price": 5042.74,
    "change_1d_pct": 2.454316793784561,
    "change_7d_pct": 1.576910255002817,
    "change_30d_pct": 16.40499392322139
  }
}