{
  "timestamp": "2026-01-25T21:09:31.774881+00:00",
  "gsi": 76.71832593895509,
  "classification": "Extremely Bullish",
  "change_from_previous": 0.2399498310272179,
  "components": {
    "raw_sentiment": 78.50751116327032,
    "dampened_sentiment": 67.1045066979622,
    "price_momentum": 100.0,
    "consistency_score": 0.3420901339592439,
    "previous_gsi": 76.47837610792787
  },
  "price_data": {
    "current_price": 4987.545,
    "change_1d_pct": 1.0431407267544657,
    "change_7d_pct": 7.802099825464848,
    "change_30d_pct": 17.94302132414234
  }
}