{
  "timestamp": "2026-02-15T09:26:01.247646+00:00",
  "gsi": 76.49572324152453,
  "classification": "Extremely Bullish",
  "change_from_previous": -0.5667014802147037,
  "components": {
    "raw_sentiment": 63.505810473935774,
    "dampened_sentiment": 58.103486284361466,
    "price_momentum": 95.83216698434225,
    "consistency_score": 0.24542638600038424,
    "previous_gsi": 77.06242472173923
  },
  "price_data": {
    "current_price": 5042.74,
    "change_1d_pct": 2.454316793784561,
    "change_7d_pct": 1.576910255002817,
    "change_30d_pct": 16.40499392322139
  }
}