{
  "timestamp": "2026-02-07T16:22:12.199743+00:00",
  "gsi": 70.16967673466029,
  "classification": "Bullish",
  "change_from_previous": 0.41695902454098643,
  "components": {
    "raw_sentiment": 100.0,
    "dampened_sentiment": 80.0,
    "price_momentum": 68.36252760938251,
    "consistency_score": 0.7672505521876503,
    "previous_gsi": 69.7527177101193
  },
  "price_data": {
    "current_price": 4964.62,
    "change_1d_pct": 3.8476784136131315,
    "change_7d_pct": -8.376572504777613,
    "change_30d_pct": 10.831883181174318
  }
}