{
  "timestamp": "2026-02-09T22:07:46.685373+00:00",
  "gsi": 68.4962147528113,
  "classification": "Bullish",
  "change_from_previous": -1.0268357064069704,
  "components": {
    "raw_sentiment": 69.74267646104339,
    "dampened_sentiment": 61.84560587662603,
    "price_momentum": 72.0758572022717,
    "consistency_score": 0.7953949734870865,
    "previous_gsi": 69.52305045921827
  },
  "price_data": {
    "current_price": 5057.775,
    "change_1d_pct": 1.876377245388361,
    "change_7d_pct": -5.819682662639602,
    "change_30d_pct": 11.571601580337099
  }
}