{
  "timestamp": "2026-02-01T03:36:09.006463+00:00",
  "gsi": 62.6161091081116,
  "classification": "Bullish",
  "change_from_previous": 1.320573262875861,
  "components": {
    "raw_sentiment": 88.24155986162188,
    "dampened_sentiment": 72.94493591697312,
    "price_momentum": 75.28282638095078,
    "consistency_score": 0.9532421907204468,
    "previous_gsi": 61.29553584523574
  },
  "price_data": {
    "current_price": 4895.44,
    "change_1d_pct": -8.842506298519092,
    "change_7d_pct": 1.3259151629555044,
    "change_30d_pct": 12.854583974014645
  }
}