{
  "timestamp": "2026-02-05T15:32:53.598369+00:00",
  "gsi": 73.09063628443575,
  "classification": "Bullish",
  "change_from_previous": 0.34964569218379893,
  "components": {
    "raw_sentiment": 100.0,
    "dampened_sentiment": 80.0,
    "price_momentum": 78.32141911167582,
    "consistency_score": 0.9664283822335165,
    "previous_gsi": 72.74099059225195
  },
  "price_data": {
    "current_price": 4964.455,
    "change_1d_pct": 0.35679595213475856,
    "change_7d_pct": -0.8868258840557974,
    "change_30d_pct": 11.717944794249902
  }
}