{
  "timestamp": "2026-02-03T10:03:18.182548+00:00",
  "gsi": 55.41063749146066,
  "classification": "Bullish",
  "change_from_previous": 0.2968284020701333,
  "components": {
    "raw_sentiment": 65.7196748033344,
    "dampened_sentiment": 59.43180488200064,
    "price_momentum": 55.80682822902388,
    "consistency_score": 0.9275004669404647,
    "previous_gsi": 55.11380908939053
  },
  "price_data": {
    "current_price": 4661.04,
    "change_1d_pct": -4.7881293612014435,
    "change_7d_pct": -5.571554611932006,
    "change_30d_pct": 7.580915803249333
  }
}