{
  "timestamp": "2026-02-13T21:36:27.990438+00:00",
  "gsi": 68.87058638126615,
  "classification": "Bullish",
  "change_from_previous": -0.03973199614368639,
  "components": {
    "raw_sentiment": 80.2884355645994,
    "dampened_sentiment": 68.17306133875964,
    "price_momentum": 80.71555649630065,
    "consistency_score": 0.7491500968491798,
    "previous_gsi": 68.91031837740984
  },
  "price_data": {
    "current_price": 4921.94,
    "change_1d_pct": -3.1929791435562183,
    "change_7d_pct": -0.5026476685456749,
    "change_30d_pct": 13.865002857070152
  }
}