{
  "timestamp": "2026-01-21T03:31:11.294467+00:00",
  "gsi": 53.58522093868535,
  "classification": "Neutral",
  "change_from_previous": 3.585220938685353,
  "components": {
    "raw_sentiment": 73.53788248358155,
    "dampened_sentiment": 64.12272949014893,
    "price_momentum": 94.05452881979153,
    "consistency_score": 0.401364013407148,
    "previous_gsi": 50.0
  },
  "price_data": {
    "current_price": 4763.37,
    "change_1d_pct": 1.9929147944615977,
    "change_7d_pct": 5.625923018586776,
    "change_30d_pct": 13.449091798979907
  }
}