{
  "timestamp": "2026-02-05T17:36:19.050290+00:00",
  "gsi": 72.08184341929862,
  "classification": "Bullish",
  "change_from_previous": -0.6927095719406964,
  "components": {
    "raw_sentiment": 80.62892802471701,
    "dampened_sentiment": 68.37735681483021,
    "price_momentum": 78.32141911167582,
    "consistency_score": 0.8011187540630877,
    "previous_gsi": 72.77455299123932
  },
  "price_data": {
    "current_price": 4964.455,
    "change_1d_pct": 0.35679595213475856,
    "change_7d_pct": -0.8868258840557974,
    "change_30d_pct": 11.717944794249902
  }
}