{
  "timestamp": "2026-01-26T16:29:06.221730+00:00",
  "gsi": 78.92029622219462,
  "classification": "Extremely Bullish",
  "change_from_previous": 0.6324183137303407,
  "components": {
    "raw_sentiment": 100.0,
    "dampened_sentiment": 80.0,
    "price_momentum": 100.0,
    "consistency_score": 0.6,
    "previous_gsi": 78.28787790846428
  },
  "price_data": {
    "current_price": 4987.545,
    "change_1d_pct": 1.0431407267544657,
    "change_7d_pct": 7.802099825464848,
    "change_30d_pct": 17.94302132414234
  }
}