{
  "timestamp": "2026-02-15T19:27:58.917398+00:00",
  "gsi": 77.94593816369574,
  "classification": "Extremely Bullish",
  "change_from_previous": -0.7364062137293388,
  "components": {
    "raw_sentiment": 66.82520502999598,
    "dampened_sentiment": 60.095123017997594,
    "price_momentum": 95.83216698434225,
    "consistency_score": 0.2852591206731069,
    "previous_gsi": 78.68234437742508
  },
  "price_data": {
    "current_price": 5042.74,
    "change_1d_pct": 2.454316793784561,
    "change_7d_pct": 1.576910255002817,
    "change_30d_pct": 16.40499392322139
  }
}