{
  "timestamp": "2026-02-01T23:52:38.291664+00:00",
  "gsi": 58.309062801935745,
  "classification": "Bullish",
  "change_from_previous": 0.1555283436357655,
  "components": {
    "raw_sentiment": 48.57514033681423,
    "dampened_sentiment": 49.14508420208854,
    "price_momentum": 75.28282638095078,
    "consistency_score": 0.4772451564227552,
    "previous_gsi": 58.15353445829998
  },
  "price_data": {
    "current_price": 4895.44,
    "change_1d_pct": -8.842506298519092,
    "change_7d_pct": 1.3259151629555044,
    "change_30d_pct": 12.854583974014645
  }
}