{
  "timestamp": "2026-02-08T23:33:17.972814+00:00",
  "gsi": 64.54146576357398,
  "classification": "Bullish",
  "change_from_previous": 0.22317381271182057,
  "components": {
    "raw_sentiment": 81.15874741890332,
    "dampened_sentiment": 68.695248451342,
    "price_momentum": 68.36252760938251,
    "consistency_score": 0.9933455831608103,
    "previous_gsi": 64.31829195086216
  },
  "price_data": {
    "current_price": 4964.62,
    "change_1d_pct": 3.8476784136131315,
    "change_7d_pct": -8.376572504777613,
    "change_30d_pct": 10.831883181174318
  }
}