{
  "timestamp": "2026-02-14T19:49:05.987331+00:00",
  "gsi": 77.19141480040716,
  "classification": "Extremely Bullish",
  "change_from_previous": 0.38784923725819453,
  "components": {
    "raw_sentiment": 94.7947965331007,
    "dampened_sentiment": 76.87687791986042,
    "price_momentum": 95.83216698434225,
    "consistency_score": 0.6208942187103634,
    "previous_gsi": 76.80356556314896
  },
  "price_data": {
    "current_price": 5042.74,
    "change_1d_pct": 2.454316793784561,
    "change_7d_pct": 1.576910255002817,
    "change_30d_pct": 16.40499392322139
  }
}