{
  "timestamp": "2026-02-09T12:43:21.260238+00:00",
  "gsi": 63.70059855117865,
  "classification": "Bullish",
  "change_from_previous": -1.5119792810205084,
  "components": {
    "raw_sentiment": 45.26762835638335,
    "dampened_sentiment": 47.16057701383001,
    "price_momentum": 68.36252760938251,
    "consistency_score": 0.5759609880889499,
    "previous_gsi": 65.21257783219916
  },
  "price_data": {
    "current_price": 4964.62,
    "change_1d_pct": 3.8476784136131315,
    "change_7d_pct": -8.376572504777613,
    "change_30d_pct": 10.831883181174318
  }
}