{
  "timestamp": "2026-02-05T01:05:40.046872+00:00",
  "gsi": 67.72339380527698,
  "classification": "Bullish",
  "change_from_previous": -1.002983758866165,
  "components": {
    "raw_sentiment": 54.9098428597959,
    "dampened_sentiment": 52.945905715877544,
    "price_momentum": 78.32141911167582,
    "consistency_score": 0.49248973208403446,
    "previous_gsi": 68.72637756414315
  },
  "price_data": {
    "current_price": 4964.455,
    "change_1d_pct": 0.35679595213475856,
    "change_7d_pct": -0.8868258840557974,
    "change_30d_pct": 11.717944794249902
  }
}