{
  "timestamp": "2026-01-29T15:18:27.521941+00:00",
  "gsi": 81.85546063880402,
  "classification": "Extremely Bullish",
  "change_from_previous": 0.09130019934904965,
  "components": {
    "raw_sentiment": 99.45758888271314,
    "dampened_sentiment": 79.67455332962788,
    "price_momentum": 100.0,
    "consistency_score": 0.5934910665925577,
    "previous_gsi": 81.76416043945497
  },
  "price_data": {
    "current_price": 5418.505,
    "change_1d_pct": 4.5917239715285385,
    "change_7d_pct": 16.02061540009785,
    "change_30d_pct": 25.868020469649778
  }
}