{
  "timestamp": "2026-01-22T22:41:05.757972+00:00",
  "gsi": 74.11527274180438,
  "classification": "Bullish",
  "change_from_previous": 0.17806763616822252,
  "components": {
    "raw_sentiment": 55.82800060573785,
    "dampened_sentiment": 53.49680036344271,
    "price_momentum": 100.0,
    "consistency_score": 0.06993600726885418,
    "previous_gsi": 73.93720510563615
  },
  "price_data": {
    "current_price": 4936.055,
    "change_1d_pct": 2.1665652463685348,
    "change_7d_pct": 7.633005197334075,
    "change_30d_pct": 17.30405675970166
  }
}