{
  "timestamp": "2026-02-06T06:45:24.926209+00:00",
  "gsi": 56.60853005613146,
  "classification": "Bullish",
  "change_from_previous": -1.4051003153535078,
  "components": {
    "raw_sentiment": 45.332406798837006,
    "dampened_sentiment": 47.199444079302204,
    "price_momentum": 51.22598317102006,
    "consistency_score": 0.9194692181656429,
    "previous_gsi": 58.013630371484965
  },
  "price_data": {
    "current_price": 4780.675,
    "change_1d_pct": -3.7019169274371433,
    "change_7d_pct": -7.720110990469298,
    "change_30d_pct": 6.603226633664461
  }
}