{
  "timestamp": "2026-02-14T11:21:15.810128+00:00",
  "gsi": 75.87147708158368,
  "classification": "Extremely Bullish",
  "change_from_previous": 0.045146847482982366,
  "components": {
    "raw_sentiment": 80.21608694224385,
    "dampened_sentiment": 68.1296521653463,
    "price_momentum": 95.83216698434225,
    "consistency_score": 0.445949703620081,
    "previous_gsi": 75.8263302341007
  },
  "price_data": {
    "current_price": 5042.74,
    "change_1d_pct": 2.454316793784561,
    "change_7d_pct": 1.576910255002817,
    "change_30d_pct": 16.40499392322139
  }
}