{
  "timestamp": "2026-01-28T16:11:37.696182+00:00",
  "gsi": 81.7823202722605,
  "classification": "Extremely Bullish",
  "change_from_previous": 0.1273552460716587,
  "components": {
    "raw_sentiment": 100.0,
    "dampened_sentiment": 80.0,
    "price_momentum": 100.0,
    "consistency_score": 0.6,
    "previous_gsi": 81.65496502618885
  },
  "price_data": {
    "current_price": 5180.625,
    "change_1d_pct": 3.428913678221157,
    "change_7d_pct": 12.712452570752264,
    "change_30d_pct": 20.495483708905926
  }
}