{
  "timestamp": "2026-02-15T21:00:40.322304+00:00",
  "gsi": 76.24580215317599,
  "classification": "Extremely Bullish",
  "change_from_previous": -0.40653479280324234,
  "components": {
    "raw_sentiment": 67.918213387287,
    "dampened_sentiment": 60.7509280323722,
    "price_momentum": 95.83216698434225,
    "consistency_score": 0.298375220960599,
    "previous_gsi": 76.65233694597923
  },
  "price_data": {
    "current_price": 5042.74,
    "change_1d_pct": 2.454316793784561,
    "change_7d_pct": 1.576910255002817,
    "change_30d_pct": 16.40499392322139
  }
}