{
  "timestamp": "2026-01-21T22:54:09.382394+00:00",
  "gsi": 71.05406035686862,
  "classification": "Bullish",
  "change_from_previous": 0.24399290889643055,
  "components": {
    "raw_sentiment": 46.84009668064652,
    "dampened_sentiment": 48.10405800838791,
    "price_momentum": 97.2763928822247,
    "consistency_score": 0.016553302523264257,
    "previous_gsi": 70.81006744797219
  },
  "price_data": {
    "current_price": 4831.38,
    "change_1d_pct": 1.4277706749633134,
    "change_7d_pct": 5.083684055985138,
    "change_30d_pct": 15.28923844931347
  }
}