{
  "timestamp": "2026-01-30T13:23:28.292788+00:00",
  "gsi": 81.77478868300958,
  "classification": "Extremely Bullish",
  "change_from_previous": 0.12868435005711376,
  "components": {
    "raw_sentiment": 100.0,
    "dampened_sentiment": 80.0,
    "price_momentum": 100.0,
    "consistency_score": 0.6,
    "previous_gsi": 81.64610433295246
  },
  "price_data": {
    "current_price": 5370.31,
    "change_1d_pct": -0.8894519798357647,
    "change_7d_pct": 12.74181934218841,
    "change_30d_pct": 24.826339859026426
  }
}