{
  "timestamp": "2026-02-13T20:02:49.952336+00:00",
  "gsi": 69.79879738382593,
  "classification": "Bullish",
  "change_from_previous": -1.1797870097634302,
  "components": {
    "raw_sentiment": 54.18632722861082,
    "dampened_sentiment": 52.511796337166494,
    "price_momentum": 80.71555649630065,
    "consistency_score": 0.4359247968173169,
    "previous_gsi": 70.97858439358936
  },
  "price_data": {
    "current_price": 4921.94,
    "change_1d_pct": -3.1929791435562183,
    "change_7d_pct": -0.5026476685456749,
    "change_30d_pct": 13.865002857070152
  }
}