{
  "timestamp": "2026-01-21T12:08:32.350611+00:00",
  "gsi": 68.23196399457309,
  "classification": "Bullish",
  "change_from_previous": 1.2061962221104636,
  "components": {
    "raw_sentiment": 79.4784901671277,
    "dampened_sentiment": 67.68709410027662,
    "price_momentum": 94.05452881979153,
    "consistency_score": 0.4726513056097019,
    "previous_gsi": 67.02576777246263
  },
  "price_data": {
    "current_price": 4763.37,
    "change_1d_pct": 1.9929147944615977,
    "change_7d_pct": 5.625923018586776,
    "change_30d_pct": 13.449091798979907
  }
}