{
  "timestamp": "2026-01-23T21:46:18.893513+00:00",
  "gsi": 77.11876970466263,
  "classification": "Extremely Bullish",
  "change_from_previous": -0.10635922955849253,
  "components": {
    "raw_sentiment": 68.19233369034275,
    "dampened_sentiment": 60.91540021420565,
    "price_momentum": 100.0,
    "consistency_score": 0.2183080042841129,
    "previous_gsi": 77.22512893422112
  },
  "price_data": {
    "current_price": 4936.055,
    "change_1d_pct": 2.1665652463685348,
    "change_7d_pct": 7.633005197334075,
    "change_30d_pct": 17.30405675970166
  }
}