{
  "timestamp": "2026-01-30T19:48:01.125355+00:00",
  "gsi": 80.92851470123613,
  "classification": "Extremely Bullish",
  "change_from_previous": -0.1605532005988266,
  "components": {
    "raw_sentiment": 88.89128775098021,
    "dampened_sentiment": 73.33477265058812,
    "price_momentum": 100.0,
    "consistency_score": 0.4666954530117624,
    "previous_gsi": 81.08906790183495
  },
  "price_data": {
    "current_price": 5370.31,
    "change_1d_pct": -0.8894519798357647,
    "change_7d_pct": 12.74181934218841,
    "change_30d_pct": 24.826339859026426
  }
}