{
  "timestamp": "2026-02-15T15:21:19.732526+00:00",
  "gsi": 76.2070204124716,
  "classification": "Extremely Bullish",
  "change_from_previous": 0.019867199362906263,
  "components": {
    "raw_sentiment": 81.17559217895648,
    "dampened_sentiment": 68.70535530737388,
    "price_momentum": 95.83216698434225,
    "consistency_score": 0.4574637664606326,
    "previous_gsi": 76.1871532131087
  },
  "price_data": {
    "current_price": 5042.74,
    "change_1d_pct": 2.454316793784561,
    "change_7d_pct": 1.576910255002817,
    "change_30d_pct": 16.40499392322139
  }
}