{
  "timestamp": "2026-02-06T10:18:35.685708+00:00",
  "gsi": 58.966893403133625,
  "classification": "Bullish",
  "change_from_previous": -0.4133604395161399,
  "components": {
    "raw_sentiment": 67.68036938543052,
    "dampened_sentiment": 60.60822163125832,
    "price_momentum": 51.22598317102006,
    "consistency_score": 0.8123552307952349,
    "previous_gsi": 59.380253842649765
  },
  "price_data": {
    "current_price": 4780.675,
    "change_1d_pct": -3.7019169274371433,
    "change_7d_pct": -7.720110990469298,
    "change_30d_pct": 6.603226633664461
  }
}