{
  "timestamp": "2026-01-31T07:47:45.148790+00:00",
  "gsi": 68.73381721600389,
  "classification": "Bullish",
  "change_from_previous": 0.05344497996999564,
  "components": {
    "raw_sentiment": 85.2648497909191,
    "dampened_sentiment": 71.15890987455145,
    "price_momentum": 75.28282638095078,
    "consistency_score": 0.9175216698720134,
    "previous_gsi": 68.68037223603389
  },
  "price_data": {
    "current_price": 4895.44,
    "change_1d_pct": -8.842506298519092,
    "change_7d_pct": 1.3259151629555044,
    "change_30d_pct": 12.854583974014645
  }
}