{
  "timestamp": "2026-02-07T18:04:27.164955+00:00",
  "gsi": 68.71700210426218,
  "classification": "Bullish",
  "change_from_previous": -0.8333618569991188,
  "components": {
    "raw_sentiment": 76.0845201891913,
    "dampened_sentiment": 65.65071211351477,
    "price_momentum": 68.36252760938251,
    "consistency_score": 0.9457636900826452,
    "previous_gsi": 69.5503639612613
  },
  "price_data": {
    "current_price": 4964.62,
    "change_1d_pct": 3.8476784136131315,
    "change_7d_pct": -8.376572504777613,
    "change_30d_pct": 10.831883181174318
  }
}