{
  "timestamp": "2026-01-25T19:54:15.194697+00:00",
  "gsi": 75.63927621802861,
  "classification": "Extremely Bullish",
  "change_from_previous": 0.24909668176098876,
  "components": {
    "raw_sentiment": 72.00437095092468,
    "dampened_sentiment": 63.20262257055481,
    "price_momentum": 100.0,
    "consistency_score": 0.2640524514110961,
    "previous_gsi": 75.39017953626762
  },
  "price_data": {
    "current_price": 4987.545,
    "change_1d_pct": 1.0431407267544657,
    "change_7d_pct": 7.802099825464848,
    "change_30d_pct": 17.94302132414234
  }
}