{
  "timestamp": "2026-01-25T06:51:37.578261+00:00",
  "gsi": 76.60477046933087,
  "classification": "Extremely Bullish",
  "change_from_previous": 0.5135698348480418,
  "components": {
    "raw_sentiment": 86.37750299255832,
    "dampened_sentiment": 71.826501795535,
    "price_momentum": 100.0,
    "consistency_score": 0.43653003591069994,
    "previous_gsi": 76.09120063448283
  },
  "price_data": {
    "current_price": 4987.545,
    "change_1d_pct": 1.0431407267544657,
    "change_7d_pct": 7.802099825464848,
    "change_30d_pct": 17.94302132414234
  }
}