{
  "timestamp": "2026-02-05T16:34:40.969009+00:00",
  "gsi": 72.77455299123932,
  "classification": "Bullish",
  "change_from_previous": -0.3160832931964279,
  "components": {
    "raw_sentiment": 88.5474858720324,
    "dampened_sentiment": 73.12849152321944,
    "price_momentum": 78.32141911167582,
    "consistency_score": 0.8961414482308723,
    "previous_gsi": 73.09063628443575
  },
  "price_data": {
    "current_price": 4964.455,
    "change_1d_pct": 0.35679595213475856,
    "change_7d_pct": -0.8868258840557974,
    "change_30d_pct": 11.717944794249902
  }
}