{
  "timestamp": "2026-01-30T22:31:33.640803+00:00",
  "gsi": 77.05636670629161,
  "classification": "Extremely Bullish",
  "change_from_previous": -0.8133330987211167,
  "components": {
    "raw_sentiment": 94.81893114770175,
    "dampened_sentiment": 76.89135868862104,
    "price_momentum": 75.28282638095078,
    "consistency_score": 0.9678293538465949,
    "previous_gsi": 77.86969980501273
  },
  "price_data": {
    "current_price": 4895.44,
    "change_1d_pct": -8.842506298519092,
    "change_7d_pct": 1.3259151629555044,
    "change_30d_pct": 12.854583974014645
  }
}