{
  "timestamp": "2026-02-05T07:28:09.538255+00:00",
  "gsi": 69.17840092865562,
  "classification": "Bullish",
  "change_from_previous": 0.5607470297082386,
  "components": {
    "raw_sentiment": 92.39217242817446,
    "dampened_sentiment": 75.43530345690468,
    "price_momentum": 78.32141911167582,
    "consistency_score": 0.942277686904577,
    "previous_gsi": 68.61765389894738
  },
  "price_data": {
    "current_price": 4964.455,
    "change_1d_pct": 0.35679595213475856,
    "change_7d_pct": -0.8868258840557974,
    "change_30d_pct": 11.717944794249902
  }
}