{
  "timestamp": "2026-02-08T15:21:58.563886+00:00",
  "gsi": 67.33230730041998,
  "classification": "Bullish",
  "change_from_previous": 0.5002905428082016,
  "components": {
    "raw_sentiment": 93.37490897088878,
    "dampened_sentiment": 76.02494538253328,
    "price_momentum": 68.36252760938251,
    "consistency_score": 0.8467516445369847,
    "previous_gsi": 66.83201675761178
  },
  "price_data": {
    "current_price": 4964.62,
    "change_1d_pct": 3.8476784136131315,
    "change_7d_pct": -8.376572504777613,
    "change_30d_pct": 10.831883181174318
  }
}