{
  "timestamp": "2026-01-22T05:56:44.801042+00:00",
  "gsi": 73.0502686098245,
  "classification": "Bullish",
  "change_from_previous": 0.14311996862660692,
  "components": {
    "raw_sentiment": 61.02448656808591,
    "dampened_sentiment": 56.61469194085155,
    "price_momentum": 97.2763928822247,
    "consistency_score": 0.18676598117253707,
    "previous_gsi": 72.90714864119789
  },
  "price_data": {
    "current_price": 4831.38,
    "change_1d_pct": 1.4277706749633134,
    "change_7d_pct": 5.083684055985138,
    "change_30d_pct": 15.28923844931347
  }
}