{
  "timestamp": "2026-02-15T06:17:33.735000+00:00",
  "gsi": 77.90259339952135,
  "classification": "Extremely Bullish",
  "change_from_previous": -0.0433756110322463,
  "components": {
    "raw_sentiment": 87.45886190935592,
    "dampened_sentiment": 72.47531714561354,
    "price_momentum": 95.83216698434225,
    "consistency_score": 0.5328630032254258,
    "previous_gsi": 77.9459690105536
  },
  "price_data": {
    "current_price": 5042.74,
    "change_1d_pct": 2.454316793784561,
    "change_7d_pct": 1.576910255002817,
    "change_30d_pct": 16.40499392322139
  }
}