{
  "timestamp": "2026-02-06T15:33:49.058834+00:00",
  "gsi": 60.01774687399177,
  "classification": "Bullish",
  "change_from_previous": -0.003762906363427021,
  "components": {
    "raw_sentiment": 81.20836927105441,
    "dampened_sentiment": 68.72502156263265,
    "price_momentum": 51.22598317102006,
    "consistency_score": 0.6500192321677483,
    "previous_gsi": 60.021509780355196
  },
  "price_data": {
    "current_price": 4780.675,
    "change_1d_pct": -3.7019169274371433,
    "change_7d_pct": -7.720110990469298,
    "change_30d_pct": 6.603226633664461
  }
}