{
  "timestamp": "2026-02-15T10:46:01.947308+00:00",
  "gsi": 75.37227066644725,
  "classification": "Extremely Bullish",
  "change_from_previous": -0.4395697112515933,
  "components": {
    "raw_sentiment": 60.551660696778484,
    "dampened_sentiment": 56.33099641806709,
    "price_momentum": 95.83216698434225,
    "consistency_score": 0.20997658867449676,
    "previous_gsi": 75.81184037769884
  },
  "price_data": {
    "current_price": 5042.74,
    "change_1d_pct": 2.454316793784561,
    "change_7d_pct": 1.576910255002817,
    "change_30d_pct": 16.40499392322139
  }
}