{
  "timestamp": "2026-01-21T13:19:21.525689+00:00",
  "gsi": 68.55739470534016,
  "classification": "Bullish",
  "change_from_previous": 0.32543071076706553,
  "components": {
    "raw_sentiment": 49.322279099712,
    "dampened_sentiment": 49.5933674598272,
    "price_momentum": 94.05452881979153,
    "consistency_score": 0.11077677280071341,
    "previous_gsi": 68.23196399457309
  },
  "price_data": {
    "current_price": 4763.37,
    "change_1d_pct": 1.9929147944615977,
    "change_7d_pct": 5.625923018586776,
    "change_30d_pct": 13.449091798979907
  }
}