{
  "timestamp": "2026-01-22T05:09:37.350570+00:00",
  "gsi": 72.90714864119789,
  "classification": "Bullish",
  "change_from_previous": 0.630651011745698,
  "components": {
    "raw_sentiment": 78.04491596116196,
    "dampened_sentiment": 66.82694957669717,
    "price_momentum": 97.2763928822247,
    "consistency_score": 0.3910111338894495,
    "previous_gsi": 72.2764976294522
  },
  "price_data": {
    "current_price": 4831.38,
    "change_1d_pct": 1.4277706749633134,
    "change_7d_pct": 5.083684055985138,
    "change_30d_pct": 15.28923844931347
  }
}