{
  "timestamp": "2026-01-23T07:57:57.204837+00:00",
  "gsi": 77.8101121451743,
  "classification": "Extremely Bullish",
  "change_from_previous": -0.04143274159291366,
  "components": {
    "raw_sentiment": 75.43924115008721,
    "dampened_sentiment": 65.26354469005233,
    "price_momentum": 100.0,
    "consistency_score": 0.30527089380104655,
    "previous_gsi": 77.85154488676721
  },
  "price_data": {
    "current_price": 4936.055,
    "change_1d_pct": 2.1665652463685348,
    "change_7d_pct": 7.633005197334075,
    "change_30d_pct": 17.30405675970166
  }
}