{
  "timestamp": "2026-02-02T09:11:36.239084+00:00",
  "gsi": 59.49039732809204,
  "classification": "Bullish",
  "change_from_previous": 0.07813131941112061,
  "components": {
    "raw_sentiment": 52.05149212322125,
    "dampened_sentiment": 51.23089527393275,
    "price_momentum": 75.28282638095078,
    "consistency_score": 0.5189613778596394,
    "previous_gsi": 59.412266008680916
  },
  "price_data": {
    "current_price": 4895.44,
    "change_1d_pct": -8.842506298519092,
    "change_7d_pct": 1.3259151629555044,
    "change_30d_pct": 12.854583974014645
  }
}