{
  "timestamp": "2026-02-01T10:46:46.765466+00:00",
  "gsi": 62.99924490348069,
  "classification": "Bullish",
  "change_from_previous": 0.20526946734001683,
  "components": {
    "raw_sentiment": 71.61153452268441,
    "dampened_sentiment": 62.96692071361065,
    "price_momentum": 75.28282638095078,
    "consistency_score": 0.7536818866531974,
    "previous_gsi": 62.79397543614067
  },
  "price_data": {
    "current_price": 4895.44,
    "change_1d_pct": -8.842506298519092,
    "change_7d_pct": 1.3259151629555044,
    "change_30d_pct": 12.854583974014645
  }
}