{
  "timestamp": "2026-02-14T18:55:37.535038+00:00",
  "gsi": 76.77971940235756,
  "classification": "Extremely Bullish",
  "change_from_previous": -0.6768657133848563,
  "components": {
    "raw_sentiment": 61.02654291572043,
    "dampened_sentiment": 56.61592574943226,
    "price_momentum": 95.83216698434225,
    "consistency_score": 0.21567517530180014,
    "previous_gsi": 77.45658511574241
  },
  "price_data": {
    "current_price": 5042.74,
    "change_1d_pct": 2.454316793784561,
    "change_7d_pct": 1.576910255002817,
    "change_30d_pct": 16.40499392322139
  }
}