{
  "timestamp": "2026-01-28T11:22:55.775611+00:00",
  "gsi": 80.63157085125002,
  "classification": "Extremely Bullish",
  "change_from_previous": 0.3304286733088304,
  "components": {
    "raw_sentiment": 100.0,
    "dampened_sentiment": 80.0,
    "price_momentum": 100.0,
    "consistency_score": 0.6,
    "previous_gsi": 80.30114217794119
  },
  "price_data": {
    "current_price": 5180.625,
    "change_1d_pct": 3.428913678221157,
    "change_7d_pct": 12.712452570752264,
    "change_30d_pct": 20.495483708905926
  }
}