{
  "timestamp": "2026-02-04T21:47:40.282824+00:00",
  "gsi": 74.28942810134659,
  "classification": "Bullish",
  "change_from_previous": -0.12064179745784998,
  "components": {
    "raw_sentiment": 81.7864484837448,
    "dampened_sentiment": 69.07186909024688,
    "price_momentum": 89.94099110755758,
    "consistency_score": 0.5826175596537859,
    "previous_gsi": 74.41006989880444
  },
  "price_data": {
    "current_price": 4946.805,
    "change_1d_pct": 6.130927861593127,
    "change_7d_pct": -0.8168347353256888,
    "change_30d_pct": 14.014126139581196
  }
}