{
  "timestamp": "2026-01-21T06:45:12.581253+00:00",
  "gsi": 53.3665595206624,
  "classification": "Neutral",
  "change_from_previous": 3.366559520662399,
  "components": {
    "raw_sentiment": 65.03597606406117,
    "dampened_sentiment": 59.021585638436704,
    "price_momentum": 94.05452881979153,
    "consistency_score": 0.2993411363729035,
    "previous_gsi": 50.0
  },
  "price_data": {
    "current_price": 4763.37,
    "change_1d_pct": 1.9929147944615977,
    "change_7d_pct": 5.625923018586776,
    "change_30d_pct": 13.449091798979907
  }
}