{
  "timestamp": "2026-01-28T17:09:38.113156+00:00",
  "gsi": 81.29358933310267,
  "classification": "Extremely Bullish",
  "change_from_previous": -0.4887309391578327,
  "components": {
    "raw_sentiment": 81.0784373869372,
    "dampened_sentiment": 68.64706243216231,
    "price_momentum": 100.0,
    "consistency_score": 0.3729412486432463,
    "previous_gsi": 81.7823202722605
  },
  "price_data": {
    "current_price": 5180.625,
    "change_1d_pct": 3.428913678221157,
    "change_7d_pct": 12.712452570752264,
    "change_30d_pct": 20.495483708905926
  }
}