{
  "timestamp": "2026-02-13T10:30:27.157254+00:00",
  "gsi": 73.38112992354121,
  "classification": "Bullish",
  "change_from_previous": -0.40804273574160277,
  "components": {
    "raw_sentiment": 87.07680909742916,
    "dampened_sentiment": 72.2460854584575,
    "price_momentum": 80.71555649630065,
    "consistency_score": 0.830610579243137,
    "previous_gsi": 73.78917265928281
  },
  "price_data": {
    "current_price": 4921.94,
    "change_1d_pct": -3.1929791435562183,
    "change_7d_pct": -0.5026476685456749,
    "change_30d_pct": 13.865002857070152
  }
}