{
  "timestamp": "2026-01-26T02:47:20.115656+00:00",
  "gsi": 76.55047557719497,
  "classification": "Extremely Bullish",
  "change_from_previous": -0.5939208237856519,
  "components": {
    "raw_sentiment": 43.16024389546972,
    "dampened_sentiment": 45.896146337281834,
    "price_momentum": 100.0,
    "consistency_score": 0.0,
    "previous_gsi": 77.14439640098063
  },
  "price_data": {
    "current_price": 4987.545,
    "change_1d_pct": 1.0431407267544657,
    "change_7d_pct": 7.802099825464848,
    "change_30d_pct": 17.94302132414234
  }
}