{
  "timestamp": "2026-02-10T12:11:13.689255+00:00",
  "gsi": 70.92103519646841,
  "classification": "Bullish",
  "change_from_previous": 0.45146618649015124,
  "components": {
    "raw_sentiment": 100.0,
    "dampened_sentiment": 80.0,
    "price_momentum": 72.0758572022717,
    "consistency_score": 0.8415171440454341,
    "previous_gsi": 70.46956900997826
  },
  "price_data": {
    "current_price": 5057.775,
    "change_1d_pct": 1.876377245388361,
    "change_7d_pct": -5.819682662639602,
    "change_30d_pct": 11.571601580337099
  }
}