{
  "timestamp": "2026-01-26T20:48:28.921009+00:00",
  "gsi": 78.4625824271964,
  "classification": "Extremely Bullish",
  "change_from_previous": 0.15300296208619102,
  "components": {
    "raw_sentiment": 85.42398910919921,
    "dampened_sentiment": 71.25439346551953,
    "price_momentum": 100.0,
    "consistency_score": 0.42508786931039055,
    "previous_gsi": 78.3095794651102
  },
  "price_data": {
    "current_price": 4987.545,
    "change_1d_pct": 1.0431407267544657,
    "change_7d_pct": 7.802099825464848,
    "change_30d_pct": 17.94302132414234
  }
}