{
  "timestamp": "2026-02-10T07:25:24.147933+00:00",
  "gsi": 69.26982491993452,
  "classification": "Bullish",
  "change_from_previous": 0.19523575956165473,
  "components": {
    "raw_sentiment": 91.3076114963716,
    "dampened_sentiment": 74.78456689782297,
    "price_momentum": 72.0758572022717,
    "consistency_score": 0.9458258060889747,
    "previous_gsi": 69.07458916037287
  },
  "price_data": {
    "current_price": 5057.775,
    "change_1d_pct": 1.876377245388361,
    "change_7d_pct": -5.819682662639602,
    "change_30d_pct": 11.571601580337099
  }
}