{
  "timestamp": "2026-01-31T18:58:51.776686+00:00",
  "gsi": 63.268018956066776,
  "classification": "Bullish",
  "change_from_previous": -0.639543942651116,
  "components": {
    "raw_sentiment": 50.72080577819735,
    "dampened_sentiment": 50.43248346691841,
    "price_momentum": 75.28282638095078,
    "consistency_score": 0.5029931417193527,
    "previous_gsi": 63.90756289871789
  },
  "price_data": {
    "current_price": 4895.44,
    "change_1d_pct": -8.842506298519092,
    "change_7d_pct": 1.3259151629555044,
    "change_30d_pct": 12.854583974014645
  }
}