{
  "timestamp": "2026-01-31T22:08:57.010453+00:00",
  "gsi": 61.98678217218666,
  "classification": "Bullish",
  "change_from_previous": -0.28866855440568884,
  "components": {
    "raw_sentiment": 53.92670904313724,
    "dampened_sentiment": 52.35602542588234,
    "price_momentum": 75.28282638095078,
    "consistency_score": 0.5414639808986312,
    "previous_gsi": 62.27545072659235
  },
  "price_data": {
    "current_price": 4895.44,
    "change_1d_pct": -8.842506298519092,
    "change_7d_pct": 1.3259151629555044,
    "change_30d_pct": 12.854583974014645
  }
}