{
  "timestamp": "2026-01-25T09:09:45.833768+00:00",
  "gsi": 78.04218829957611,
  "classification": "Extremely Bullish",
  "change_from_previous": 0.13944067369386914,
  "components": {
    "raw_sentiment": 82.78298369919685,
    "dampened_sentiment": 69.6697902195181,
    "price_momentum": 100.0,
    "consistency_score": 0.39339580439036215,
    "previous_gsi": 77.90274762588224
  },
  "price_data": {
    "current_price": 4987.545,
    "change_1d_pct": 1.0431407267544657,
    "change_7d_pct": 7.802099825464848,
    "change_30d_pct": 17.94302132414234
  }
}