{
  "timestamp": "2026-02-11T15:10:58.662847+00:00",
  "gsi": 74.21649192913651,
  "classification": "Bullish",
  "change_from_previous": -0.07627820547087083,
  "components": {
    "raw_sentiment": 75.05402516921104,
    "dampened_sentiment": 65.03241510152662,
    "price_momentum": 93.29037045377095,
    "consistency_score": 0.4348408929551135,
    "previous_gsi": 74.29277013460738
  },
  "price_data": {
    "current_price": 5025.12,
    "change_1d_pct": -0.645639634028794,
    "change_7d_pct": 2.648995800173237,
    "change_30d_pct": 15.985006555015957
  }
}