{
  "timestamp": "2026-01-25T04:48:41.251598+00:00",
  "gsi": 74.87506401564923,
  "classification": "Bullish",
  "change_from_previous": 0.09206445710647415,
  "components": {
    "raw_sentiment": 58.65926933633854,
    "dampened_sentiment": 55.19556160180312,
    "price_momentum": 100.0,
    "consistency_score": 0.10391123203606245,
    "previous_gsi": 74.78299955854276
  },
  "price_data": {
    "current_price": 4987.545,
    "change_1d_pct": 1.0431407267544657,
    "change_7d_pct": 7.802099825464848,
    "change_30d_pct": 17.94302132414234
  }
}