{
  "timestamp": "2026-01-26T06:36:18.187412+00:00",
  "gsi": 75.42102272577125,
  "classification": "Extremely Bullish",
  "change_from_previous": 0.17286855059845152,
  "components": {
    "raw_sentiment": 67.31933723750319,
    "dampened_sentiment": 60.39160234250191,
    "price_momentum": 100.0,
    "consistency_score": 0.2078320468500382,
    "previous_gsi": 75.2481541751728
  },
  "price_data": {
    "current_price": 4987.545,
    "change_1d_pct": 1.0431407267544657,
    "change_7d_pct": 7.802099825464848,
    "change_30d_pct": 17.94302132414234
  }
}