{
  "timestamp": "2026-02-06T23:49:40.132781+00:00",
  "gsi": 55.68927032033345,
  "classification": "Bullish",
  "change_from_previous": 0.3800223603659063,
  "components": {
    "raw_sentiment": 58.85234123813549,
    "dampened_sentiment": 55.311404742881294,
    "price_momentum": 68.36252760938251,
    "consistency_score": 0.7389775426699756,
    "previous_gsi": 55.30924795996754
  },
  "price_data": {
    "current_price": 4964.62,
    "change_1d_pct": 3.8476784136131315,
    "change_7d_pct": -8.376572504777613,
    "change_30d_pct": 10.831883181174318
  }
}