{
  "timestamp": "2026-01-31T19:24:18.361107+00:00",
  "gsi": 62.817018049436925,
  "classification": "Bullish",
  "change_from_previous": -0.4510009066298508,
  "components": {
    "raw_sentiment": 53.528913191956164,
    "dampened_sentiment": 52.117347915173696,
    "price_momentum": 75.28282638095078,
    "consistency_score": 0.5366904306844583,
    "previous_gsi": 63.268018956066776
  },
  "price_data": {
    "current_price": 4895.44,
    "change_1d_pct": -8.842506298519092,
    "change_7d_pct": 1.3259151629555044,
    "change_30d_pct": 12.854583974014645
  }
}