{
  "timestamp": "2026-02-09T00:05:03.052293+00:00",
  "gsi": 64.1716380466728,
  "classification": "Bullish",
  "change_from_previous": -0.36982771690118454,
  "components": {
    "raw_sentiment": 70.7100927465178,
    "dampened_sentiment": 62.42605564791068,
    "price_momentum": 68.36252760938251,
    "consistency_score": 0.8812705607705633,
    "previous_gsi": 64.54146576357398
  },
  "price_data": {
    "current_price": 4964.62,
    "change_1d_pct": 3.8476784136131315,
    "change_7d_pct": -8.376572504777613,
    "change_30d_pct": 10.831883181174318
  }
}