{
  "timestamp": "2026-02-07T06:44:13.560046+00:00",
  "gsi": 60.942306322209895,
  "classification": "Bullish",
  "change_from_previous": 0.94522961181044,
  "components": {
    "raw_sentiment": 82.53827147173635,
    "dampened_sentiment": 69.52296288304181,
    "price_momentum": 68.36252760938251,
    "consistency_score": 0.9767912945268139,
    "previous_gsi": 59.997076710399455
  },
  "price_data": {
    "current_price": 4964.62,
    "change_1d_pct": 3.8476784136131315,
    "change_7d_pct": -8.376572504777613,
    "change_30d_pct": 10.831883181174318
  }
}