{
  "timestamp": "2026-01-27T05:01:23.694601+00:00",
  "gsi": 79.85057817326717,
  "classification": "Extremely Bullish",
  "change_from_previous": 0.4682509105999202,
  "components": {
    "raw_sentiment": 100.0,
    "dampened_sentiment": 80.0,
    "price_momentum": 100.0,
    "consistency_score": 0.6,
    "previous_gsi": 79.38232726266725
  },
  "price_data": {
    "current_price": 5008.875,
    "change_1d_pct": 0.4276653142979203,
    "change_7d_pct": 8.510216549250016,
    "change_30d_pct": 17.050164105667932
  }
}