{
  "timestamp": "2026-01-20T23:39:22.695545+00:00",
  "gsi": 53.034974128597526,
  "classification": "Neutral",
  "change_from_previous": 3.0349741285975256,
  "components": {
    "raw_sentiment": 47.6415174554657,
    "dampened_sentiment": 48.58491047327942,
    "price_momentum": 94.05452881979153,
    "consistency_score": 0.09060763306975783,
    "previous_gsi": 50.0
  },
  "price_data": {
    "current_price": 4763.37,
    "change_1d_pct": 1.9929147944615977,
    "change_7d_pct": 5.625923018586776,
    "change_30d_pct": 13.449091798979907
  }
}