{
  "timestamp": "2026-01-28T06:10:54.161730+00:00",
  "gsi": 79.28720787164494,
  "classification": "Extremely Bullish",
  "change_from_previous": -0.47755507930084207,
  "components": {
    "raw_sentiment": 68.67529381282053,
    "dampened_sentiment": 61.20517628769232,
    "price_momentum": 100.0,
    "consistency_score": 0.2241035257538464,
    "previous_gsi": 79.76476295094578
  },
  "price_data": {
    "current_price": 5180.625,
    "change_1d_pct": 3.428913678221157,
    "change_7d_pct": 12.712452570752264,
    "change_30d_pct": 20.495483708905926
  }
}