{
  "timestamp": "2026-01-24T22:40:59.369144+00:00",
  "gsi": 75.61700256957559,
  "classification": "Extremely Bullish",
  "change_from_previous": -0.4148289523548243,
  "components": {
    "raw_sentiment": 43.5401735429424,
    "dampened_sentiment": 46.12410412576544,
    "price_momentum": 100.0,
    "consistency_score": 0.0,
    "previous_gsi": 76.03183152193041
  },
  "price_data": {
    "current_price": 4987.545,
    "change_1d_pct": 1.0431407267544657,
    "change_7d_pct": 7.802099825464848,
    "change_30d_pct": 17.94302132414234
  }
}