{
  "timestamp": "2026-01-21T05:56:17.609356+00:00",
  "gsi": 53.21517827554009,
  "classification": "Neutral",
  "change_from_previous": 3.21517827554009,
  "components": {
    "raw_sentiment": 58.07409160253522,
    "dampened_sentiment": 54.84445496152113,
    "price_momentum": 94.05452881979153,
    "consistency_score": 0.215798522834592,
    "previous_gsi": 50.0
  },
  "price_data": {
    "current_price": 4763.37,
    "change_1d_pct": 1.9929147944615977,
    "change_7d_pct": 5.625923018586776,
    "change_30d_pct": 13.449091798979907
  }
}