{
  "timestamp": "2026-02-07T20:08:34.120870+00:00",
  "gsi": 65.57566729065164,
  "classification": "Bullish",
  "change_from_previous": -0.29676888378425303,
  "components": {
    "raw_sentiment": 75.80261178939796,
    "dampened_sentiment": 65.48156707363877,
    "price_momentum": 68.36252760938251,
    "consistency_score": 0.9423807892851253,
    "previous_gsi": 65.87243617443589
  },
  "price_data": {
    "current_price": 4964.62,
    "change_1d_pct": 3.8476784136131315,
    "change_7d_pct": -8.376572504777613,
    "change_30d_pct": 10.831883181174318
  }
}