{
  "timestamp": "2026-01-24T09:56:44.862919+00:00",
  "gsi": 79.74483687422652,
  "classification": "Extremely Bullish",
  "change_from_previous": 0.08014239593391892,
  "components": {
    "raw_sentiment": 89.76556414809029,
    "dampened_sentiment": 73.85933848885418,
    "price_momentum": 100.0,
    "consistency_score": 0.4771867697770835,
    "previous_gsi": 79.6646944782926
  },
  "price_data": {
    "current_price": 4987.545,
    "change_1d_pct": 1.0431407267544657,
    "change_7d_pct": 7.802099825464848,
    "change_30d_pct": 17.94302132414234
  }
}