{
  "timestamp": "2026-02-01T08:51:19.895718+00:00",
  "gsi": 63.20160371778241,
  "classification": "Bullish",
  "change_from_previous": 0.32737025233659267,
  "components": {
    "raw_sentiment": 74.11647363365265,
    "dampened_sentiment": 64.46988418019158,
    "price_momentum": 75.28282638095078,
    "consistency_score": 0.7837411559848161,
    "previous_gsi": 62.87423346544582
  },
  "price_data": {
    "current_price": 4895.44,
    "change_1d_pct": -8.842506298519092,
    "change_7d_pct": 1.3259151629555044,
    "change_30d_pct": 12.854583974014645
  }
}