{
  "timestamp": "2026-02-15T07:16:51.795988+00:00",
  "gsi": 77.6629412747398,
  "classification": "Extremely Bullish",
  "change_from_previous": -0.23965212478155706,
  "components": {
    "raw_sentiment": 81.10284984541387,
    "dampened_sentiment": 68.66170990724832,
    "price_momentum": 95.83216698434225,
    "consistency_score": 0.4565908584581214,
    "previous_gsi": 77.90259339952135
  },
  "price_data": {
    "current_price": 5042.74,
    "change_1d_pct": 2.454316793784561,
    "change_7d_pct": 1.576910255002817,
    "change_30d_pct": 16.40499392322139
  }
}