{
  "timestamp": "2026-01-21T10:06:52.737674+00:00",
  "gsi": 61.82929542654665,
  "classification": "Bullish",
  "change_from_previous": 2.401812545156659,
  "components": {
    "raw_sentiment": 81.25702385108113,
    "dampened_sentiment": 68.75421431064868,
    "price_momentum": 94.05452881979153,
    "consistency_score": 0.49399370981714297,
    "previous_gsi": 59.42748288138999
  },
  "price_data": {
    "current_price": 4763.37,
    "change_1d_pct": 1.9929147944615977,
    "change_7d_pct": 5.625923018586776,
    "change_30d_pct": 13.449091798979907
  }
}