{
  "timestamp": "2026-02-01T07:14:34.308132+00:00",
  "gsi": 62.87397771650841,
  "classification": "Bullish",
  "change_from_previous": -0.47072722668664113,
  "components": {
    "raw_sentiment": 53.28445210680819,
    "dampened_sentiment": 51.97067126408491,
    "price_momentum": 75.28282638095078,
    "consistency_score": 0.5337568976626826,
    "previous_gsi": 63.344704943195055
  },
  "price_data": {
    "current_price": 4895.44,
    "change_1d_pct": -8.842506298519092,
    "change_7d_pct": 1.3259151629555044,
    "change_30d_pct": 12.854583974014645
  }
}