{
  "timestamp": "2026-02-01T20:48:34.319597+00:00",
  "gsi": 59.270289973638,
  "classification": "Bullish",
  "change_from_previous": -0.5408833590204978,
  "components": {
    "raw_sentiment": 31.9123327772025,
    "dampened_sentiment": 39.147399666321505,
    "price_momentum": 75.28282638095078,
    "consistency_score": 0.2772914657074145,
    "previous_gsi": 59.8111733326585
  },
  "price_data": {
    "current_price": 4895.44,
    "change_1d_pct": -8.842506298519092,
    "change_7d_pct": 1.3259151629555044,
    "change_30d_pct": 12.854583974014645
  }
}