{
  "timestamp": "2026-02-10T15:21:20.324013+00:00",
  "gsi": 71.19239896890522,
  "classification": "Bullish",
  "change_from_previous": -0.1123824860798237,
  "components": {
    "raw_sentiment": 91.81014368218574,
    "dampened_sentiment": 75.08608620931145,
    "price_momentum": 72.0758572022717,
    "consistency_score": 0.9397954198592052,
    "previous_gsi": 71.30478145498505
  },
  "price_data": {
    "current_price": 5057.775,
    "change_1d_pct": 1.876377245388361,
    "change_7d_pct": -5.819682662639602,
    "change_30d_pct": 11.571601580337099
  }
}