{
  "timestamp": "2026-02-12T19:49:47.924578+00:00",
  "gsi": 79.37488656363811,
  "classification": "Extremely Bullish",
  "change_from_previous": -0.4684853530431923,
  "components": {
    "raw_sentiment": 69.6893821506433,
    "dampened_sentiment": 61.813629290385975,
    "price_momentum": 100.0,
    "consistency_score": 0.23627258580771948,
    "previous_gsi": 79.8433719166813
  },
  "price_data": {
    "current_price": 5084.28,
    "change_1d_pct": 1.1772853185595622,
    "change_7d_pct": 9.080376911590538,
    "change_30d_pct": 17.165371750274527
  }
}