{
  "timestamp": "2026-01-25T20:08:18.981163+00:00",
  "gsi": 76.04140528519972,
  "classification": "Extremely Bullish",
  "change_from_previous": 0.40212906717110286,
  "components": {
    "raw_sentiment": 79.91898228629093,
    "dampened_sentiment": 67.95138937177455,
    "price_momentum": 100.0,
    "consistency_score": 0.359027787435491,
    "previous_gsi": 75.63927621802861
  },
  "price_data": {
    "current_price": 4987.545,
    "change_1d_pct": 1.0431407267544657,
    "change_7d_pct": 7.802099825464848,
    "change_30d_pct": 17.94302132414234
  }
}