{
  "timestamp": "2026-02-12T20:25:19.673387+00:00",
  "gsi": 79.04005895917446,
  "classification": "Extremely Bullish",
  "change_from_previous": -0.3348276044636549,
  "components": {
    "raw_sentiment": 72.62568321342366,
    "dampened_sentiment": 63.57540992805419,
    "price_momentum": 100.0,
    "consistency_score": 0.2715081985610839,
    "previous_gsi": 79.37488656363811
  },
  "price_data": {
    "current_price": 5084.28,
    "change_1d_pct": 1.1772853185595622,
    "change_7d_pct": 9.080376911590538,
    "change_30d_pct": 17.165371750274527
  }
}