{
  "timestamp": "2026-01-21T09:06:27.358900+00:00",
  "gsi": 56.281919379605476,
  "classification": "Bullish",
  "change_from_previous": 2.9594884956979257,
  "components": {
    "raw_sentiment": 68.76347937872418,
    "dampened_sentiment": 61.25808762723451,
    "price_momentum": 94.05452881979153,
    "consistency_score": 0.3440711761488596,
    "previous_gsi": 53.32243088390755
  },
  "price_data": {
    "current_price": 4763.37,
    "change_1d_pct": 1.9929147944615977,
    "change_7d_pct": 5.625923018586776,
    "change_30d_pct": 13.449091798979907
  }
}