{
  "timestamp": "2026-02-07T15:52:42.779347+00:00",
  "gsi": 69.7527177101193,
  "classification": "Bullish",
  "change_from_previous": 0.3229030543799354,
  "components": {
    "raw_sentiment": 97.33909564298713,
    "dampened_sentiment": 78.40345738579228,
    "price_momentum": 68.36252760938251,
    "consistency_score": 0.7991814044718046,
    "previous_gsi": 69.42981465573936
  },
  "price_data": {
    "current_price": 4964.62,
    "change_1d_pct": 3.8476784136131315,
    "change_7d_pct": -8.376572504777613,
    "change_30d_pct": 10.831883181174318
  }
}