{
  "timestamp": "2026-02-04T22:57:26.567437+00:00",
  "gsi": 71.38525862116988,
  "classification": "Bullish",
  "change_from_previous": -1.512088510636346,
  "components": {
    "raw_sentiment": 58.471200080895414,
    "dampened_sentiment": 55.08272004853725,
    "price_momentum": 78.32141911167582,
    "consistency_score": 0.5352260187372284,
    "previous_gsi": 72.89734713180623
  },
  "price_data": {
    "current_price": 4964.455,
    "change_1d_pct": 0.35679595213475856,
    "change_7d_pct": -0.8868258840557974,
    "change_30d_pct": 11.717944794249902
  }
}