{
  "timestamp": "2026-01-31T22:45:43.255938+00:00",
  "gsi": 61.55769308893813,
  "classification": "Bullish",
  "change_from_previous": -0.42908908324852746,
  "components": {
    "raw_sentiment": 48.2652414868295,
    "dampened_sentiment": 48.959144892097704,
    "price_momentum": 75.28282638095078,
    "consistency_score": 0.47352637022293853,
    "previous_gsi": 61.98678217218666
  },
  "price_data": {
    "current_price": 4895.44,
    "change_1d_pct": -8.842506298519092,
    "change_7d_pct": 1.3259151629555044,
    "change_30d_pct": 12.854583974014645
  }
}