{
  "timestamp": "2026-01-21T07:06:57.787209+00:00",
  "gsi": 53.180801495743594,
  "classification": "Neutral",
  "change_from_previous": 3.1808014957435944,
  "components": {
    "raw_sentiment": 56.31133436192914,
    "dampened_sentiment": 53.78680061715748,
    "price_momentum": 94.05452881979153,
    "consistency_score": 0.1946454359473191,
    "previous_gsi": 50.0
  },
  "price_data": {
    "current_price": 4763.37,
    "change_1d_pct": 1.9929147944615977,
    "change_7d_pct": 5.625923018586776,
    "change_30d_pct": 13.449091798979907
  }
}