{
  "timestamp": "2026-02-02T08:14:58.872487+00:00",
  "gsi": 59.412266008680916,
  "classification": "Bullish",
  "change_from_previous": -0.03524553608556147,
  "components": {
    "raw_sentiment": 48.68169611711963,
    "dampened_sentiment": 49.20901767027178,
    "price_momentum": 75.28282638095078,
    "consistency_score": 0.47852382578641994,
    "previous_gsi": 59.44751154476648
  },
  "price_data": {
    "current_price": 4895.44,
    "change_1d_pct": -8.842506298519092,
    "change_7d_pct": 1.3259151629555044,
    "change_30d_pct": 12.854583974014645
  }
}