{
  "timestamp": "2026-01-31T20:09:12.029718+00:00",
  "gsi": 63.057162021439666,
  "classification": "Bullish",
  "change_from_previous": 0.2011902470127538,
  "components": {
    "raw_sentiment": 71.70901781709475,
    "dampened_sentiment": 63.02541069025685,
    "price_momentum": 75.28282638095078,
    "consistency_score": 0.7548516861861214,
    "previous_gsi": 62.85597177442691
  },
  "price_data": {
    "current_price": 4895.44,
    "change_1d_pct": -8.842506298519092,
    "change_7d_pct": 1.3259151629555044,
    "change_30d_pct": 12.854583974014645
  }
}