{
  "timestamp": "2026-02-02T23:57:11.194447+00:00",
  "gsi": 63.637046958454334,
  "classification": "Bullish",
  "change_from_previous": -1.8862976840991337,
  "components": {
    "raw_sentiment": 54.110043557865964,
    "dampened_sentiment": 52.46602613471958,
    "price_momentum": 55.80682822902388,
    "consistency_score": 0.933183958113914,
    "previous_gsi": 65.52334464255347
  },
  "price_data": {
    "current_price": 4661.04,
    "change_1d_pct": -4.7881293612014435,
    "change_7d_pct": -5.571554611932006,
    "change_30d_pct": 7.580915803249333
  }
}