{
  "timestamp": "2026-02-14T01:02:08.114076+00:00",
  "gsi": 71.47304728534844,
  "classification": "Bullish",
  "change_from_previous": 0.4563806580145382,
  "components": {
    "raw_sentiment": 68.6598795209571,
    "dampened_sentiment": 61.19592771257426,
    "price_momentum": 95.83216698434225,
    "consistency_score": 0.30727521456464013,
    "previous_gsi": 71.0166666273339
  },
  "price_data": {
    "current_price": 5042.74,
    "change_1d_pct": 2.454316793784561,
    "change_7d_pct": 1.576910255002817,
    "change_30d_pct": 16.40499392322139
  }
}