{
  "timestamp": "2026-01-24T18:05:38.215348+00:00",
  "gsi": 77.24668049475542,
  "classification": "Extremely Bullish",
  "change_from_previous": -0.39588124400495417,
  "components": {
    "raw_sentiment": 54.46949463221993,
    "dampened_sentiment": 52.68169677933196,
    "price_momentum": 100.0,
    "consistency_score": 0.0536339355866392,
    "previous_gsi": 77.64256173876038
  },
  "price_data": {
    "current_price": 4987.545,
    "change_1d_pct": 1.0431407267544657,
    "change_7d_pct": 7.802099825464848,
    "change_30d_pct": 17.94302132414234
  }
}