{
  "timestamp": "2026-02-03T07:21:26.260756+00:00",
  "gsi": 55.74241783638383,
  "classification": "Bullish",
  "change_from_previous": -1.991867681525882,
  "components": {
    "raw_sentiment": 24.319399132754448,
    "dampened_sentiment": 34.59163947965267,
    "price_momentum": 55.80682822902388,
    "consistency_score": 0.5756962250125759,
    "previous_gsi": 57.73428551790971
  },
  "price_data": {
    "current_price": 4661.04,
    "change_1d_pct": -4.7881293612014435,
    "change_7d_pct": -5.571554611932006,
    "change_30d_pct": 7.580915803249333
  }
}