{
  "timestamp": "2026-02-05T06:22:26.575900+00:00",
  "gsi": 68.61765389894738,
  "classification": "Bullish",
  "change_from_previous": 0.9134830172866373,
  "components": {
    "raw_sentiment": 96.42043638681892,
    "dampened_sentiment": 77.85226183209136,
    "price_momentum": 78.32141911167582,
    "consistency_score": 0.9906168544083107,
    "previous_gsi": 67.70417088166074
  },
  "price_data": {
    "current_price": 4964.455,
    "change_1d_pct": 0.35679595213475856,
    "change_7d_pct": -0.8868258840557974,
    "change_30d_pct": 11.717944794249902
  }
}