{
  "timestamp": "2026-01-25T21:52:42.545476+00:00",
  "gsi": 77.5228126494455,
  "classification": "Extremely Bullish",
  "change_from_previous": 0.4838058866703534,
  "components": {
    "raw_sentiment": 90.07966149682791,
    "dampened_sentiment": 74.04779689809675,
    "price_momentum": 100.0,
    "consistency_score": 0.48095593796193503,
    "previous_gsi": 77.03900676277514
  },
  "price_data": {
    "current_price": 4987.545,
    "change_1d_pct": 1.0431407267544657,
    "change_7d_pct": 7.802099825464848,
    "change_30d_pct": 17.94302132414234
  }
}