{
  "timestamp": "2026-02-16T12:10:18.432652+00:00",
  "gsi": 77.48836199769045,
  "classification": "Extremely Bullish",
  "change_from_previous": -0.2408181876239155,
  "components": {
    "raw_sentiment": 80.19805456636371,
    "dampened_sentiment": 68.11883273981823,
    "price_momentum": 95.83216698434225,
    "consistency_score": 0.44573331510951963,
    "previous_gsi": 77.72918018531436
  },
  "price_data": {
    "current_price": 5042.74,
    "change_1d_pct": 2.454316793784561,
    "change_7d_pct": 1.576910255002817,
    "change_30d_pct": 16.40499392322139
  }
}