{
  "timestamp": "2026-02-01T08:01:01.545313+00:00",
  "gsi": 62.87423346544582,
  "classification": "Bullish",
  "change_from_previous": 0.00025574893740554216,
  "components": {
    "raw_sentiment": 68.00717642095793,
    "dampened_sentiment": 60.80430585257476,
    "price_momentum": 75.28282638095078,
    "consistency_score": 0.7104295894324795,
    "previous_gsi": 62.87397771650841
  },
  "price_data": {
    "current_price": 4895.44,
    "change_1d_pct": -8.842506298519092,
    "change_7d_pct": 1.3259151629555044,
    "change_30d_pct": 12.854583974014645
  }
}