{
  "timestamp": "2026-01-30T04:34:26.878829+00:00",
  "gsi": 80.97458722599558,
  "classification": "Extremely Bullish",
  "change_from_previous": 0.18443126604884696,
  "components": {
    "raw_sentiment": 97.97610211437735,
    "dampened_sentiment": 78.78566126862641,
    "price_momentum": 100.0,
    "consistency_score": 0.5757132253725283,
    "previous_gsi": 80.79015595994673
  },
  "price_data": {
    "current_price": 5370.31,
    "change_1d_pct": -0.8894519798357647,
    "change_7d_pct": 12.74181934218841,
    "change_30d_pct": 24.826339859026426
  }
}