{
  "timestamp": "2026-01-24T17:37:51.398638+00:00",
  "gsi": 78.54751427656538,
  "classification": "Extremely Bullish",
  "change_from_previous": -0.9820718890552769,
  "components": {
    "raw_sentiment": 42.21494042290169,
    "dampened_sentiment": 45.32896425374101,
    "price_momentum": 100.0,
    "consistency_score": 0.0,
    "previous_gsi": 79.52958616562066
  },
  "price_data": {
    "current_price": 4987.545,
    "change_1d_pct": 1.0431407267544657,
    "change_7d_pct": 7.802099825464848,
    "change_30d_pct": 17.94302132414234
  }
}