{
  "timestamp": "2026-02-04T22:22:04.281409+00:00",
  "gsi": 72.89734713180623,
  "classification": "Bullish",
  "change_from_previous": -1.392080969540359,
  "components": {
    "raw_sentiment": 67.60821216859534,
    "dampened_sentiment": 60.564927301157205,
    "price_momentum": 78.32141911167582,
    "consistency_score": 0.6448701637896277,
    "previous_gsi": 74.28942810134659
  },
  "price_data": {
    "current_price": 4964.455,
    "change_1d_pct": 0.35679595213475856,
    "change_7d_pct": -0.8868258840557974,
    "change_30d_pct": 11.717944794249902
  }
}