{
  "timestamp": "2026-02-15T23:05:31.539548+00:00",
  "gsi": 76.69650722270767,
  "classification": "Extremely Bullish",
  "change_from_previous": 0.0610588579873621,
  "components": {
    "raw_sentiment": 84.65098443789813,
    "dampened_sentiment": 70.79059066273888,
    "price_momentum": 95.83216698434225,
    "consistency_score": 0.4991684735679326,
    "previous_gsi": 76.6354483647203
  },
  "price_data": {
    "current_price": 5042.74,
    "change_1d_pct": 2.454316793784561,
    "change_7d_pct": 1.576910255002817,
    "change_30d_pct": 16.40499392322139
  }
}