{
  "timestamp": "2026-01-26T21:21:26.086501+00:00",
  "gsi": 78.36464286306037,
  "classification": "Extremely Bullish",
  "change_from_previous": -0.097939564136027,
  "components": {
    "raw_sentiment": 76.89397182884056,
    "dampened_sentiment": 66.13638309730433,
    "price_momentum": 100.0,
    "consistency_score": 0.3227276619460866,
    "previous_gsi": 78.4625824271964
  },
  "price_data": {
    "current_price": 4987.545,
    "change_1d_pct": 1.0431407267544657,
    "change_7d_pct": 7.802099825464848,
    "change_30d_pct": 17.94302132414234
  }
}