{
  "timestamp": "2026-01-25T23:47:22.311129+00:00",
  "gsi": 77.26925844381562,
  "classification": "Extremely Bullish",
  "change_from_previous": 0.038530880801474154,
  "components": {
    "raw_sentiment": 74.8827128146335,
    "dampened_sentiment": 64.9296276887801,
    "price_momentum": 100.0,
    "consistency_score": 0.298592553775602,
    "previous_gsi": 77.23072756301414
  },
  "price_data": {
    "current_price": 4987.545,
    "change_1d_pct": 1.0431407267544657,
    "change_7d_pct": 7.802099825464848,
    "change_30d_pct": 17.94302132414234
  }
}