{
  "timestamp": "2026-01-27T19:02:19.604532+00:00",
  "gsi": 81.92620374660706,
  "classification": "Extremely Bullish",
  "change_from_previous": -0.1487542730173459,
  "components": {
    "raw_sentiment": 93.88348167683502,
    "dampened_sentiment": 76.330089006101,
    "price_momentum": 100.0,
    "consistency_score": 0.5266017801220201,
    "previous_gsi": 82.0749580196244
  },
  "price_data": {
    "current_price": 5008.875,
    "change_1d_pct": 0.4276653142979203,
    "change_7d_pct": 8.510216549250016,
    "change_30d_pct": 17.050164105667932
  }
}