{
  "timestamp": "2026-02-12T22:47:27.285593+00:00",
  "gsi": 77.80296210168169,
  "classification": "Extremely Bullish",
  "change_from_previous": -0.5889171117108987,
  "components": {
    "raw_sentiment": 96.59187178925299,
    "dampened_sentiment": 77.95512307355179,
    "price_momentum": 80.71555649630065,
    "consistency_score": 0.9447913315450228,
    "previous_gsi": 78.39187921339258
  },
  "price_data": {
    "current_price": 4921.94,
    "change_1d_pct": -3.1929791435562183,
    "change_7d_pct": -0.5026476685456749,
    "change_30d_pct": 13.865002857070152
  }
}