{
  "timestamp": "2026-01-28T05:45:59.232314+00:00",
  "gsi": 79.76476295094578,
  "classification": "Extremely Bullish",
  "change_from_previous": -0.6560257714191238,
  "components": {
    "raw_sentiment": 64.51402907408323,
    "dampened_sentiment": 58.708417444449935,
    "price_momentum": 100.0,
    "consistency_score": 0.17416834888899868,
    "previous_gsi": 80.4207887223649
  },
  "price_data": {
    "current_price": 5180.625,
    "change_1d_pct": 3.428913678221157,
    "change_7d_pct": 12.712452570752264,
    "change_30d_pct": 20.495483708905926
  }
}