{
  "timestamp": "2026-02-14T07:05:06.504033+00:00",
  "gsi": 73.50211303591657,
  "classification": "Bullish",
  "change_from_previous": -0.14170211691308054,
  "components": {
    "raw_sentiment": 59.138362395192765,
    "dampened_sentiment": 55.483017437115656,
    "price_momentum": 95.83216698434225,
    "consistency_score": 0.19301700905546815,
    "previous_gsi": 73.64381515282965
  },
  "price_data": {
    "current_price": 5042.74,
    "change_1d_pct": 2.454316793784561,
    "change_7d_pct": 1.576910255002817,
    "change_30d_pct": 16.40499392322139
  }
}