{
  "timestamp": "2026-02-14T22:05:41.447166+00:00",
  "gsi": 77.5960146870783,
  "classification": "Extremely Bullish",
  "change_from_previous": 0.3842573148493358,
  "components": {
    "raw_sentiment": 96.32354200323434,
    "dampened_sentiment": 77.7941252019406,
    "price_momentum": 95.83216698434225,
    "consistency_score": 0.639239164351967,
    "previous_gsi": 77.21175737222896
  },
  "price_data": {
    "current_price": 5042.74,
    "change_1d_pct": 2.454316793784561,
    "change_7d_pct": 1.576910255002817,
    "change_30d_pct": 16.40499392322139
  }
}