{
  "timestamp": "2026-02-04T16:34:28.511669+00:00",
  "gsi": 76.45023592617466,
  "classification": "Extremely Bullish",
  "change_from_previous": -0.35642710207855544,
  "components": {
    "raw_sentiment": 85.17192267776271,
    "dampened_sentiment": 71.10315360665763,
    "price_momentum": 89.94099110755758,
    "consistency_score": 0.623243249982001,
    "previous_gsi": 76.80666302825321
  },
  "price_data": {
    "current_price": 4946.805,
    "change_1d_pct": 6.130927861593127,
    "change_7d_pct": -0.8168347353256888,
    "change_30d_pct": 14.014126139581196
  }
}