{
  "timestamp": "2026-01-30T17:18:57.526139+00:00",
  "gsi": 81.50215166447765,
  "classification": "Extremely Bullish",
  "change_from_previous": -0.35674828327952923,
  "components": {
    "raw_sentiment": 86.20167841303524,
    "dampened_sentiment": 71.72100704782115,
    "price_momentum": 100.0,
    "consistency_score": 0.4344201409564229,
    "previous_gsi": 81.85889994775718
  },
  "price_data": {
    "current_price": 5370.31,
    "change_1d_pct": -0.8894519798357647,
    "change_7d_pct": 12.74181934218841,
    "change_30d_pct": 24.826339859026426
  }
}