{
  "timestamp": "2026-01-26T07:52:30.483085+00:00",
  "gsi": 74.94294695222193,
  "classification": "Bullish",
  "change_from_previous": -0.40571405455779086,
  "components": {
    "raw_sentiment": 40.634456783665115,
    "dampened_sentiment": 44.38067407019907,
    "price_momentum": 100.0,
    "consistency_score": 0.0,
    "previous_gsi": 75.34866100677972
  },
  "price_data": {
    "current_price": 4987.545,
    "change_1d_pct": 1.0431407267544657,
    "change_7d_pct": 7.802099825464848,
    "change_30d_pct": 17.94302132414234
  }
}