{
  "timestamp": "2026-02-08T15:54:10.272374+00:00",
  "gsi": 67.72253306457557,
  "classification": "Bullish",
  "change_from_previous": 0.39022576415558774,
  "components": {
    "raw_sentiment": 92.72091835965843,
    "dampened_sentiment": 75.63255101579506,
    "price_momentum": 68.36252760938251,
    "consistency_score": 0.854599531871749,
    "previous_gsi": 67.33230730041998
  },
  "price_data": {
    "current_price": 4964.62,
    "change_1d_pct": 3.8476784136131315,
    "change_7d_pct": -8.376572504777613,
    "change_30d_pct": 10.831883181174318
  }
}