{
  "timestamp": "2026-02-07T21:22:43.406279+00:00",
  "gsi": 66.0444503143825,
  "classification": "Bullish",
  "change_from_previous": -0.5747335637302768,
  "components": {
    "raw_sentiment": 72.70359172600858,
    "dampened_sentiment": 63.62215503560515,
    "price_momentum": 68.36252760938251,
    "consistency_score": 0.9051925485244527,
    "previous_gsi": 66.61918387811278
  },
  "price_data": {
    "current_price": 4964.62,
    "change_1d_pct": 3.8476784136131315,
    "change_7d_pct": -8.376572504777613,
    "change_30d_pct": 10.831883181174318
  }
}