{
  "timestamp": "2026-02-09T14:12:59.442517+00:00",
  "gsi": 64.77784434414754,
  "classification": "Bullish",
  "change_from_previous": 1.0772457929688883,
  "components": {
    "raw_sentiment": 95.37757039377802,
    "dampened_sentiment": 77.22654223626681,
    "price_momentum": 68.36252760938251,
    "consistency_score": 0.822719707462314,
    "previous_gsi": 63.70059855117865
  },
  "price_data": {
    "current_price": 4964.62,
    "change_1d_pct": 3.8476784136131315,
    "change_7d_pct": -8.376572504777613,
    "change_30d_pct": 10.831883181174318
  }
}