{
  "timestamp": "2026-02-06T19:59:50.553099+00:00",
  "gsi": 54.484265362738576,
  "classification": "Neutral",
  "change_from_previous": -0.439902697353709,
  "components": {
    "raw_sentiment": 54.70268263993693,
    "dampened_sentiment": 52.82160958396216,
    "price_momentum": 51.22598317102006,
    "consistency_score": 0.9680874717411581,
    "previous_gsi": 54.924168060092285
  },
  "price_data": {
    "current_price": 4780.675,
    "change_1d_pct": -3.7019169274371433,
    "change_7d_pct": -7.720110990469298,
    "change_30d_pct": 6.603226633664461
  }
}