{
  "timestamp": "2026-01-22T15:25:46.848426+00:00",
  "gsi": 77.35400281378199,
  "classification": "Extremely Bullish",
  "change_from_previous": 0.19247350792588236,
  "components": {
    "raw_sentiment": 87.86873196296152,
    "dampened_sentiment": 72.72123917777691,
    "price_momentum": 97.2763928822247,
    "consistency_score": 0.5088969259110442,
    "previous_gsi": 77.1615293058561
  },
  "price_data": {
    "current_price": 4831.38,
    "change_1d_pct": 1.4277706749633134,
    "change_7d_pct": 5.083684055985138,
    "change_30d_pct": 15.28923844931347
  }
}