{
  "timestamp": "2026-02-05T22:23:22.980321+00:00",
  "gsi": 65.89236345051108,
  "classification": "Bullish",
  "change_from_previous": -0.5383257039136708,
  "components": {
    "raw_sentiment": 93.24376227120979,
    "dampened_sentiment": 75.94625736272587,
    "price_momentum": 51.22598317102006,
    "consistency_score": 0.5055945161658837,
    "previous_gsi": 66.43068915442475
  },
  "price_data": {
    "current_price": 4780.675,
    "change_1d_pct": -3.7019169274371433,
    "change_7d_pct": -7.720110990469298,
    "change_30d_pct": 6.603226633664461
  }
}