{
  "timestamp": "2026-01-28T17:54:30.880037+00:00",
  "gsi": 80.90769699146887,
  "classification": "Extremely Bullish",
  "change_from_previous": -0.3858923416338058,
  "components": {
    "raw_sentiment": 82.1733900425316,
    "dampened_sentiment": 69.30403402551896,
    "price_momentum": 100.0,
    "consistency_score": 0.38608068051037914,
    "previous_gsi": 81.29358933310267
  },
  "price_data": {
    "current_price": 5180.625,
    "change_1d_pct": 3.428913678221157,
    "change_7d_pct": 12.712452570752264,
    "change_30d_pct": 20.495483708905926
  }
}