{
  "timestamp": "2026-02-16T05:27:45.224685+00:00",
  "gsi": 77.66591040491818,
  "classification": "Extremely Bullish",
  "change_from_previous": 0.3757043601981991,
  "components": {
    "raw_sentiment": 96.40787112303958,
    "dampened_sentiment": 77.84472267382375,
    "price_momentum": 95.83216698434225,
    "consistency_score": 0.6402511137896301,
    "previous_gsi": 77.29020604471998
  },
  "price_data": {
    "current_price": 5042.74,
    "change_1d_pct": 2.454316793784561,
    "change_7d_pct": 1.576910255002817,
    "change_30d_pct": 16.40499392322139
  }
}