{
  "timestamp": "2026-02-03T20:27:43.746426+00:00",
  "gsi": 61.440367180775816,
  "classification": "Bullish",
  "change_from_previous": 0.06625216514148491,
  "components": {
    "raw_sentiment": 78.94973366435988,
    "dampened_sentiment": 67.36984019861593,
    "price_momentum": 55.80682822902388,
    "consistency_score": 0.768739760608159,
    "previous_gsi": 61.37411501563433
  },
  "price_data": {
    "current_price": 4661.04,
    "change_1d_pct": -4.7881293612014435,
    "change_7d_pct": -5.571554611932006,
    "change_30d_pct": 7.580915803249333
  }
}