{
  "timestamp": "2026-02-12T12:06:01.779593+00:00",
  "gsi": 79.31209247188463,
  "classification": "Extremely Bullish",
  "change_from_previous": 0.11404348009682508,
  "components": {
    "raw_sentiment": 88.59559806344646,
    "dampened_sentiment": 73.15735883806788,
    "price_momentum": 100.0,
    "consistency_score": 0.4631471767613575,
    "previous_gsi": 79.1980489917878
  },
  "price_data": {
    "current_price": 5084.28,
    "change_1d_pct": 1.1772853185595622,
    "change_7d_pct": 9.080376911590538,
    "change_30d_pct": 17.165371750274527
  }
}