{
  "timestamp": "2026-01-27T22:21:24.072410+00:00",
  "gsi": 82.23538088748248,
  "classification": "Extremely Bullish",
  "change_from_previous": 0.047403372797219845,
  "components": {
    "raw_sentiment": 100.0,
    "dampened_sentiment": 80.0,
    "price_momentum": 100.0,
    "consistency_score": 0.6,
    "previous_gsi": 82.18797751468526
  },
  "price_data": {
    "current_price": 5180.625,
    "change_1d_pct": 3.428913678221157,
    "change_7d_pct": 12.712452570752264,
    "change_30d_pct": 20.495483708905926
  }
}