{
  "timestamp": "2026-02-05T18:40:10.499621+00:00",
  "gsi": 70.62080593900143,
  "classification": "Bullish",
  "change_from_previous": -1.4610374802971933,
  "components": {
    "raw_sentiment": 56.3169377174565,
    "dampened_sentiment": 53.7901626304739,
    "price_momentum": 78.32141911167582,
    "consistency_score": 0.5093748703759615,
    "previous_gsi": 72.08184341929862
  },
  "price_data": {
    "current_price": 4964.455,
    "change_1d_pct": 0.35679595213475856,
    "change_7d_pct": -0.8868258840557974,
    "change_30d_pct": 11.717944794249902
  }
}