{
  "timestamp": "2026-01-29T18:39:08.908530+00:00",
  "gsi": 80.69530227462857,
  "classification": "Extremely Bullish",
  "change_from_previous": -0.19001031463457707,
  "components": {
    "raw_sentiment": 86.90334696681052,
    "dampened_sentiment": 72.14200818008631,
    "price_momentum": 100.0,
    "consistency_score": 0.4428401636017262,
    "previous_gsi": 80.88531258926315
  },
  "price_data": {
    "current_price": 5418.505,
    "change_1d_pct": 4.5917239715285385,
    "change_7d_pct": 16.02061540009785,
    "change_30d_pct": 25.868020469649778
  }
}