{
  "timestamp": "2026-02-08T20:49:33.584339+00:00",
  "gsi": 64.27565709763348,
  "classification": "Bullish",
  "change_from_previous": -1.355917969141359,
  "components": {
    "raw_sentiment": 51.198772962607755,
    "dampened_sentiment": 50.719263777564656,
    "price_momentum": 68.36252760938251,
    "consistency_score": 0.6471347233636429,
    "previous_gsi": 65.63157506677484
  },
  "price_data": {
    "current_price": 4964.62,
    "change_1d_pct": 3.8476784136131315,
    "change_7d_pct": -8.376572504777613,
    "change_30d_pct": 10.831883181174318
  }
}