{
  "timestamp": "2026-02-11T19:54:53.558817+00:00",
  "gsi": 74.993744691333,
  "classification": "Bullish",
  "change_from_previous": -0.14258745640222514,
  "components": {
    "raw_sentiment": 77.07113757552482,
    "dampened_sentiment": 66.24268254531489,
    "price_momentum": 93.29037045377095,
    "consistency_score": 0.45904624183087894,
    "previous_gsi": 75.13633214773523
  },
  "price_data": {
    "current_price": 5025.12,
    "change_1d_pct": -0.645639634028794,
    "change_7d_pct": 2.648995800173237,
    "change_30d_pct": 15.985006555015957
  }
}