{
  "timestamp": "2026-01-22T09:31:03.518350+00:00",
  "gsi": 74.29350433175688,
  "classification": "Bullish",
  "change_from_previous": 0.4764064324607631,
  "components": {
    "raw_sentiment": 80.77358088798982,
    "dampened_sentiment": 68.4641485327939,
    "price_momentum": 97.2763928822247,
    "consistency_score": 0.423755113011384,
    "previous_gsi": 73.81709789929612
  },
  "price_data": {
    "current_price": 4831.38,
    "change_1d_pct": 1.4277706749633134,
    "change_7d_pct": 5.083684055985138,
    "change_30d_pct": 15.28923844931347
  }
}