{
  "timestamp": "2026-02-15T19:58:38.351785+00:00",
  "gsi": 76.99246411857473,
  "classification": "Extremely Bullish",
  "change_from_previous": -0.9534740451210126,
  "components": {
    "raw_sentiment": 48.96662059738009,
    "dampened_sentiment": 49.379972358428056,
    "price_momentum": 95.83216698434225,
    "consistency_score": 0.0709561074817161,
    "previous_gsi": 77.94593816369574
  },
  "price_data": {
    "current_price": 5042.74,
    "change_1d_pct": 2.454316793784561,
    "change_7d_pct": 1.576910255002817,
    "change_30d_pct": 16.40499392322139
  }
}