{
  "timestamp": "2026-02-08T11:20:35.707227+00:00",
  "gsi": 68.40677482389358,
  "classification": "Bullish",
  "change_from_previous": -0.4963902587856097,
  "components": {
    "raw_sentiment": 80.56429173776634,
    "dampened_sentiment": 68.3385750426598,
    "price_momentum": 68.36252760938251,
    "consistency_score": 0.9995209486655457,
    "previous_gsi": 68.9031650826792
  },
  "price_data": {
    "current_price": 4964.62,
    "change_1d_pct": 3.8476784136131315,
    "change_7d_pct": -8.376572504777613,
    "change_30d_pct": 10.831883181174318
  }
}