{
  "timestamp": "2026-01-30T20:25:10.298398+00:00",
  "gsi": 80.24165825276899,
  "classification": "Extremely Bullish",
  "change_from_previous": -0.6868564484671396,
  "components": {
    "raw_sentiment": 66.92620821852951,
    "dampened_sentiment": 60.1557249311177,
    "price_momentum": 100.0,
    "consistency_score": 0.2031144986223541,
    "previous_gsi": 80.92851470123613
  },
  "price_data": {
    "current_price": 5370.31,
    "change_1d_pct": -0.8894519798357647,
    "change_7d_pct": 12.74181934218841,
    "change_30d_pct": 24.826339859026426
  }
}