{
  "timestamp": "2026-02-06T23:21:54.815480+00:00",
  "gsi": 55.30924795996754,
  "classification": "Bullish",
  "change_from_previous": 0.6476608405846207,
  "components": {
    "raw_sentiment": 62.03608267849072,
    "dampened_sentiment": 57.221649607094434,
    "price_momentum": 68.36252760938251,
    "consistency_score": 0.7771824399542384,
    "previous_gsi": 54.66158711938292
  },
  "price_data": {
    "current_price": 4964.62,
    "change_1d_pct": 3.8476784136131315,
    "change_7d_pct": -8.376572504777613,
    "change_30d_pct": 10.831883181174318
  }
}