{
  "timestamp": "2026-01-25T13:07:43.332753+00:00",
  "gsi": 77.08155784103353,
  "classification": "Extremely Bullish",
  "change_from_previous": 0.46864923293287575,
  "components": {
    "raw_sentiment": 87.4999341118736,
    "dampened_sentiment": 72.49996046712415,
    "price_momentum": 100.0,
    "consistency_score": 0.44999920934248305,
    "previous_gsi": 76.61290860810065
  },
  "price_data": {
    "current_price": 4987.545,
    "change_1d_pct": 1.0431407267544657,
    "change_7d_pct": 7.802099825464848,
    "change_30d_pct": 17.94302132414234
  }
}