{
  "timestamp": "2026-02-14T10:17:57.455015+00:00",
  "gsi": 75.40551389160584,
  "classification": "Extremely Bullish",
  "change_from_previous": 0.3344016938934402,
  "components": {
    "raw_sentiment": 85.84514582702418,
    "dampened_sentiment": 71.50708749621451,
    "price_momentum": 95.83216698434225,
    "consistency_score": 0.5134984102374451,
    "previous_gsi": 75.0711121977124
  },
  "price_data": {
    "current_price": 5042.74,
    "change_1d_pct": 2.454316793784561,
    "change_7d_pct": 1.576910255002817,
    "change_30d_pct": 16.40499392322139
  }
}