{
  "timestamp": "2026-02-01T17:29:27.793414+00:00",
  "gsi": 60.394947253006826,
  "classification": "Bullish",
  "change_from_previous": -0.5978894974635764,
  "components": {
    "raw_sentiment": 36.946961118498955,
    "dampened_sentiment": 42.168176671099374,
    "price_momentum": 75.28282638095078,
    "consistency_score": 0.33770700580297186,
    "previous_gsi": 60.9928367504704
  },
  "price_data": {
    "current_price": 4895.44,
    "change_1d_pct": -8.842506298519092,
    "change_7d_pct": 1.3259151629555044,
    "change_30d_pct": 12.854583974014645
  }
}