{
  "timestamp": "2026-01-25T22:08:54.264571+00:00",
  "gsi": 77.6186381979006,
  "classification": "Extremely Bullish",
  "change_from_previous": 0.09582554845509605,
  "components": {
    "raw_sentiment": 78.99948497027707,
    "dampened_sentiment": 67.39969098216623,
    "price_momentum": 100.0,
    "consistency_score": 0.34799381964332465,
    "previous_gsi": 77.5228126494455
  },
  "price_data": {
    "current_price": 4987.545,
    "change_1d_pct": 1.0431407267544657,
    "change_7d_pct": 7.802099825464848,
    "change_30d_pct": 17.94302132414234
  }
}