{
  "timestamp": "2026-01-31T11:58:55.219121+00:00",
  "gsi": 70.46266038520983,
  "classification": "Bullish",
  "change_from_previous": 0.016660425935214107,
  "components": {
    "raw_sentiment": 89.52366593380101,
    "dampened_sentiment": 73.7141995602806,
    "price_momentum": 75.28282638095078,
    "consistency_score": 0.9686274635865965,
    "previous_gsi": 70.44599995927462
  },
  "price_data": {
    "current_price": 4895.44,
    "change_1d_pct": -8.842506298519092,
    "change_7d_pct": 1.3259151629555044,
    "change_30d_pct": 12.854583974014645
  }
}