{
  "timestamp": "2026-02-14T09:00:49.018768+00:00",
  "gsi": 74.56211658007328,
  "classification": "Bullish",
  "change_from_previous": 0.7718717553809427,
  "components": {
    "raw_sentiment": 92.94937689216836,
    "dampened_sentiment": 75.76962613530101,
    "price_momentum": 95.83216698434225,
    "consistency_score": 0.5987491830191751,
    "previous_gsi": 73.79024482469234
  },
  "price_data": {
    "current_price": 5042.74,
    "change_1d_pct": 2.454316793784561,
    "change_7d_pct": 1.576910255002817,
    "change_30d_pct": 16.40499392322139
  }
}