{
  "timestamp": "2026-01-21T08:49:45.388316+00:00",
  "gsi": 53.32243088390755,
  "classification": "Neutral",
  "change_from_previous": 3.3224308839075505,
  "components": {
    "raw_sentiment": 63.12079501521153,
    "dampened_sentiment": 57.87247700912692,
    "price_momentum": 94.05452881979153,
    "consistency_score": 0.27635896378670777,
    "previous_gsi": 50.0
  },
  "price_data": {
    "current_price": 4763.37,
    "change_1d_pct": 1.9929147944615977,
    "change_7d_pct": 5.625923018586776,
    "change_30d_pct": 13.449091798979907
  }
}