{
  "timestamp": "2026-01-31T14:46:21.621083+00:00",
  "gsi": 69.30516419741869,
  "classification": "Bullish",
  "change_from_previous": -1.1659032754755287,
  "components": {
    "raw_sentiment": 67.51052729014442,
    "dampened_sentiment": 60.50631637408665,
    "price_momentum": 75.28282638095078,
    "consistency_score": 0.7044697998627174,
    "previous_gsi": 70.47106747289422
  },
  "price_data": {
    "current_price": 4895.44,
    "change_1d_pct": -8.842506298519092,
    "change_7d_pct": 1.3259151629555044,
    "change_30d_pct": 12.854583974014645
  }
}