{
  "timestamp": "2026-02-02T05:23:56.573817+00:00",
  "gsi": 60.15991696367179,
  "classification": "Bullish",
  "change_from_previous": 0.12103737719661467,
  "components": {
    "raw_sentiment": 56.08052229544964,
    "dampened_sentiment": 53.64831337726979,
    "price_momentum": 75.28282638095078,
    "consistency_score": 0.5673097399263801,
    "previous_gsi": 60.038879586475176
  },
  "price_data": {
    "current_price": 4895.44,
    "change_1d_pct": -8.842506298519092,
    "change_7d_pct": 1.3259151629555044,
    "change_30d_pct": 12.854583974014645
  }
}