{
  "timestamp": "2026-01-26T23:09:23.893998+00:00",
  "gsi": 78.05948086673017,
  "classification": "Extremely Bullish",
  "change_from_previous": -0.034657599860395294,
  "components": {
    "raw_sentiment": 77.21954395240249,
    "dampened_sentiment": 66.33172637144149,
    "price_momentum": 100.0,
    "consistency_score": 0.3266345274288298,
    "previous_gsi": 78.09413846659056
  },
  "price_data": {
    "current_price": 5008.875,
    "change_1d_pct": 0.4276653142979203,
    "change_7d_pct": 8.510216549250016,
    "change_30d_pct": 17.050164105667932
  }
}