{
  "timestamp": "2026-01-28T02:34:19.660371+00:00",
  "gsi": 80.2190662966437,
  "classification": "Extremely Bullish",
  "change_from_previous": -0.2161518561808009,
  "components": {
    "raw_sentiment": 83.65668289668461,
    "dampened_sentiment": 70.19400973801076,
    "price_momentum": 100.0,
    "consistency_score": 0.4038801947602153,
    "previous_gsi": 80.4352181528245
  },
  "price_data": {
    "current_price": 5180.625,
    "change_1d_pct": 3.428913678221157,
    "change_7d_pct": 12.712452570752264,
    "change_30d_pct": 20.495483708905926
  }
}