{
  "timestamp": "2026-01-22T22:01:07.209182+00:00",
  "gsi": 73.93720510563615,
  "classification": "Bullish",
  "change_from_previous": 0.16057373095219418,
  "components": {
    "raw_sentiment": 52.598742081427815,
    "dampened_sentiment": 51.55924524885669,
    "price_momentum": 100.0,
    "consistency_score": 0.031184904977133776,
    "previous_gsi": 73.77663137468396
  },
  "price_data": {
    "current_price": 4936.055,
    "change_1d_pct": 2.1665652463685348,
    "change_7d_pct": 7.633005197334075,
    "change_30d_pct": 17.30405675970166
  }
}