{
  "timestamp": "2026-02-04T13:53:03.761321+00:00",
  "gsi": 76.40136473830415,
  "classification": "Extremely Bullish",
  "change_from_previous": 0.2882802342570159,
  "components": {
    "raw_sentiment": 100.0,
    "dampened_sentiment": 80.0,
    "price_momentum": 89.94099110755758,
    "consistency_score": 0.8011801778488484,
    "previous_gsi": 76.11308450404714
  },
  "price_data": {
    "current_price": 4946.805,
    "change_1d_pct": 6.130927861593127,
    "change_7d_pct": -0.8168347353256888,
    "change_30d_pct": 14.014126139581196
  }
}