{
  "timestamp": "2026-01-24T23:58:13.321339+00:00",
  "gsi": 75.43826422652471,
  "classification": "Extremely Bullish",
  "change_from_previous": 0.16863547171855942,
  "components": {
    "raw_sentiment": 67.267710769164,
    "dampened_sentiment": 60.3606264614984,
    "price_momentum": 100.0,
    "consistency_score": 0.20721252922996802,
    "previous_gsi": 75.26962875480615
  },
  "price_data": {
    "current_price": 4987.545,
    "change_1d_pct": 1.0431407267544657,
    "change_7d_pct": 7.802099825464848,
    "change_30d_pct": 17.94302132414234
  }
}