{
  "timestamp": "2026-01-21T10:50:04.275344+00:00",
  "gsi": 64.41748683992168,
  "classification": "Bullish",
  "change_from_previous": 2.5881914133750286,
  "components": {
    "raw_sentiment": 100.0,
    "dampened_sentiment": 80.0,
    "price_momentum": 94.05452881979153,
    "consistency_score": 0.7189094236041694,
    "previous_gsi": 61.82929542654665
  },
  "price_data": {
    "current_price": 4763.37,
    "change_1d_pct": 1.9929147944615977,
    "change_7d_pct": 5.625923018586776,
    "change_30d_pct": 13.449091798979907
  }
}