{
  "timestamp": "2026-01-24T03:58:56.096444+00:00",
  "gsi": 78.34389421958456,
  "classification": "Extremely Bullish",
  "change_from_previous": -0.617712908147368,
  "components": {
    "raw_sentiment": 52.553847847608914,
    "dampened_sentiment": 51.532308708565346,
    "price_momentum": 100.0,
    "consistency_score": 0.030646174171306884,
    "previous_gsi": 78.96160712773192
  },
  "price_data": {
    "current_price": 4987.545,
    "change_1d_pct": 1.0431407267544657,
    "change_7d_pct": 7.802099825464848,
    "change_30d_pct": 17.94302132414234
  }
}