{
  "timestamp": "2026-01-31T00:15:54.659598+00:00",
  "gsi": 75.17636587384371,
  "classification": "Extremely Bullish",
  "change_from_previous": -0.8780785899427883,
  "components": {
    "raw_sentiment": 88.52511616347007,
    "dampened_sentiment": 73.11506969808204,
    "price_momentum": 75.28282638095078,
    "consistency_score": 0.9566448663426251,
    "previous_gsi": 76.0544444637865
  },
  "price_data": {
    "current_price": 4895.44,
    "change_1d_pct": -8.842506298519092,
    "change_7d_pct": 1.3259151629555044,
    "change_30d_pct": 12.854583974014645
  }
}