{
  "timestamp": "2026-02-01T09:27:29.957925+00:00",
  "gsi": 62.887789406565346,
  "classification": "Bullish",
  "change_from_previous": -0.31381431121706527,
  "components": {
    "raw_sentiment": 57.201065297164135,
    "dampened_sentiment": 54.32063917829848,
    "price_momentum": 75.28282638095078,
    "consistency_score": 0.5807562559469539,
    "previous_gsi": 63.20160371778241
  },
  "price_data": {
    "current_price": 4895.44,
    "change_1d_pct": -8.842506298519092,
    "change_7d_pct": 1.3259151629555044,
    "change_30d_pct": 12.854583974014645
  }
}