{
  "timestamp": "2026-01-25T13:54:52.366902+00:00",
  "gsi": 77.50023343271197,
  "classification": "Extremely Bullish",
  "change_from_previous": 0.4186755916784364,
  "components": {
    "raw_sentiment": 88.1737721641954,
    "dampened_sentiment": 72.90426329851724,
    "price_momentum": 100.0,
    "consistency_score": 0.4580852659703447,
    "previous_gsi": 77.08155784103353
  },
  "price_data": {
    "current_price": 4987.545,
    "change_1d_pct": 1.0431407267544657,
    "change_7d_pct": 7.802099825464848,
    "change_30d_pct": 17.94302132414234
  }
}