{
  "timestamp": "2026-02-11T22:46:10.267078+00:00",
  "gsi": 75.53905319808406,
  "classification": "Extremely Bullish",
  "change_from_previous": 1.2291082591616345,
  "components": {
    "raw_sentiment": 100.0,
    "dampened_sentiment": 80.0,
    "price_momentum": 100.0,
    "consistency_score": 0.6,
    "previous_gsi": 74.30994493892243
  },
  "price_data": {
    "current_price": 5084.28,
    "change_1d_pct": 1.1772853185595622,
    "change_7d_pct": 9.080376911590538,
    "change_30d_pct": 17.165371750274527
  }
}