{
  "timestamp": "2026-01-24T21:39:32.491092+00:00",
  "gsi": 76.4089313975669,
  "classification": "Extremely Bullish",
  "change_from_previous": 0.32511737750633074,
  "components": {
    "raw_sentiment": 79.52146065342329,
    "dampened_sentiment": 67.71287639205397,
    "price_momentum": 100.0,
    "consistency_score": 0.35425752784107944,
    "previous_gsi": 76.08381402006057
  },
  "price_data": {
    "current_price": 4987.545,
    "change_1d_pct": 1.0431407267544657,
    "change_7d_pct": 7.802099825464848,
    "change_30d_pct": 17.94302132414234
  }
}