{
  "timestamp": "2026-02-16T11:32:58.662053+00:00",
  "gsi": 77.72918018531436,
  "classification": "Extremely Bullish",
  "change_from_previous": -0.4384931637731029,
  "components": {
    "raw_sentiment": 75.5894542332586,
    "dampened_sentiment": 65.35367253995517,
    "price_momentum": 95.83216698434225,
    "consistency_score": 0.39043011111225834,
    "previous_gsi": 78.16767334908747
  },
  "price_data": {
    "current_price": 5042.74,
    "change_1d_pct": 2.454316793784561,
    "change_7d_pct": 1.576910255002817,
    "change_30d_pct": 16.40499392322139
  }
}