{
  "timestamp": "2026-02-15T21:37:51.129528+00:00",
  "gsi": 76.66893309196662,
  "classification": "Extremely Bullish",
  "change_from_previous": 0.423130938790635,
  "components": {
    "raw_sentiment": 93.4861890315815,
    "dampened_sentiment": 76.0917134189489,
    "price_momentum": 95.83216698434225,
    "consistency_score": 0.605190928692133,
    "previous_gsi": 76.24580215317599
  },
  "price_data": {
    "current_price": 5042.74,
    "change_1d_pct": 2.454316793784561,
    "change_7d_pct": 1.576910255002817,
    "change_30d_pct": 16.40499392322139
  }
}