{
  "timestamp": "2026-02-01T05:24:12.609251+00:00",
  "gsi": 63.30474690652325,
  "classification": "Bullish",
  "change_from_previous": 0.6886377984116479,
  "components": {
    "raw_sentiment": 80.13979562197997,
    "dampened_sentiment": 68.08387737318799,
    "price_momentum": 75.28282638095078,
    "consistency_score": 0.8560210198447442,
    "previous_gsi": 62.6161091081116
  },
  "price_data": {
    "current_price": 4895.44,
    "change_1d_pct": -8.842506298519092,
    "change_7d_pct": 1.3259151629555044,
    "change_30d_pct": 12.854583974014645
  }
}