{
  "timestamp": "2026-01-21T06:26:17.931832+00:00",
  "gsi": 53.40828767646983,
  "classification": "Neutral",
  "change_from_previous": 3.4082876764698327,
  "components": {
    "raw_sentiment": 66.7760241334341,
    "dampened_sentiment": 60.06561448006046,
    "price_momentum": 94.05452881979153,
    "consistency_score": 0.3202217132053786,
    "previous_gsi": 50.0
  },
  "price_data": {
    "current_price": 4763.37,
    "change_1d_pct": 1.9929147944615977,
    "change_7d_pct": 5.625923018586776,
    "change_30d_pct": 13.449091798979907
  }
}