{
  "timestamp": "2026-01-22T17:57:05.645151+00:00",
  "gsi": 75.99412398498251,
  "classification": "Extremely Bullish",
  "change_from_previous": -0.3445233677819459,
  "components": {
    "raw_sentiment": 62.44415105438807,
    "dampened_sentiment": 57.46649063263284,
    "price_momentum": 97.2763928822247,
    "consistency_score": 0.2038019550081629,
    "previous_gsi": 76.33864735276445
  },
  "price_data": {
    "current_price": 4831.38,
    "change_1d_pct": 1.4277706749633134,
    "change_7d_pct": 5.083684055985138,
    "change_30d_pct": 15.28923844931347
  }
}