{
  "timestamp": "2026-01-24T19:07:21.653890+00:00",
  "gsi": 76.26624315748164,
  "classification": "Extremely Bullish",
  "change_from_previous": -0.6982333923275803,
  "components": {
    "raw_sentiment": 39.07370339694377,
    "dampened_sentiment": 43.44422203816626,
    "price_momentum": 100.0,
    "consistency_score": 0.0,
    "previous_gsi": 76.96447654980922
  },
  "price_data": {
    "current_price": 4987.545,
    "change_1d_pct": 1.0431407267544657,
    "change_7d_pct": 7.802099825464848,
    "change_30d_pct": 17.94302132414234
  }
}