{
  "timestamp": "2026-01-30T05:44:16.526834+00:00",
  "gsi": 81.03986510763846,
  "classification": "Extremely Bullish",
  "change_from_previous": 0.06527788164288495,
  "components": {
    "raw_sentiment": 95.33921888011764,
    "dampened_sentiment": 77.20353132807058,
    "price_momentum": 100.0,
    "consistency_score": 0.5440706265614117,
    "previous_gsi": 80.97458722599558
  },
  "price_data": {
    "current_price": 5370.31,
    "change_1d_pct": -0.8894519798357647,
    "change_7d_pct": 12.74181934218841,
    "change_30d_pct": 24.826339859026426
  }
}