{
  "timestamp": "2026-02-08T16:23:12.184044+00:00",
  "gsi": 67.57985794526664,
  "classification": "Bullish",
  "change_from_previous": -0.14267511930893306,
  "components": {
    "raw_sentiment": 83.86252398353903,
    "dampened_sentiment": 70.31751439012342,
    "price_momentum": 68.36252760938251,
    "consistency_score": 0.9609002643851818,
    "previous_gsi": 67.72253306457557
  },
  "price_data": {
    "current_price": 4964.62,
    "change_1d_pct": 3.8476784136131315,
    "change_7d_pct": -8.376572504777613,
    "change_30d_pct": 10.831883181174318
  }
}