{
  "timestamp": "2026-01-30T23:45:18.319610+00:00",
  "gsi": 76.0544444637865,
  "classification": "Extremely Bullish",
  "change_from_previous": -0.3101159535254112,
  "components": {
    "raw_sentiment": 100.0,
    "dampened_sentiment": 80.0,
    "price_momentum": 75.28282638095078,
    "consistency_score": 0.9056565276190156,
    "previous_gsi": 76.3645604173119
  },
  "price_data": {
    "current_price": 4895.44,
    "change_1d_pct": -8.842506298519092,
    "change_7d_pct": 1.3259151629555044,
    "change_30d_pct": 12.854583974014645
  }
}