{
  "timestamp": "2026-02-14T15:52:19.493759+00:00",
  "gsi": 75.3099469831951,
  "classification": "Extremely Bullish",
  "change_from_previous": 0.09555707713933259,
  "components": {
    "raw_sentiment": 78.81112574693884,
    "dampened_sentiment": 67.28667544816331,
    "price_momentum": 95.83216698434225,
    "consistency_score": 0.4290901692764212,
    "previous_gsi": 75.21438990605577
  },
  "price_data": {
    "current_price": 5042.74,
    "change_1d_pct": 2.454316793784561,
    "change_7d_pct": 1.576910255002817,
    "change_30d_pct": 16.40499392322139
  }
}