{
  "timestamp": "2026-02-11T21:17:11.136232+00:00",
  "gsi": 74.2898069438651,
  "classification": "Bullish",
  "change_from_previous": -0.1229168536943348,
  "components": {
    "raw_sentiment": 74.06914724369888,
    "dampened_sentiment": 64.44148834621933,
    "price_momentum": 93.29037045377095,
    "consistency_score": 0.4230223578489677,
    "previous_gsi": 74.41272379755944
  },
  "price_data": {
    "current_price": 5025.12,
    "change_1d_pct": -0.645639634028794,
    "change_7d_pct": 2.648995800173237,
    "change_30d_pct": 15.985006555015957
  }
}