{
  "timestamp": "2026-02-02T10:19:15.476713+00:00",
  "gsi": 60.22131769540793,
  "classification": "Bullish",
  "change_from_previous": 0.7309203673158962,
  "components": {
    "raw_sentiment": 72.17389089558051,
    "dampened_sentiment": 63.30433453734831,
    "price_momentum": 75.28282638095078,
    "consistency_score": 0.7604301631279506,
    "previous_gsi": 59.49039732809204
  },
  "price_data": {
    "current_price": 4895.44,
    "change_1d_pct": -8.842506298519092,
    "change_7d_pct": 1.3259151629555044,
    "change_30d_pct": 12.854583974014645
  }
}