{
  "timestamp": "2026-01-24T22:59:03.443265+00:00",
  "gsi": 74.94698001840634,
  "classification": "Bullish",
  "change_from_previous": -0.6700225511692537,
  "components": {
    "raw_sentiment": 33.66099702045089,
    "dampened_sentiment": 40.19659821227054,
    "price_momentum": 100.0,
    "consistency_score": 0.0,
    "previous_gsi": 75.61700256957559
  },
  "price_data": {
    "current_price": 4987.545,
    "change_1d_pct": 1.0431407267544657,
    "change_7d_pct": 7.802099825464848,
    "change_30d_pct": 17.94302132414234
  }
}