{
  "timestamp": "2026-02-03T18:46:45.856444+00:00",
  "gsi": 61.312640022089994,
  "classification": "Bullish",
  "change_from_previous": -0.07333716390987632,
  "components": {
    "raw_sentiment": 76.37625087264132,
    "dampened_sentiment": 65.82575052358479,
    "price_momentum": 55.80682822902388,
    "consistency_score": 0.7996215541087819,
    "previous_gsi": 61.38597718599987
  },
  "price_data": {
    "current_price": 4661.04,
    "change_1d_pct": -4.7881293612014435,
    "change_7d_pct": -5.571554611932006,
    "change_30d_pct": 7.580915803249333
  }
}