{
  "timestamp": "2026-02-07T22:11:26.468812+00:00",
  "gsi": 63.67536790388561,
  "classification": "Bullish",
  "change_from_previous": -1.093079979197178,
  "components": {
    "raw_sentiment": 54.59191557937607,
    "dampened_sentiment": 52.75514934762564,
    "price_momentum": 68.36252760938251,
    "consistency_score": 0.6878524347648626,
    "previous_gsi": 64.76844788308279
  },
  "price_data": {
    "current_price": 4964.62,
    "change_1d_pct": 3.8476784136131315,
    "change_7d_pct": -8.376572504777613,
    "change_30d_pct": 10.831883181174318
  }
}