{
  "timestamp": "2026-01-23T19:47:04.384750+00:00",
  "gsi": 77.70319621849872,
  "classification": "Extremely Bullish",
  "change_from_previous": -0.14267021511246014,
  "components": {
    "raw_sentiment": 70.92763604445159,
    "dampened_sentiment": 62.556581626670955,
    "price_momentum": 100.0,
    "consistency_score": 0.2511316325334191,
    "previous_gsi": 77.84586643361118
  },
  "price_data": {
    "current_price": 4936.055,
    "change_1d_pct": 2.1665652463685348,
    "change_7d_pct": 7.633005197334075,
    "change_30d_pct": 17.30405675970166
  }
}