{
  "timestamp": "2026-01-23T21:09:33.570293+00:00",
  "gsi": 77.22512893422112,
  "classification": "Extremely Bullish",
  "change_from_previous": -0.19035343920965886,
  "components": {
    "raw_sentiment": 65.32343322339233,
    "dampened_sentiment": 59.194059934035394,
    "price_momentum": 100.0,
    "consistency_score": 0.18388119868070785,
    "previous_gsi": 77.41548237343078
  },
  "price_data": {
    "current_price": 4936.055,
    "change_1d_pct": 2.1665652463685348,
    "change_7d_pct": 7.633005197334075,
    "change_30d_pct": 17.30405675970166
  }
}