{
  "timestamp": "2026-01-21T04:41:55.845528+00:00",
  "gsi": 53.32694341395397,
  "classification": "Neutral",
  "change_from_previous": 3.3269434139539698,
  "components": {
    "raw_sentiment": 63.320459717101144,
    "dampened_sentiment": 57.99227583026069,
    "price_momentum": 94.05452881979153,
    "consistency_score": 0.2787549402093832,
    "previous_gsi": 50.0
  },
  "price_data": {
    "current_price": 4763.37,
    "change_1d_pct": 1.9929147944615977,
    "change_7d_pct": 5.625923018586776,
    "change_30d_pct": 13.449091798979907
  }
}