{
  "timestamp": "2026-02-08T14:05:12.178269+00:00",
  "gsi": 67.36436665099883,
  "classification": "Bullish",
  "change_from_previous": -1.0620754276720845,
  "components": {
    "raw_sentiment": 68.66525122445695,
    "dampened_sentiment": 61.19915073467417,
    "price_momentum": 68.36252760938251,
    "consistency_score": 0.8567324625058332,
    "previous_gsi": 68.42644207867092
  },
  "price_data": {
    "current_price": 4964.62,
    "change_1d_pct": 3.8476784136131315,
    "change_7d_pct": -8.376572504777613,
    "change_30d_pct": 10.831883181174318
  }
}