{
  "timestamp": "2026-01-21T15:26:31.769324+00:00",
  "gsi": 70.20854968828509,
  "classification": "Bullish",
  "change_from_previous": 0.7554053470918802,
  "components": {
    "raw_sentiment": 76.6101505476205,
    "dampened_sentiment": 65.9660903285723,
    "price_momentum": 94.05452881979153,
    "consistency_score": 0.4382312301756156,
    "previous_gsi": 69.45314434119321
  },
  "price_data": {
    "current_price": 4763.37,
    "change_1d_pct": 1.9929147944615977,
    "change_7d_pct": 5.625923018586776,
    "change_30d_pct": 13.449091798979907
  }
}