{
  "timestamp": "2026-01-22T08:08:03.442514+00:00",
  "gsi": 73.6724274063629,
  "classification": "Bullish",
  "change_from_previous": 0.24035072370476485,
  "components": {
    "raw_sentiment": 69.45315213756936,
    "dampened_sentiment": 61.671891282541615,
    "price_momentum": 97.2763928822247,
    "consistency_score": 0.2879099680063384,
    "previous_gsi": 73.43207668265813
  },
  "price_data": {
    "current_price": 4831.38,
    "change_1d_pct": 1.4277706749633134,
    "change_7d_pct": 5.083684055985138,
    "change_30d_pct": 15.28923844931347
  }
}