{
  "timestamp": "2026-02-08T13:19:52.043807+00:00",
  "gsi": 68.42644207867092,
  "classification": "Bullish",
  "change_from_previous": 0.29671773872100005,
  "components": {
    "raw_sentiment": 93.20839792072091,
    "dampened_sentiment": 75.92503875243254,
    "price_momentum": 68.36252760938251,
    "consistency_score": 0.8487497771389994,
    "previous_gsi": 68.12972433994992
  },
  "price_data": {
    "current_price": 4964.62,
    "change_1d_pct": 3.8476784136131315,
    "change_7d_pct": -8.376572504777613,
    "change_30d_pct": 10.831883181174318
  }
}