{
  "timestamp": "2026-01-26T12:09:11.458938+00:00",
  "gsi": 75.62338184344186,
  "classification": "Extremely Bullish",
  "change_from_previous": 0.05568093993430523,
  "components": {
    "raw_sentiment": 63.60779264723961,
    "dampened_sentiment": 58.16467558834377,
    "price_momentum": 100.0,
    "consistency_score": 0.16329351176687534,
    "previous_gsi": 75.56770090350756
  },
  "price_data": {
    "current_price": 4987.545,
    "change_1d_pct": 1.0431407267544657,
    "change_7d_pct": 7.802099825464848,
    "change_30d_pct": 17.94302132414234
  }
}