{
  "timestamp": "2026-01-26T22:09:37.593637+00:00",
  "gsi": 78.07892673705878,
  "classification": "Extremely Bullish",
  "change_from_previous": -0.015951780525981007,
  "components": {
    "raw_sentiment": 77.97532211988701,
    "dampened_sentiment": 66.7851932719322,
    "price_momentum": 100.0,
    "consistency_score": 0.33570386543864406,
    "previous_gsi": 78.09487851758476
  },
  "price_data": {
    "current_price": 5008.875,
    "change_1d_pct": 0.4276653142979203,
    "change_7d_pct": 8.510216549250016,
    "change_30d_pct": 17.050164105667932
  }
}