{
  "timestamp": "2026-01-30T18:03:35.289639+00:00",
  "gsi": 81.26927634308625,
  "classification": "Extremely Bullish",
  "change_from_previous": -0.2328753213914041,
  "components": {
    "raw_sentiment": 88.5529199462592,
    "dampened_sentiment": 73.13175196775552,
    "price_momentum": 100.0,
    "consistency_score": 0.4626350393551104,
    "previous_gsi": 81.50215166447765
  },
  "price_data": {
    "current_price": 5370.31,
    "change_1d_pct": -0.8894519798357647,
    "change_7d_pct": 12.74181934218841,
    "change_30d_pct": 24.826339859026426
  }
}