{
  "timestamp": "2026-02-03T12:36:15.088573+00:00",
  "gsi": 57.95253589929182,
  "classification": "Bullish",
  "change_from_previous": 1.516258551510191,
  "components": {
    "raw_sentiment": 100.0,
    "dampened_sentiment": 80.0,
    "price_momentum": 55.80682822902388,
    "consistency_score": 0.5161365645804776,
    "previous_gsi": 56.436277347781626
  },
  "price_data": {
    "current_price": 4661.04,
    "change_1d_pct": -4.7881293612014435,
    "change_7d_pct": -5.571554611932006,
    "change_30d_pct": 7.580915803249333
  }
}