{
  "timestamp": "2026-01-22T08:57:10.109448+00:00",
  "gsi": 73.81709789929612,
  "classification": "Bullish",
  "change_from_previous": 0.14467049293321566,
  "components": {
    "raw_sentiment": 66.78627195900168,
    "dampened_sentiment": 60.07176317540101,
    "price_momentum": 97.2763928822247,
    "consistency_score": 0.2559074058635262,
    "previous_gsi": 73.6724274063629
  },
  "price_data": {
    "current_price": 4831.38,
    "change_1d_pct": 1.4277706749633134,
    "change_7d_pct": 5.083684055985138,
    "change_30d_pct": 15.28923844931347
  }
}