{
  "timestamp": "2026-01-26T20:09:14.396900+00:00",
  "gsi": 78.3095794651102,
  "classification": "Extremely Bullish",
  "change_from_previous": 0.054310677640302174,
  "components": {
    "raw_sentiment": 81.59981945239898,
    "dampened_sentiment": 68.95989167143938,
    "price_momentum": 100.0,
    "consistency_score": 0.37919783342878755,
    "previous_gsi": 78.2552687874699
  },
  "price_data": {
    "current_price": 4987.545,
    "change_1d_pct": 1.0431407267544657,
    "change_7d_pct": 7.802099825464848,
    "change_30d_pct": 17.94302132414234
  }
}