{
  "timestamp": "2026-01-23T08:27:30.226241+00:00",
  "gsi": 78.14706773194298,
  "classification": "Extremely Bullish",
  "change_from_previous": 0.3369555867686813,
  "components": {
    "raw_sentiment": 89.07552564433145,
    "dampened_sentiment": 73.44531538659886,
    "price_momentum": 100.0,
    "consistency_score": 0.4689063077319773,
    "previous_gsi": 77.8101121451743
  },
  "price_data": {
    "current_price": 4936.055,
    "change_1d_pct": 2.1665652463685348,
    "change_7d_pct": 7.633005197334075,
    "change_30d_pct": 17.30405675970166
  }
}