{
  "timestamp": "2026-02-14T17:40:56.212730+00:00",
  "gsi": 77.1910445834078,
  "classification": "Extremely Bullish",
  "change_from_previous": 0.5160564349852876,
  "components": {
    "raw_sentiment": 97.65773750577353,
    "dampened_sentiment": 78.59464250346412,
    "price_momentum": 95.83216698434225,
    "consistency_score": 0.6552495103824373,
    "previous_gsi": 76.67498814842251
  },
  "price_data": {
    "current_price": 5042.74,
    "change_1d_pct": 2.454316793784561,
    "change_7d_pct": 1.576910255002817,
    "change_30d_pct": 16.40499392322139
  }
}