{
  "timestamp": "2026-01-23T20:09:07.406187+00:00",
  "gsi": 77.39216706929761,
  "classification": "Extremely Bullish",
  "change_from_previous": -0.31102914920110436,
  "components": {
    "raw_sentiment": 60.879909698387124,
    "dampened_sentiment": 56.527945819032276,
    "price_momentum": 100.0,
    "consistency_score": 0.13055891638064554,
    "previous_gsi": 77.70319621849872
  },
  "price_data": {
    "current_price": 4936.055,
    "change_1d_pct": 2.1665652463685348,
    "change_7d_pct": 7.633005197334075,
    "change_30d_pct": 17.30405675970166
  }
}