{
  "timestamp": "2026-01-23T07:29:13.907696+00:00",
  "gsi": 77.85154488676721,
  "classification": "Extremely Bullish",
  "change_from_previous": 0.5012641761222909,
  "components": {
    "raw_sentiment": 92.09490027048494,
    "dampened_sentiment": 75.25694016229096,
    "price_momentum": 100.0,
    "consistency_score": 0.5051388032458192,
    "previous_gsi": 77.35028071064492
  },
  "price_data": {
    "current_price": 4936.055,
    "change_1d_pct": 2.1665652463685348,
    "change_7d_pct": 7.633005197334075,
    "change_30d_pct": 17.30405675970166
  }
}