{
  "timestamp": "2026-02-14T16:56:34.709238+00:00",
  "gsi": 76.67498814842251,
  "classification": "Extremely Bullish",
  "change_from_previous": 0.5519833624016286,
  "components": {
    "raw_sentiment": 96.439297739428,
    "dampened_sentiment": 77.8635786436568,
    "price_momentum": 95.83216698434225,
    "consistency_score": 0.6406282331862909,
    "previous_gsi": 76.12300478602089
  },
  "price_data": {
    "current_price": 5042.74,
    "change_1d_pct": 2.454316793784561,
    "change_7d_pct": 1.576910255002817,
    "change_30d_pct": 16.40499392322139
  }
}