{
  "timestamp": "2026-02-08T22:58:57.475242+00:00",
  "gsi": 64.31829195086216,
  "classification": "Bullish",
  "change_from_previous": 0.29103767106737166,
  "components": {
    "raw_sentiment": 81.61081478949983,
    "dampened_sentiment": 68.96648887369989,
    "price_momentum": 68.36252760938251,
    "consistency_score": 0.9879207747136525,
    "previous_gsi": 64.02725427979479
  },
  "price_data": {
    "current_price": 4964.62,
    "change_1d_pct": 3.8476784136131315,
    "change_7d_pct": -8.376572504777613,
    "change_30d_pct": 10.831883181174318
  }
}