{
  "timestamp": "2026-02-13T04:13:43.420815+00:00",
  "gsi": 72.60866845527623,
  "classification": "Bullish",
  "change_from_previous": -0.9821582498469326,
  "components": {
    "raw_sentiment": 71.5953107158478,
    "dampened_sentiment": 62.95718642950868,
    "price_momentum": 80.71555649630065,
    "consistency_score": 0.6448325986641606,
    "previous_gsi": 73.59082670512316
  },
  "price_data": {
    "current_price": 4921.94,
    "change_1d_pct": -3.1929791435562183,
    "change_7d_pct": -0.5026476685456749,
    "change_30d_pct": 13.865002857070152
  }
}