{
  "timestamp": "2026-01-24T02:31:58.512765+00:00",
  "gsi": 78.96160712773192,
  "classification": "Extremely Bullish",
  "change_from_previous": -0.2650535309561519,
  "components": {
    "raw_sentiment": 74.70388889400323,
    "dampened_sentiment": 64.82233333640194,
    "price_momentum": 100.0,
    "consistency_score": 0.29644666672803877,
    "previous_gsi": 79.22666065868808
  },
  "price_data": {
    "current_price": 4987.545,
    "change_1d_pct": 1.0431407267544657,
    "change_7d_pct": 7.802099825464848,
    "change_30d_pct": 17.94302132414234
  }
}