{
  "timestamp": "2026-01-31T10:03:17.649450+00:00",
  "gsi": 69.71246500558948,
  "classification": "Bullish",
  "change_from_previous": 0.809056892038754,
  "components": {
    "raw_sentiment": 100.0,
    "dampened_sentiment": 80.0,
    "price_momentum": 75.28282638095078,
    "consistency_score": 0.9056565276190156,
    "previous_gsi": 68.90340811355073
  },
  "price_data": {
    "current_price": 4895.44,
    "change_1d_pct": -8.842506298519092,
    "change_7d_pct": 1.3259151629555044,
    "change_30d_pct": 12.854583974014645
  }
}