{
  "timestamp": "2026-01-25T11:30:44.378990+00:00",
  "gsi": 76.87658059538646,
  "classification": "Extremely Bullish",
  "change_from_previous": -0.3726640359605966,
  "components": {
    "raw_sentiment": 51.550401509576496,
    "dampened_sentiment": 50.9302409057459,
    "price_momentum": 100.0,
    "consistency_score": 0.018604818114917987,
    "previous_gsi": 77.24924463134705
  },
  "price_data": {
    "current_price": 4987.545,
    "change_1d_pct": 1.0431407267544657,
    "change_7d_pct": 7.802099825464848,
    "change_30d_pct": 17.94302132414234
  }
}