{
  "timestamp": "2026-01-21T14:07:18.684643+00:00",
  "gsi": 69.06283591621512,
  "classification": "Bullish",
  "change_from_previous": 0.5054412108749631,
  "components": {
    "raw_sentiment": 61.614596581620084,
    "dampened_sentiment": 56.96875794897205,
    "price_momentum": 94.05452881979153,
    "consistency_score": 0.2582845825836104,
    "previous_gsi": 68.55739470534016
  },
  "price_data": {
    "current_price": 4763.37,
    "change_1d_pct": 1.9929147944615977,
    "change_7d_pct": 5.625923018586776,
    "change_30d_pct": 13.449091798979907
  }
}