{
  "timestamp": "2026-02-02T12:02:23.757481+00:00",
  "gsi": 62.46686408006874,
  "classification": "Bullish",
  "change_from_previous": 1.1767077363786385,
  "components": {
    "raw_sentiment": 85.53992677611181,
    "dampened_sentiment": 71.32395606566709,
    "price_momentum": 75.28282638095078,
    "consistency_score": 0.9208225936943262,
    "previous_gsi": 61.2901563436901
  },
  "price_data": {
    "current_price": 4895.44,
    "change_1d_pct": -8.842506298519092,
    "change_7d_pct": 1.3259151629555044,
    "change_30d_pct": 12.854583974014645
  }
}