{
  "timestamp": "2026-01-24T17:08:47.176570+00:00",
  "gsi": 79.52958616562066,
  "classification": "Extremely Bullish",
  "change_from_previous": -0.14176797756098836,
  "components": {
    "raw_sentiment": 82.20233972891464,
    "dampened_sentiment": 69.32140383734878,
    "price_momentum": 100.0,
    "consistency_score": 0.38642807674697566,
    "previous_gsi": 79.67135414318165
  },
  "price_data": {
    "current_price": 4987.545,
    "change_1d_pct": 1.0431407267544657,
    "change_7d_pct": 7.802099825464848,
    "change_30d_pct": 17.94302132414234
  }
}