{
  "timestamp": "2026-02-07T19:25:01.847562+00:00",
  "gsi": 67.30842648183935,
  "classification": "Bullish",
  "change_from_previous": -1.4525672832566983,
  "components": {
    "raw_sentiment": 62.31027265077185,
    "dampened_sentiment": 57.38616359046311,
    "price_momentum": 68.36252760938251,
    "consistency_score": 0.780472719621612,
    "previous_gsi": 68.76099376509605
  },
  "price_data": {
    "current_price": 4964.62,
    "change_1d_pct": 3.8476784136131315,
    "change_7d_pct": -8.376572504777613,
    "change_30d_pct": 10.831883181174318
  }
}