{
  "timestamp": "2026-02-15T22:01:14.049557+00:00",
  "gsi": 76.5121049671916,
  "classification": "Extremely Bullish",
  "change_from_previous": -0.15682812477501784,
  "components": {
    "raw_sentiment": 77.6229524713045,
    "dampened_sentiment": 66.5737714827827,
    "price_momentum": 95.83216698434225,
    "consistency_score": 0.41483208996880905,
    "previous_gsi": 76.66893309196662
  },
  "price_data": {
    "current_price": 5042.74,
    "change_1d_pct": 2.454316793784561,
    "change_7d_pct": 1.576910255002817,
    "change_30d_pct": 16.40499392322139
  }
}