{
  "timestamp": "2026-01-23T04:23:01.965006+00:00",
  "gsi": 75.25005547820538,
  "classification": "Extremely Bullish",
  "change_from_previous": 0.23652205060014353,
  "components": {
    "raw_sentiment": 68.74380460341956,
    "dampened_sentiment": 61.246282762051734,
    "price_momentum": 100.0,
    "consistency_score": 0.2249256552410347,
    "previous_gsi": 75.01353342760524
  },
  "price_data": {
    "current_price": 4936.055,
    "change_1d_pct": 2.1665652463685348,
    "change_7d_pct": 7.633005197334075,
    "change_30d_pct": 17.30405675970166
  }
}