{
  "timestamp": "2026-01-26T23:40:02.915736+00:00",
  "gsi": 78.05322462758704,
  "classification": "Extremely Bullish",
  "change_from_previous": -0.006256239143127118,
  "components": {
    "raw_sentiment": 78.14980586652808,
    "dampened_sentiment": 66.88988351991685,
    "price_momentum": 100.0,
    "consistency_score": 0.33779767039833697,
    "previous_gsi": 78.05948086673017
  },
  "price_data": {
    "current_price": 5008.875,
    "change_1d_pct": 0.4276653142979203,
    "change_7d_pct": 8.510216549250016,
    "change_30d_pct": 17.050164105667932
  }
}