{
  "timestamp": "2026-01-22T17:11:47.359527+00:00",
  "gsi": 76.33864735276445,
  "classification": "Extremely Bullish",
  "change_from_previous": -0.5216115718963437,
  "components": {
    "raw_sentiment": 56.96237744202944,
    "dampened_sentiment": 54.177426465217664,
    "price_momentum": 97.2763928822247,
    "consistency_score": 0.13802067165985932,
    "previous_gsi": 76.8602589246608
  },
  "price_data": {
    "current_price": 4831.38,
    "change_1d_pct": 1.4277706749633134,
    "change_7d_pct": 5.083684055985138,
    "change_30d_pct": 15.28923844931347
  }
}