{
  "timestamp": "2026-01-23T13:16:50.073612+00:00",
  "gsi": 80.19681951806311,
  "classification": "Extremely Bullish",
  "change_from_previous": -0.1510211988659904,
  "components": {
    "raw_sentiment": 85.48325876914673,
    "dampened_sentiment": 71.28995526148803,
    "price_momentum": 100.0,
    "consistency_score": 0.4257991052297606,
    "previous_gsi": 80.3478407169291
  },
  "price_data": {
    "current_price": 4936.055,
    "change_1d_pct": 2.1665652463685348,
    "change_7d_pct": 7.633005197334075,
    "change_30d_pct": 17.30405675970166
  }
}