{
  "timestamp": "2026-02-14T07:48:31.039562+00:00",
  "gsi": 73.62455500180126,
  "classification": "Bullish",
  "change_from_previous": 0.12244196588468981,
  "components": {
    "raw_sentiment": 70.26078550005866,
    "dampened_sentiment": 62.15647130003519,
    "price_momentum": 95.83216698434225,
    "consistency_score": 0.3264860863138588,
    "previous_gsi": 73.50211303591657
  },
  "price_data": {
    "current_price": 5042.74,
    "change_1d_pct": 2.454316793784561,
    "change_7d_pct": 1.576910255002817,
    "change_30d_pct": 16.40499392322139
  }
}