{
  "timestamp": "2026-02-03T06:17:05.471776+00:00",
  "gsi": 57.73428551790971,
  "classification": "Bullish",
  "change_from_previous": -1.4407594100698589,
  "components": {
    "raw_sentiment": 44.64773388173522,
    "dampened_sentiment": 46.78864032904113,
    "price_momentum": 55.80682822902388,
    "consistency_score": 0.819636242000345,
    "previous_gsi": 59.17504492797957
  },
  "price_data": {
    "current_price": 4661.04,
    "change_1d_pct": -4.7881293612014435,
    "change_7d_pct": -5.571554611932006,
    "change_30d_pct": 7.580915803249333
  }
}