{
  "timestamp": "2026-01-24T21:19:26.438867+00:00",
  "gsi": 76.08381402006057,
  "classification": "Extremely Bullish",
  "change_from_previous": -0.03333851561234269,
  "components": {
    "raw_sentiment": 63.232889907564285,
    "dampened_sentiment": 57.939733944538574,
    "price_momentum": 100.0,
    "consistency_score": 0.15879467889077148,
    "previous_gsi": 76.11715253567291
  },
  "price_data": {
    "current_price": 4987.545,
    "change_1d_pct": 1.0431407267544657,
    "change_7d_pct": 7.802099825464848,
    "change_30d_pct": 17.94302132414234
  }
}