{
  "timestamp": "2026-02-02T15:32:44.392624+00:00",
  "gsi": 65.08307794427716,
  "classification": "Bullish",
  "change_from_previous": 0.817837640703857,
  "components": {
    "raw_sentiment": 87.17190620295968,
    "dampened_sentiment": 72.3031437217758,
    "price_momentum": 75.28282638095078,
    "consistency_score": 0.9404063468165004,
    "previous_gsi": 64.26524030357331
  },
  "price_data": {
    "current_price": 4895.44,
    "change_1d_pct": -8.842506298519092,
    "change_7d_pct": 1.3259151629555044,
    "change_30d_pct": 12.854583974014645
  }
}