{
  "timestamp": "2026-01-25T18:57:01.232170+00:00",
  "gsi": 75.24046176599673,
  "classification": "Extremely Bullish",
  "change_from_previous": 0.1596097124803606,
  "components": {
    "raw_sentiment": 65.3109820323618,
    "dampened_sentiment": 59.18658921941709,
    "price_momentum": 100.0,
    "consistency_score": 0.1837317843883417,
    "previous_gsi": 75.08085205351637
  },
  "price_data": {
    "current_price": 4987.545,
    "change_1d_pct": 1.0431407267544657,
    "change_7d_pct": 7.802099825464848,
    "change_30d_pct": 17.94302132414234
  }
}