{
  "timestamp": "2026-01-28T22:59:46.057819+00:00",
  "gsi": 79.67978721216718,
  "classification": "Extremely Bullish",
  "change_from_previous": -0.047659130793519466,
  "components": {
    "raw_sentiment": 85.83801268132997,
    "dampened_sentiment": 71.50280760879798,
    "price_momentum": 100.0,
    "consistency_score": 0.4300561521759596,
    "previous_gsi": 79.7274463429607
  },
  "price_data": {
    "current_price": 5418.505,
    "change_1d_pct": 4.5917239715285385,
    "change_7d_pct": 16.02061540009785,
    "change_30d_pct": 25.868020469649778
  }
}