{
  "timestamp": "2026-02-06T18:10:15.755175+00:00",
  "gsi": 56.950457841879754,
  "classification": "Bullish",
  "change_from_previous": -0.6589179009193771,
  "components": {
    "raw_sentiment": 58.13435301977547,
    "dampened_sentiment": 54.88061181186528,
    "price_momentum": 51.22598317102006,
    "consistency_score": 0.9269074271830957,
    "previous_gsi": 57.60937574279913
  },
  "price_data": {
    "current_price": 4780.675,
    "change_1d_pct": -3.7019169274371433,
    "change_7d_pct": -7.720110990469298,
    "change_30d_pct": 6.603226633664461
  }
}