{
  "timestamp": "2026-01-23T15:06:48.685738+00:00",
  "gsi": 79.4225409862133,
  "classification": "Extremely Bullish",
  "change_from_previous": -0.2533976333474044,
  "components": {
    "raw_sentiment": 77.96388914414871,
    "dampened_sentiment": 66.77833348648923,
    "price_momentum": 100.0,
    "consistency_score": 0.33556666972978466,
    "previous_gsi": 79.67593861956071
  },
  "price_data": {
    "current_price": 4936.055,
    "change_1d_pct": 2.1665652463685348,
    "change_7d_pct": 7.633005197334075,
    "change_30d_pct": 17.30405675970166
  }
}