{
  "timestamp": "2026-01-24T05:41:11.517941+00:00",
  "gsi": 78.49822984055193,
  "classification": "Extremely Bullish",
  "change_from_previous": 0.061962619713725076,
  "components": {
    "raw_sentiment": 82.8754149361657,
    "dampened_sentiment": 69.72524896169942,
    "price_momentum": 100.0,
    "consistency_score": 0.3945049792339884,
    "previous_gsi": 78.4362672208382
  },
  "price_data": {
    "current_price": 4987.545,
    "change_1d_pct": 1.0431407267544657,
    "change_7d_pct": 7.802099825464848,
    "change_30d_pct": 17.94302132414234
  }
}