{
  "timestamp": "2026-01-22T23:38:52.020326+00:00",
  "gsi": 74.5788663239336,
  "classification": "Bullish",
  "change_from_previous": 0.28651309273965353,
  "components": {
    "raw_sentiment": 65.77241020403451,
    "dampened_sentiment": 59.463446122420706,
    "price_momentum": 100.0,
    "consistency_score": 0.1892689224484141,
    "previous_gsi": 74.29235323119394
  },
  "price_data": {
    "current_price": 4936.055,
    "change_1d_pct": 2.1665652463685348,
    "change_7d_pct": 7.633005197334075,
    "change_30d_pct": 17.30405675970166
  }
}