{
  "timestamp": "2026-01-21T21:01:40.643799+00:00",
  "gsi": 70.49093867780482,
  "classification": "Bullish",
  "change_from_previous": -0.13238509078907157,
  "components": {
    "raw_sentiment": 42.02372695707008,
    "dampened_sentiment": 45.214236174242046,
    "price_momentum": 94.05452881979153,
    "consistency_score": 0.023194147089010353,
    "previous_gsi": 70.62332376859389
  },
  "price_data": {
    "current_price": 4763.37,
    "change_1d_pct": 1.9929147944615977,
    "change_7d_pct": 5.625923018586776,
    "change_30d_pct": 13.449091798979907
  }
}