{
  "timestamp": "2026-02-10T04:16:14.256834+00:00",
  "gsi": 68.2972795557482,
  "classification": "Bullish",
  "change_from_previous": 0.9144818877937269,
  "components": {
    "raw_sentiment": 100.0,
    "dampened_sentiment": 80.0,
    "price_momentum": 72.0758572022717,
    "consistency_score": 0.8415171440454341,
    "previous_gsi": 67.38279766795448
  },
  "price_data": {
    "current_price": 5057.775,
    "change_1d_pct": 1.876377245388361,
    "change_7d_pct": -5.819682662639602,
    "change_30d_pct": 11.571601580337099
  }
}