{
  "timestamp": "2026-01-25T03:31:50.161675+00:00",
  "gsi": 74.78299955854276,
  "classification": "Bullish",
  "change_from_previous": -0.6616604667615746,
  "components": {
    "raw_sentiment": 33.11666781929888,
    "dampened_sentiment": 39.87000069157933,
    "price_momentum": 100.0,
    "consistency_score": 0.0,
    "previous_gsi": 75.44466002530433
  },
  "price_data": {
    "current_price": 4987.545,
    "change_1d_pct": 1.0431407267544657,
    "change_7d_pct": 7.802099825464848,
    "change_30d_pct": 17.94302132414234
  }
}