{
  "timestamp": "2026-01-31T10:43:09.362710+00:00",
  "gsi": 70.40016336382243,
  "classification": "Bullish",
  "change_from_previous": 0.6876983582329501,
  "components": {
    "raw_sentiment": 100.0,
    "dampened_sentiment": 80.0,
    "price_momentum": 75.28282638095078,
    "consistency_score": 0.9056565276190156,
    "previous_gsi": 69.71246500558948
  },
  "price_data": {
    "current_price": 4895.44,
    "change_1d_pct": -8.842506298519092,
    "change_7d_pct": 1.3259151629555044,
    "change_30d_pct": 12.854583974014645
  }
}