{
  "timestamp": "2026-02-10T19:59:48.063845+00:00",
  "gsi": 69.93919529304227,
  "classification": "Bullish",
  "change_from_previous": -0.6646598878815553,
  "components": {
    "raw_sentiment": 79.53346127488558,
    "dampened_sentiment": 67.72007676493135,
    "price_momentum": 72.0758572022717,
    "consistency_score": 0.9128843912531929,
    "previous_gsi": 70.60385518092383
  },
  "price_data": {
    "current_price": 5057.775,
    "change_1d_pct": 1.876377245388361,
    "change_7d_pct": -5.819682662639602,
    "change_30d_pct": 11.571601580337099
  }
}