{
  "timestamp": "2026-01-28T05:02:12.192802+00:00",
  "gsi": 80.4207887223649,
  "classification": "Extremely Bullish",
  "change_from_previous": -0.06388410999281291,
  "components": {
    "raw_sentiment": 89.08670736974781,
    "dampened_sentiment": 73.45202442184869,
    "price_momentum": 100.0,
    "consistency_score": 0.46904048843697377,
    "previous_gsi": 80.48467283235772
  },
  "price_data": {
    "current_price": 5180.625,
    "change_1d_pct": 3.428913678221157,
    "change_7d_pct": 12.712452570752264,
    "change_30d_pct": 20.495483708905926
  }
}