{
  "timestamp": "2026-01-25T17:53:51.100707+00:00",
  "gsi": 75.09838048211918,
  "classification": "Extremely Bullish",
  "change_from_previous": -0.16556347488837275,
  "components": {
    "raw_sentiment": 47.713293453556474,
    "dampened_sentiment": 48.62797607213388,
    "price_momentum": 100.0,
    "consistency_score": 0.0,
    "previous_gsi": 75.26394395700756
  },
  "price_data": {
    "current_price": 4987.545,
    "change_1d_pct": 1.0431407267544657,
    "change_7d_pct": 7.802099825464848,
    "change_30d_pct": 17.94302132414234
  }
}