{
  "timestamp": "2026-01-22T21:40:18.556648+00:00",
  "gsi": 73.77663137468396,
  "classification": "Bullish",
  "change_from_previous": 0.032280003048285266,
  "components": {
    "raw_sentiment": 61.8039339403768,
    "dampened_sentiment": 57.08236036422608,
    "price_momentum": 97.2763928822247,
    "consistency_score": 0.19611934964002775,
    "previous_gsi": 73.74435137163567
  },
  "price_data": {
    "current_price": 4831.38,
    "change_1d_pct": 1.4277706749633134,
    "change_7d_pct": 5.083684055985138,
    "change_30d_pct": 15.28923844931347
  }
}