{
  "timestamp": "2026-02-09T05:17:43.004064+00:00",
  "gsi": 62.43154930967998,
  "classification": "Bullish",
  "change_from_previous": -0.9717147691297754,
  "components": {
    "raw_sentiment": 56.28213186989364,
    "dampened_sentiment": 53.76927912193619,
    "price_momentum": 68.36252760938251,
    "consistency_score": 0.7081350302510735,
    "previous_gsi": 63.403264078809755
  },
  "price_data": {
    "current_price": 4964.62,
    "change_1d_pct": 3.8476784136131315,
    "change_7d_pct": -8.376572504777613,
    "change_30d_pct": 10.831883181174318
  }
}