{
  "timestamp": "2026-01-26T13:18:51.025312+00:00",
  "gsi": 75.86469464450212,
  "classification": "Extremely Bullish",
  "change_from_previous": 0.24131280106026054,
  "components": {
    "raw_sentiment": 73.22203254759866,
    "dampened_sentiment": 63.93321952855919,
    "price_momentum": 100.0,
    "consistency_score": 0.27866439057118386,
    "previous_gsi": 75.62338184344186
  },
  "price_data": {
    "current_price": 4987.545,
    "change_1d_pct": 1.0431407267544657,
    "change_7d_pct": 7.802099825464848,
    "change_30d_pct": 17.94302132414234
  }
}