{
  "timestamp": "2026-01-21T16:01:55.199859+00:00",
  "gsi": 70.71099926644517,
  "classification": "Bullish",
  "change_from_previous": 0.502449578160082,
  "components": {
    "raw_sentiment": 71.66021917416387,
    "dampened_sentiment": 62.99613150449832,
    "price_momentum": 94.05452881979153,
    "consistency_score": 0.37883205369413586,
    "previous_gsi": 70.20854968828509
  },
  "price_data": {
    "current_price": 4763.37,
    "change_1d_pct": 1.9929147944615977,
    "change_7d_pct": 5.625923018586776,
    "change_30d_pct": 13.449091798979907
  }
}