{
  "timestamp": "2026-02-08T12:07:59.024564+00:00",
  "gsi": 68.12972433994992,
  "classification": "Bullish",
  "change_from_previous": -0.06966862410121166,
  "components": {
    "raw_sentiment": 86.56159924271859,
    "dampened_sentiment": 71.93695954563115,
    "price_momentum": 68.36252760938251,
    "consistency_score": 0.9285113612750271,
    "previous_gsi": 68.19939296405113
  },
  "price_data": {
    "current_price": 4964.62,
    "change_1d_pct": 3.8476784136131315,
    "change_7d_pct": -8.376572504777613,
    "change_30d_pct": 10.831883181174318
  }
}