{
  "timestamp": "2026-01-26T17:57:49.675555+00:00",
  "gsi": 78.9554212816932,
  "classification": "Extremely Bullish",
  "change_from_previous": -0.029012497203652288,
  "components": {
    "raw_sentiment": 82.55756222106083,
    "dampened_sentiment": 69.5345373326365,
    "price_momentum": 100.0,
    "consistency_score": 0.39069074665273007,
    "previous_gsi": 78.98443377889686
  },
  "price_data": {
    "current_price": 4987.545,
    "change_1d_pct": 1.0431407267544657,
    "change_7d_pct": 7.802099825464848,
    "change_30d_pct": 17.94302132414234
  }
}