{
  "timestamp": "2026-01-22T18:25:39.922017+00:00",
  "gsi": 75.62492765094976,
  "classification": "Extremely Bullish",
  "change_from_previous": -0.36919633403275043,
  "components": {
    "raw_sentiment": 58.28844733473023,
    "dampened_sentiment": 54.97306840083814,
    "price_momentum": 97.2763928822247,
    "consistency_score": 0.15393351037226877,
    "previous_gsi": 75.99412398498251
  },
  "price_data": {
    "current_price": 4831.38,
    "change_1d_pct": 1.4277706749633134,
    "change_7d_pct": 5.083684055985138,
    "change_30d_pct": 15.28923844931347
  }
}