{
  "timestamp": "2026-01-29T22:23:07.439936+00:00",
  "gsi": 79.74781375536818,
  "classification": "Extremely Bullish",
  "change_from_previous": 0.13345475051639255,
  "components": {
    "raw_sentiment": 91.21713849166073,
    "dampened_sentiment": 74.73028309499644,
    "price_momentum": 100.0,
    "consistency_score": 0.4946056618999287,
    "previous_gsi": 79.61435900485179
  },
  "price_data": {
    "current_price": 5370.31,
    "change_1d_pct": -0.8894519798357647,
    "change_7d_pct": 12.74181934218841,
    "change_30d_pct": 24.826339859026426
  }
}