{
  "timestamp": "2026-02-04T18:34:56.164735+00:00",
  "gsi": 75.77073120056856,
  "classification": "Extremely Bullish",
  "change_from_previous": -0.8317153785334739,
  "components": {
    "raw_sentiment": 70.08401877780913,
    "dampened_sentiment": 62.05041126668548,
    "price_momentum": 89.94099110755758,
    "consistency_score": 0.44218840318255803,
    "previous_gsi": 76.60244657910204
  },
  "price_data": {
    "current_price": 4946.805,
    "change_1d_pct": 6.130927861593127,
    "change_7d_pct": -0.8168347353256888,
    "change_30d_pct": 14.014126139581196
  }
}