{
  "timestamp": "2026-02-12T00:04:24.282307+00:00",
  "gsi": 76.03856082306417,
  "classification": "Extremely Bullish",
  "change_from_previous": -0.1785632697256574,
  "components": {
    "raw_sentiment": 54.73732788899537,
    "dampened_sentiment": 52.84239673339722,
    "price_momentum": 100.0,
    "consistency_score": 0.056847934667944466,
    "previous_gsi": 76.21712409278983
  },
  "price_data": {
    "current_price": 5084.28,
    "change_1d_pct": 1.1772853185595622,
    "change_7d_pct": 9.080376911590538,
    "change_30d_pct": 17.165371750274527
  }
}