{
  "timestamp": "2026-01-25T17:36:43.820455+00:00",
  "gsi": 75.26394395700756,
  "classification": "Extremely Bullish",
  "change_from_previous": -0.013186651647473013,
  "components": {
    "raw_sentiment": 56.52902057381125,
    "dampened_sentiment": 53.91741234428675,
    "price_momentum": 100.0,
    "consistency_score": 0.07834824688573505,
    "previous_gsi": 75.27713060865503
  },
  "price_data": {
    "current_price": 4987.545,
    "change_1d_pct": 1.0431407267544657,
    "change_7d_pct": 7.802099825464848,
    "change_30d_pct": 17.94302132414234
  }
}