{
  "timestamp": "2026-02-11T13:59:50.002581+00:00",
  "gsi": 74.29277013460738,
  "classification": "Bullish",
  "change_from_previous": 0.7078817789049907,
  "components": {
    "raw_sentiment": 94.76043452690027,
    "dampened_sentiment": 76.85626071614016,
    "price_momentum": 93.29037045377095,
    "consistency_score": 0.6713178052473842,
    "previous_gsi": 73.58488835570239
  },
  "price_data": {
    "current_price": 5025.12,
    "change_1d_pct": -0.645639634028794,
    "change_7d_pct": 2.648995800173237,
    "change_30d_pct": 15.985006555015957
  }
}