{
  "timestamp": "2026-02-14T19:22:39.505748+00:00",
  "gsi": 76.80356556314896,
  "classification": "Extremely Bullish",
  "change_from_previous": 0.023846160791407556,
  "components": {
    "raw_sentiment": 84.16388891996766,
    "dampened_sentiment": 70.49833335198059,
    "price_momentum": 95.83216698434225,
    "consistency_score": 0.49332332735276685,
    "previous_gsi": 76.77971940235756
  },
  "price_data": {
    "current_price": 5042.74,
    "change_1d_pct": 2.454316793784561,
    "change_7d_pct": 1.576910255002817,
    "change_30d_pct": 16.40499392322139
  }
}