{
  "timestamp": "2026-01-21T22:10:43.179107+00:00",
  "gsi": 70.81006744797219,
  "classification": "Bullish",
  "change_from_previous": 0.44494821023661757,
  "components": {
    "raw_sentiment": 56.49511019000997,
    "dampened_sentiment": 53.89706611400598,
    "price_momentum": 97.2763928822247,
    "consistency_score": 0.13241346463562564,
    "previous_gsi": 70.36511923773557
  },
  "price_data": {
    "current_price": 4831.38,
    "change_1d_pct": 1.4277706749633134,
    "change_7d_pct": 5.083684055985138,
    "change_30d_pct": 15.28923844931347
  }
}