{
  "timestamp": "2026-01-25T18:09:28.113389+00:00",
  "gsi": 75.08085205351637,
  "classification": "Extremely Bullish",
  "change_from_previous": -0.017528428602815893,
  "components": {
    "raw_sentiment": 54.21650368017774,
    "dampened_sentiment": 52.52990220810664,
    "price_momentum": 100.0,
    "consistency_score": 0.05059804416213287,
    "previous_gsi": 75.09838048211918
  },
  "price_data": {
    "current_price": 4987.545,
    "change_1d_pct": 1.0431407267544657,
    "change_7d_pct": 7.802099825464848,
    "change_30d_pct": 17.94302132414234
  }
}