{
  "timestamp": "2026-01-23T17:01:32.999566+00:00",
  "gsi": 79.72413127065428,
  "classification": "Extremely Bullish",
  "change_from_previous": -0.2555950399986955,
  "components": {
    "raw_sentiment": 79.66320546171977,
    "dampened_sentiment": 67.79792327703186,
    "price_momentum": 100.0,
    "consistency_score": 0.35595846554063715,
    "previous_gsi": 79.97972631065298
  },
  "price_data": {
    "current_price": 4936.055,
    "change_1d_pct": 2.1665652463685348,
    "change_7d_pct": 7.633005197334075,
    "change_30d_pct": 17.30405675970166
  }
}