{
  "timestamp": "2026-01-24T00:08:35.048024+00:00",
  "gsi": 79.22666065868808,
  "classification": "Extremely Bullish",
  "change_from_previous": 0.5467719597979226,
  "components": {
    "raw_sentiment": 99.2589140469862,
    "dampened_sentiment": 79.55534842819172,
    "price_momentum": 100.0,
    "consistency_score": 0.5911069685638344,
    "previous_gsi": 78.67988869889015
  },
  "price_data": {
    "current_price": 4987.545,
    "change_1d_pct": 1.0431407267544657,
    "change_7d_pct": 7.802099825464848,
    "change_30d_pct": 17.94302132414234
  }
}