{
  "timestamp": "2026-01-22T06:26:53.270965+00:00",
  "gsi": 73.11074681541565,
  "classification": "Bullish",
  "change_from_previous": 0.0604782055911528,
  "components": {
    "raw_sentiment": 57.59337134316965,
    "dampened_sentiment": 54.55602280590179,
    "price_momentum": 97.2763928822247,
    "consistency_score": 0.1455925984735419,
    "previous_gsi": 73.0502686098245
  },
  "price_data": {
    "current_price": 4831.38,
    "change_1d_pct": 1.4277706749633134,
    "change_7d_pct": 5.083684055985138,
    "change_30d_pct": 15.28923844931347
  }
}