{
  "timestamp": "2026-02-01T14:43:39.860461+00:00",
  "gsi": 61.39088929370361,
  "classification": "Bullish",
  "change_from_previous": -0.2758177222166225,
  "components": {
    "raw_sentiment": 51.57058049552384,
    "dampened_sentiment": 50.942348297314304,
    "price_momentum": 75.28282638095078,
    "consistency_score": 0.5131904383272705,
    "previous_gsi": 61.66670701592023
  },
  "price_data": {
    "current_price": 4895.44,
    "change_1d_pct": -8.842506298519092,
    "change_7d_pct": 1.3259151629555044,
    "change_30d_pct": 12.854583974014645
  }
}