{
  "timestamp": "2026-02-03T03:48:41.489184+00:00",
  "gsi": 61.52417918352982,
  "classification": "Bullish",
  "change_from_previous": -1.0825771465896779,
  "components": {
    "raw_sentiment": 60.94911527858243,
    "dampened_sentiment": 56.56946916714946,
    "price_momentum": 55.80682822902388,
    "consistency_score": 0.9847471812374884,
    "previous_gsi": 62.606756330119495
  },
  "price_data": {
    "current_price": 4661.04,
    "change_1d_pct": -4.7881293612014435,
    "change_7d_pct": -5.571554611932006,
    "change_30d_pct": 7.580915803249333
  }
}