{
  "timestamp": "2026-01-25T10:08:12.726111+00:00",
  "gsi": 78.1914574578253,
  "classification": "Extremely Bullish",
  "change_from_previous": 0.08161965611212452,
  "components": {
    "raw_sentiment": 81.80325947493117,
    "dampened_sentiment": 69.0819556849587,
    "price_momentum": 100.0,
    "consistency_score": 0.381639113699174,
    "previous_gsi": 78.10983780171317
  },
  "price_data": {
    "current_price": 4987.545,
    "change_1d_pct": 1.0431407267544657,
    "change_7d_pct": 7.802099825464848,
    "change_30d_pct": 17.94302132414234
  }
}