{
  "timestamp": "2026-01-29T04:31:45.972472+00:00",
  "gsi": 80.01477066643095,
  "classification": "Extremely Bullish",
  "change_from_previous": 0.1416693039959256,
  "components": {
    "raw_sentiment": 92.67424701787374,
    "dampened_sentiment": 75.60454821072425,
    "price_momentum": 100.0,
    "consistency_score": 0.5120909642144849,
    "previous_gsi": 79.87310136243502
  },
  "price_data": {
    "current_price": 5418.505,
    "change_1d_pct": 4.5917239715285385,
    "change_7d_pct": 16.02061540009785,
    "change_30d_pct": 25.868020469649778
  }
}