{
  "timestamp": "2026-02-03T15:42:44.842969+00:00",
  "gsi": 60.34269893311335,
  "classification": "Bullish",
  "change_from_previous": 0.826485615553409,
  "components": {
    "raw_sentiment": 93.4009565016831,
    "dampened_sentiment": 76.04057390100985,
    "price_momentum": 55.80682822902388,
    "consistency_score": 0.5953250865602806,
    "previous_gsi": 59.51621331755994
  },
  "price_data": {
    "current_price": 4661.04,
    "change_1d_pct": -4.7881293612014435,
    "change_7d_pct": -5.571554611932006,
    "change_30d_pct": 7.580915803249333
  }
}