{
  "timestamp": "2026-02-06T22:54:10.270510+00:00",
  "gsi": 54.66158711938292,
  "classification": "Neutral",
  "change_from_previous": 0.40693449278874283,
  "components": {
    "raw_sentiment": 56.40085351482712,
    "dampened_sentiment": 53.84051210889627,
    "price_momentum": 68.36252760938251,
    "consistency_score": 0.7095596899902752,
    "previous_gsi": 54.25465262659418
  },
  "price_data": {
    "current_price": 4964.62,
    "change_1d_pct": 3.8476784136131315,
    "change_7d_pct": -8.376572504777613,
    "change_30d_pct": 10.831883181174318
  }
}