{
  "timestamp": "2026-02-03T22:01:12.449135+00:00",
  "gsi": 63.60005357860038,
  "classification": "Bullish",
  "change_from_previous": 2.2426339620250815,
  "components": {
    "raw_sentiment": 95.1634732893987,
    "dampened_sentiment": 77.09808397363922,
    "price_momentum": 89.94099110755758,
    "consistency_score": 0.7431418573216328,
    "previous_gsi": 61.3574196165753
  },
  "price_data": {
    "current_price": 4946.805,
    "change_1d_pct": 6.130927861593127,
    "change_7d_pct": -0.8168347353256888,
    "change_30d_pct": 14.014126139581196
  }
}