{
  "timestamp": "2026-01-23T22:58:57.790473+00:00",
  "gsi": 78.05373741599485,
  "classification": "Extremely Bullish",
  "change_from_previous": 0.5561150090691171,
  "components": {
    "raw_sentiment": 94.43028940757708,
    "dampened_sentiment": 76.65817364454625,
    "price_momentum": 100.0,
    "consistency_score": 0.533163472890925,
    "previous_gsi": 77.49762240692573
  },
  "price_data": {
    "current_price": 4987.545,
    "change_1d_pct": 1.0431407267544657,
    "change_7d_pct": 7.802099825464848,
    "change_30d_pct": 17.94302132414234
  }
}