{
  "timestamp": "2026-02-10T23:30:16.840737+00:00",
  "gsi": 71.2868144205714,
  "classification": "Bullish",
  "change_from_previous": 0.8691627789628456,
  "components": {
    "raw_sentiment": 86.349068058362,
    "dampened_sentiment": 71.8094408350172,
    "price_momentum": 93.29037045377095,
    "consistency_score": 0.570381407624925,
    "previous_gsi": 70.41765164160856
  },
  "price_data": {
    "current_price": 5025.12,
    "change_1d_pct": -0.645639634028794,
    "change_7d_pct": 2.648995800173237,
    "change_30d_pct": 15.985006555015957
  }
}