{
  "timestamp": "2026-01-22T10:48:43.748226+00:00",
  "gsi": 75.83853415850507,
  "classification": "Extremely Bullish",
  "change_from_previous": 0.6523334100408817,
  "components": {
    "raw_sentiment": 92.71402797392787,
    "dampened_sentiment": 75.62841678435672,
    "price_momentum": 97.2763928822247,
    "consistency_score": 0.5670404780426404,
    "previous_gsi": 75.18620074846419
  },
  "price_data": {
    "current_price": 4831.38,
    "change_1d_pct": 1.4277706749633134,
    "change_7d_pct": 5.083684055985138,
    "change_30d_pct": 15.28923844931347
  }
}