{
  "timestamp": "2026-02-02T13:27:36.543692+00:00",
  "gsi": 62.507137010978866,
  "classification": "Bullish",
  "change_from_previous": 0.040272930910127513,
  "components": {
    "raw_sentiment": 63.74430805198654,
    "dampened_sentiment": 58.246584831191925,
    "price_momentum": 75.28282638095078,
    "consistency_score": 0.6592751690048229,
    "previous_gsi": 62.46686408006874
  },
  "price_data": {
    "current_price": 4895.44,
    "change_1d_pct": -8.842506298519092,
    "change_7d_pct": 1.3259151629555044,
    "change_30d_pct": 12.854583974014645
  }
}