{
  "timestamp": "2026-02-15T14:43:54.321158+00:00",
  "gsi": 76.1871532131087,
  "classification": "Extremely Bullish",
  "change_from_previous": 0.1068956058381616,
  "components": {
    "raw_sentiment": 83.47325820213666,
    "dampened_sentiment": 70.083954921282,
    "price_momentum": 95.83216698434225,
    "consistency_score": 0.485035758738795,
    "previous_gsi": 76.08025760727054
  },
  "price_data": {
    "current_price": 5042.74,
    "change_1d_pct": 2.454316793784561,
    "change_7d_pct": 1.576910255002817,
    "change_30d_pct": 16.40499392322139
  }
}