{
  "timestamp": "2026-02-13T16:36:11.651554+00:00",
  "gsi": 74.13870561370895,
  "classification": "Bullish",
  "change_from_previous": 0.27242846344371685,
  "components": {
    "raw_sentiment": 100.0,
    "dampened_sentiment": 80.0,
    "price_momentum": 80.71555649630065,
    "consistency_score": 0.985688870073987,
    "previous_gsi": 73.86627715026523
  },
  "price_data": {
    "current_price": 4921.94,
    "change_1d_pct": -3.1929791435562183,
    "change_7d_pct": -0.5026476685456749,
    "change_30d_pct": 13.865002857070152
  }
}