{
  "timestamp": "2026-02-12T16:52:14.991202+00:00",
  "gsi": 79.51654454577398,
  "classification": "Extremely Bullish",
  "change_from_previous": -0.5744177708397444,
  "components": {
    "raw_sentiment": 66.24026570233083,
    "dampened_sentiment": 59.7441594213985,
    "price_momentum": 100.0,
    "consistency_score": 0.19488318842797003,
    "previous_gsi": 80.09096231661373
  },
  "price_data": {
    "current_price": 5084.28,
    "change_1d_pct": 1.1772853185595622,
    "change_7d_pct": 9.080376911590538,
    "change_30d_pct": 17.165371750274527
  }
}