{
  "timestamp": "2026-02-06T14:46:28.224528+00:00",
  "gsi": 60.021509780355196,
  "classification": "Bullish",
  "change_from_previous": 0.6092846592046115,
  "components": {
    "raw_sentiment": 96.24522562580384,
    "dampened_sentiment": 77.7471353754823,
    "price_momentum": 51.22598317102006,
    "consistency_score": 0.4695769559107552,
    "previous_gsi": 59.412225121150584
  },
  "price_data": {
    "current_price": 4780.675,
    "change_1d_pct": -3.7019169274371433,
    "change_7d_pct": -7.720110990469298,
    "change_30d_pct": 6.603226633664461
  }
}