{
  "timestamp": "2026-01-27T22:50:45.214381+00:00",
  "gsi": 82.24230272579977,
  "classification": "Extremely Bullish",
  "change_from_previous": 0.006921838317296647,
  "components": {
    "raw_sentiment": 99.07755964959651,
    "dampened_sentiment": 79.4465357897579,
    "price_momentum": 100.0,
    "consistency_score": 0.588930715795158,
    "previous_gsi": 82.23538088748248
  },
  "price_data": {
    "current_price": 5180.625,
    "change_1d_pct": 3.428913678221157,
    "change_7d_pct": 12.712452570752264,
    "change_30d_pct": 20.495483708905926
  }
}