{
  "timestamp": "2026-01-21T01:32:07.232930+00:00",
  "gsi": 53.19461975384411,
  "classification": "Neutral",
  "change_from_previous": 3.1946197538441083,
  "components": {
    "raw_sentiment": 57.02978989617831,
    "dampened_sentiment": 54.21787393770698,
    "price_momentum": 94.05452881979153,
    "consistency_score": 0.20326690235830913,
    "previous_gsi": 50.0
  },
  "price_data": {
    "current_price": 4763.37,
    "change_1d_pct": 1.9929147944615977,
    "change_7d_pct": 5.625923018586776,
    "change_30d_pct": 13.449091798979907
  }
}