{
  "timestamp": "2026-01-29T09:04:15.808178+00:00",
  "gsi": 80.54233882878256,
  "classification": "Extremely Bullish",
  "change_from_previous": 0.008167183696571101,
  "components": {
    "raw_sentiment": 91.61351398282184,
    "dampened_sentiment": 74.9681083896931,
    "price_momentum": 100.0,
    "consistency_score": 0.499362167793862,
    "previous_gsi": 80.53417164508599
  },
  "price_data": {
    "current_price": 5418.505,
    "change_1d_pct": 4.5917239715285385,
    "change_7d_pct": 16.02061540009785,
    "change_30d_pct": 25.868020469649778
  }
}