{
  "timestamp": "2026-01-26T21:48:39.501918+00:00",
  "gsi": 78.09487851758476,
  "classification": "Extremely Bullish",
  "change_from_previous": -0.26976434547560757,
  "components": {
    "raw_sentiment": 68.5654802399773,
    "dampened_sentiment": 61.139288143986384,
    "price_momentum": 100.0,
    "consistency_score": 0.22278576287972773,
    "previous_gsi": 78.36464286306037
  },
  "price_data": {
    "current_price": 4987.545,
    "change_1d_pct": 1.0431407267544657,
    "change_7d_pct": 7.802099825464848,
    "change_30d_pct": 17.94302132414234
  }
}