{
  "timestamp": "2026-01-22T19:59:37.514538+00:00",
  "gsi": 74.7421212281182,
  "classification": "Bullish",
  "change_from_previous": -0.3453505157621066,
  "components": {
    "raw_sentiment": 51.023346354682886,
    "dampened_sentiment": 50.61400781280973,
    "price_momentum": 97.2763928822247,
    "consistency_score": 0.06675229861170062,
    "previous_gsi": 75.0874717438803
  },
  "price_data": {
    "current_price": 4831.38,
    "change_1d_pct": 1.4277706749633134,
    "change_7d_pct": 5.083684055985138,
    "change_30d_pct": 15.28923844931347
  }
}