{
  "timestamp": "2026-02-12T07:40:19.365898+00:00",
  "gsi": 78.15947037165998,
  "classification": "Extremely Bullish",
  "change_from_previous": 0.7666816991188341,
  "components": {
    "raw_sentiment": 100.0,
    "dampened_sentiment": 80.0,
    "price_momentum": 100.0,
    "consistency_score": 0.6,
    "previous_gsi": 77.39278867254114
  },
  "price_data": {
    "current_price": 5084.28,
    "change_1d_pct": 1.1772853185595622,
    "change_7d_pct": 9.080376911590538,
    "change_30d_pct": 17.165371750274527
  }
}