{
  "timestamp": "2026-02-01T13:17:03.566111+00:00",
  "gsi": 62.532708982925925,
  "classification": "Bullish",
  "change_from_previous": -0.8657206401631115,
  "components": {
    "raw_sentiment": 40.51135732602679,
    "dampened_sentiment": 44.30681439561607,
    "price_momentum": 75.28282638095078,
    "consistency_score": 0.3804797602933059,
    "previous_gsi": 63.39842962308904
  },
  "price_data": {
    "current_price": 4895.44,
    "change_1d_pct": -8.842506298519092,
    "change_7d_pct": 1.3259151629555044,
    "change_30d_pct": 12.854583974014645
  }
}