{
  "timestamp": "2026-01-26T09:34:31.333845+00:00",
  "gsi": 74.63210064975982,
  "classification": "Bullish",
  "change_from_previous": 0.10118145043890081,
  "components": {
    "raw_sentiment": 56.70168174685601,
    "dampened_sentiment": 54.021009048113605,
    "price_momentum": 100.0,
    "consistency_score": 0.0804201809622721,
    "previous_gsi": 74.53091919932092
  },
  "price_data": {
    "current_price": 4987.545,
    "change_1d_pct": 1.0431407267544657,
    "change_7d_pct": 7.802099825464848,
    "change_30d_pct": 17.94302132414234
  }
}