{
  "timestamp": "2026-02-03T05:18:12.655477+00:00",
  "gsi": 59.17504492797957,
  "classification": "Bullish",
  "change_from_previous": -2.349134255550247,
  "components": {
    "raw_sentiment": 30.051795132964777,
    "dampened_sentiment": 38.03107707977887,
    "price_momentum": 55.80682822902388,
    "consistency_score": 0.6444849770150998,
    "previous_gsi": 61.52417918352982
  },
  "price_data": {
    "current_price": 4661.04,
    "change_1d_pct": -4.7881293612014435,
    "change_7d_pct": -5.571554611932006,
    "change_30d_pct": 7.580915803249333
  }
}