{
  "timestamp": "2026-02-15T15:51:31.207271+00:00",
  "gsi": 76.88551720090591,
  "classification": "Extremely Bullish",
  "change_from_previous": 0.6784967884343018,
  "components": {
    "raw_sentiment": 100.0,
    "dampened_sentiment": 80.0,
    "price_momentum": 95.83216698434225,
    "consistency_score": 0.6833566603131549,
    "previous_gsi": 76.2070204124716
  },
  "price_data": {
    "current_price": 5042.74,
    "change_1d_pct": 2.454316793784561,
    "change_7d_pct": 1.576910255002817,
    "change_30d_pct": 16.40499392322139
  }
}