{
  "timestamp": "2026-02-06T16:28:13.423798+00:00",
  "gsi": 58.990563664385355,
  "classification": "Bullish",
  "change_from_previous": -1.027183209606413,
  "components": {
    "raw_sentiment": 58.00345406537512,
    "dampened_sentiment": 54.80207243922507,
    "price_momentum": 51.22598317102006,
    "consistency_score": 0.9284782146358999,
    "previous_gsi": 60.01774687399177
  },
  "price_data": {
    "current_price": 4780.675,
    "change_1d_pct": -3.7019169274371433,
    "change_7d_pct": -7.720110990469298,
    "change_30d_pct": 6.603226633664461
  }
}