{
  "timestamp": "2026-02-13T20:57:50.600655+00:00",
  "gsi": 68.91031837740984,
  "classification": "Bullish",
  "change_from_previous": -0.888479006416091,
  "components": {
    "raw_sentiment": 57.9532990077389,
    "dampened_sentiment": 54.77197940464334,
    "price_momentum": 80.71555649630065,
    "consistency_score": 0.4811284581668538,
    "previous_gsi": 69.79879738382593
  },
  "price_data": {
    "current_price": 4921.94,
    "change_1d_pct": -3.1929791435562183,
    "change_7d_pct": -0.5026476685456749,
    "change_30d_pct": 13.865002857070152
  }
}