{
  "timestamp": "2026-01-22T20:26:59.391935+00:00",
  "gsi": 74.1790323901931,
  "classification": "Bullish",
  "change_from_previous": -0.5630888379250933,
  "components": {
    "raw_sentiment": 39.17336111584559,
    "dampened_sentiment": 43.50401666950735,
    "price_momentum": 97.2763928822247,
    "consistency_score": 0.0,
    "previous_gsi": 74.7421212281182
  },
  "price_data": {
    "current_price": 4831.38,
    "change_1d_pct": 1.4277706749633134,
    "change_7d_pct": 5.083684055985138,
    "change_30d_pct": 15.28923844931347
  }
}