{
  "timestamp": "2026-02-09T08:42:58.196197+00:00",
  "gsi": 63.95932365588641,
  "classification": "Bullish",
  "change_from_previous": 0.971782003147375,
  "components": {
    "raw_sentiment": 91.41076694676667,
    "dampened_sentiment": 74.84646016806,
    "price_momentum": 68.36252760938251,
    "consistency_score": 0.8703213488264501,
    "previous_gsi": 62.98754165273903
  },
  "price_data": {
    "current_price": 4964.62,
    "change_1d_pct": 3.8476784136131315,
    "change_7d_pct": -8.376572504777613,
    "change_30d_pct": 10.831883181174318
  }
}