{
  "timestamp": "2026-01-29T19:27:15.273476+00:00",
  "gsi": 80.16455707447454,
  "classification": "Extremely Bullish",
  "change_from_previous": -0.5307452001540298,
  "components": {
    "raw_sentiment": 72.72157676760455,
    "dampened_sentiment": 63.63294606056273,
    "price_momentum": 100.0,
    "consistency_score": 0.27265892121125457,
    "previous_gsi": 80.69530227462857
  },
  "price_data": {
    "current_price": 5418.505,
    "change_1d_pct": 4.5917239715285385,
    "change_7d_pct": 16.02061540009785,
    "change_30d_pct": 25.868020469649778
  }
}