{
  "timestamp": "2026-01-30T06:41:40.008052+00:00",
  "gsi": 80.95620332493644,
  "classification": "Extremely Bullish",
  "change_from_previous": -0.0836617827020234,
  "components": {
    "raw_sentiment": 91.11389490099245,
    "dampened_sentiment": 74.66833694059547,
    "price_momentum": 100.0,
    "consistency_score": 0.4933667388119093,
    "previous_gsi": 81.03986510763846
  },
  "price_data": {
    "current_price": 5370.31,
    "change_1d_pct": -0.8894519798357647,
    "change_7d_pct": 12.74181934218841,
    "change_30d_pct": 24.826339859026426
  }
}