{
  "timestamp": "2026-01-25T07:45:40.650352+00:00",
  "gsi": 77.43303532457661,
  "classification": "Extremely Bullish",
  "change_from_previous": 0.3610899894912336,
  "components": {
    "raw_sentiment": 86.19468906171299,
    "dampened_sentiment": 71.7168134370278,
    "price_momentum": 100.0,
    "consistency_score": 0.43433626874055586,
    "previous_gsi": 77.07194533508537
  },
  "price_data": {
    "current_price": 4987.545,
    "change_1d_pct": 1.0431407267544657,
    "change_7d_pct": 7.802099825464848,
    "change_30d_pct": 17.94302132414234
  }
}