{
  "timestamp": "2026-01-23T09:07:55.723070+00:00",
  "gsi": 78.6189654450715,
  "classification": "Extremely Bullish",
  "change_from_previous": 0.4718977131285129,
  "components": {
    "raw_sentiment": 94.82253002911554,
    "dampened_sentiment": 76.89351801746932,
    "price_momentum": 100.0,
    "consistency_score": 0.5378703603493864,
    "previous_gsi": 78.14706773194298
  },
  "price_data": {
    "current_price": 4936.055,
    "change_1d_pct": 2.1665652463685348,
    "change_7d_pct": 7.633005197334075,
    "change_30d_pct": 17.30405675970166
  }
}