{
  "timestamp": "2026-02-14T11:48:45.329371+00:00",
  "gsi": 76.24797549590012,
  "classification": "Extremely Bullish",
  "change_from_previous": 0.37649841431644404,
  "components": {
    "raw_sentiment": 90.62323940792254,
    "dampened_sentiment": 74.37394364475352,
    "price_momentum": 95.83216698434225,
    "consistency_score": 0.5708355332082254,
    "previous_gsi": 75.87147708158368
  },
  "price_data": {
    "current_price": 5042.74,
    "change_1d_pct": 2.454316793784561,
    "change_7d_pct": 1.576910255002817,
    "change_30d_pct": 16.40499392322139
  }
}