{
  "timestamp": "2026-01-23T05:06:35.225352+00:00",
  "gsi": 75.61944144252398,
  "classification": "Extremely Bullish",
  "change_from_previous": 0.36938596431859594,
  "components": {
    "raw_sentiment": 76.29708159914874,
    "dampened_sentiment": 65.77824895948925,
    "price_momentum": 100.0,
    "consistency_score": 0.315564979189785,
    "previous_gsi": 75.25005547820538
  },
  "price_data": {
    "current_price": 4936.055,
    "change_1d_pct": 2.1665652463685348,
    "change_7d_pct": 7.633005197334075,
    "change_30d_pct": 17.30405675970166
  }
}