{
  "timestamp": "2026-01-28T12:09:05.954815+00:00",
  "gsi": 80.9623382515481,
  "classification": "Extremely Bullish",
  "change_from_previous": 0.049903027985592985,
  "components": {
    "raw_sentiment": 94.60917426063534,
    "dampened_sentiment": 76.7655045563812,
    "price_momentum": 100.0,
    "consistency_score": 0.5353100911276241,
    "previous_gsi": 80.91243522356251
  },
  "price_data": {
    "current_price": 5180.625,
    "change_1d_pct": 3.428913678221157,
    "change_7d_pct": 12.712452570752264,
    "change_30d_pct": 20.495483708905926
  }
}