{
  "timestamp": "2026-01-21T18:16:16.112925+00:00",
  "gsi": 70.84765059598543,
  "classification": "Bullish",
  "change_from_previous": -0.016750897158956946,
  "components": {
    "raw_sentiment": 52.55698237670412,
    "dampened_sentiment": 51.53418942602247,
    "price_momentum": 94.05452881979153,
    "consistency_score": 0.14959321212461885,
    "previous_gsi": 70.86440149314438
  },
  "price_data": {
    "current_price": 4763.37,
    "change_1d_pct": 1.9929147944615977,
    "change_7d_pct": 5.625923018586776,
    "change_30d_pct": 13.449091798979907
  }
}