{
  "timestamp": "2026-02-11T20:33:38.022876+00:00",
  "gsi": 74.41272379755944,
  "classification": "Bullish",
  "change_from_previous": -0.5810208937735695,
  "components": {
    "raw_sentiment": 59.24392097761307,
    "dampened_sentiment": 55.54635258656784,
    "price_momentum": 93.29037045377095,
    "consistency_score": 0.24511964265593789,
    "previous_gsi": 74.993744691333
  },
  "price_data": {
    "current_price": 5025.12,
    "change_1d_pct": -0.645639634028794,
    "change_7d_pct": 2.648995800173237,
    "change_30d_pct": 15.985006555015957
  }
}