{
  "timestamp": "2026-01-21T11:50:48.489068+00:00",
  "gsi": 67.02576777246263,
  "classification": "Bullish",
  "change_from_previous": 1.1784164373136008,
  "components": {
    "raw_sentiment": 72.46282486247767,
    "dampened_sentiment": 63.4776949174866,
    "price_momentum": 94.05452881979153,
    "consistency_score": 0.38846332195390143,
    "previous_gsi": 65.84735133514903
  },
  "price_data": {
    "current_price": 4763.37,
    "change_1d_pct": 1.9929147944615977,
    "change_7d_pct": 5.625923018586776,
    "change_30d_pct": 13.449091798979907
  }
}