{
  "timestamp": "2026-02-13T12:40:36.298539+00:00",
  "gsi": 72.72510520284582,
  "classification": "Bullish",
  "change_from_previous": -0.49636272817031113,
  "components": {
    "raw_sentiment": 83.83730019605242,
    "dampened_sentiment": 70.30238011763146,
    "price_momentum": 80.71555649630065,
    "consistency_score": 0.7917364724266162,
    "previous_gsi": 73.22146793101614
  },
  "price_data": {
    "current_price": 4921.94,
    "change_1d_pct": -3.1929791435562183,
    "change_7d_pct": -0.5026476685456749,
    "change_30d_pct": 13.865002857070152
  }
}