{
  "timestamp": "2026-02-09T03:05:15.641910+00:00",
  "gsi": 63.403264078809755,
  "classification": "Bullish",
  "change_from_previous": -0.7683739678630417,
  "components": {
    "raw_sentiment": 62.23165374563959,
    "dampened_sentiment": 57.33899224738376,
    "price_momentum": 68.36252760938251,
    "consistency_score": 0.7795292927600249,
    "previous_gsi": 64.1716380466728
  },
  "price_data": {
    "current_price": 4964.62,
    "change_1d_pct": 3.8476784136131315,
    "change_7d_pct": -8.376572504777613,
    "change_30d_pct": 10.831883181174318
  }
}