{
  "timestamp": "2026-01-27T11:49:40.388113+00:00",
  "gsi": 81.15266736856151,
  "classification": "Extremely Bullish",
  "change_from_previous": -0.420503562985445,
  "components": {
    "raw_sentiment": 82.44155939530764,
    "dampened_sentiment": 69.46493563718458,
    "price_momentum": 100.0,
    "consistency_score": 0.38929871274369166,
    "previous_gsi": 81.57317093154695
  },
  "price_data": {
    "current_price": 5008.875,
    "change_1d_pct": 0.4276653142979203,
    "change_7d_pct": 8.510216549250016,
    "change_30d_pct": 17.050164105667932
  }
}