{
  "timestamp": "2026-01-29T20:04:56.002806+00:00",
  "gsi": 79.8991950429807,
  "classification": "Extremely Bullish",
  "change_from_previous": -0.26536203149385074,
  "components": {
    "raw_sentiment": 80.3502927242057,
    "dampened_sentiment": 68.21017563452342,
    "price_momentum": 100.0,
    "consistency_score": 0.36420351269046847,
    "previous_gsi": 80.16455707447454
  },
  "price_data": {
    "current_price": 5418.505,
    "change_1d_pct": 4.5917239715285385,
    "change_7d_pct": 16.02061540009785,
    "change_30d_pct": 25.868020469649778
  }
}