{
  "timestamp": "2026-01-22T02:23:39.701873+00:00",
  "gsi": 71.6481604523137,
  "classification": "Bullish",
  "change_from_previous": -0.12870251364277863,
  "components": {
    "raw_sentiment": 38.849600921573966,
    "dampened_sentiment": 43.30976055294438,
    "price_momentum": 97.2763928822247,
    "consistency_score": 0.0,
    "previous_gsi": 71.77686296595648
  },
  "price_data": {
    "current_price": 4831.38,
    "change_1d_pct": 1.4277706749633134,
    "change_7d_pct": 5.083684055985138,
    "change_30d_pct": 15.28923844931347
  }
}