{
  "timestamp": "2026-01-28T22:24:00.825821+00:00",
  "gsi": 79.7274463429607,
  "classification": "Extremely Bullish",
  "change_from_previous": 0.31358657631813003,
  "components": {
    "raw_sentiment": 95.75532437920444,
    "dampened_sentiment": 77.45319462752266,
    "price_momentum": 100.0,
    "consistency_score": 0.5490638925504532,
    "previous_gsi": 79.41385976664257
  },
  "price_data": {
    "current_price": 5418.505,
    "change_1d_pct": 4.5917239715285385,
    "change_7d_pct": 16.02061540009785,
    "change_30d_pct": 25.868020469649778
  }
}