{
  "timestamp": "2026-01-25T05:28:36.436513+00:00",
  "gsi": 75.31433354822643,
  "classification": "Extremely Bullish",
  "change_from_previous": 0.4392695325771996,
  "components": {
    "raw_sentiment": 76.85651508593183,
    "dampened_sentiment": 66.11390905155909,
    "price_momentum": 100.0,
    "consistency_score": 0.3222781810311818,
    "previous_gsi": 74.87506401564923
  },
  "price_data": {
    "current_price": 4987.545,
    "change_1d_pct": 1.0431407267544657,
    "change_7d_pct": 7.802099825464848,
    "change_30d_pct": 17.94302132414234
  }
}