{
  "timestamp": "2026-01-31T16:10:41.271458+00:00",
  "gsi": 67.69476960170569,
  "classification": "Bullish",
  "change_from_previous": 0.10851030764032998,
  "components": {
    "raw_sentiment": 83.2284050920405,
    "dampened_sentiment": 69.93704305522431,
    "price_momentum": 75.28282638095078,
    "consistency_score": 0.8930843334854706,
    "previous_gsi": 67.58625929406536
  },
  "price_data": {
    "current_price": 4895.44,
    "change_1d_pct": -8.842506298519092,
    "change_7d_pct": 1.3259151629555044,
    "change_30d_pct": 12.854583974014645
  }
}