{
  "timestamp": "2026-02-14T05:06:55.801408+00:00",
  "gsi": 72.69535583612621,
  "classification": "Bullish",
  "change_from_previous": 0.7851369746337014,
  "components": {
    "raw_sentiment": 85.12570202657773,
    "dampened_sentiment": 71.07542121594663,
    "price_momentum": 95.83216698434225,
    "consistency_score": 0.5048650846320877,
    "previous_gsi": 71.91021886149251
  },
  "price_data": {
    "current_price": 5042.74,
    "change_1d_pct": 2.454316793784561,
    "change_7d_pct": 1.576910255002817,
    "change_30d_pct": 16.40499392322139
  }
}