{
  "timestamp": "2026-02-05T11:13:48.174350+00:00",
  "gsi": 71.27636442796481,
  "classification": "Bullish",
  "change_from_previous": -0.17621433027387923,
  "components": {
    "raw_sentiment": 86.57102152082771,
    "dampened_sentiment": 71.94261291249663,
    "price_momentum": 78.32141911167582,
    "consistency_score": 0.8724238760164161,
    "previous_gsi": 71.45257875823869
  },
  "price_data": {
    "current_price": 4964.455,
    "change_1d_pct": 0.35679595213475856,
    "change_7d_pct": -0.8868258840557974,
    "change_30d_pct": 11.717944794249902
  }
}