{
  "timestamp": "2026-02-08T17:43:41.742382+00:00",
  "gsi": 67.22401088483007,
  "classification": "Bullish",
  "change_from_previous": -0.10834225854783597,
  "components": {
    "raw_sentiment": 83.4107195499526,
    "dampened_sentiment": 70.04643172997156,
    "price_momentum": 68.36252760938251,
    "consistency_score": 0.9663219175882191,
    "previous_gsi": 67.3323531433779
  },
  "price_data": {
    "current_price": 4964.62,
    "change_1d_pct": 3.8476784136131315,
    "change_7d_pct": -8.376572504777613,
    "change_30d_pct": 10.831883181174318
  }
}