{
  "timestamp": "2026-02-15T07:59:00.232044+00:00",
  "gsi": 77.40291523167724,
  "classification": "Extremely Bullish",
  "change_from_previous": -0.2600260430625525,
  "components": {
    "raw_sentiment": 79.21186195854169,
    "dampened_sentiment": 67.52711717512501,
    "price_momentum": 95.83216698434225,
    "consistency_score": 0.43389900381565527,
    "previous_gsi": 77.6629412747398
  },
  "price_data": {
    "current_price": 5042.74,
    "change_1d_pct": 2.454316793784561,
    "change_7d_pct": 1.576910255002817,
    "change_30d_pct": 16.40499392322139
  }
}