{
  "timestamp": "2026-02-13T19:18:43.521112+00:00",
  "gsi": 70.97858439358936,
  "classification": "Bullish",
  "change_from_previous": -1.4426143021842677,
  "components": {
    "raw_sentiment": 52.583626410358775,
    "dampened_sentiment": 51.55017584621527,
    "price_momentum": 80.71555649630065,
    "consistency_score": 0.41669238699829236,
    "previous_gsi": 72.42119869577363
  },
  "price_data": {
    "current_price": 4921.94,
    "change_1d_pct": -3.1929791435562183,
    "change_7d_pct": -0.5026476685456749,
    "change_30d_pct": 13.865002857070152
  }
}