{
  "timestamp": "2026-01-31T13:36:15.186569+00:00",
  "gsi": 70.75174029404356,
  "classification": "Bullish",
  "change_from_previous": -0.2860891424561629,
  "components": {
    "raw_sentiment": 85.52786487296787,
    "dampened_sentiment": 71.31671892378071,
    "price_momentum": 75.28282638095078,
    "consistency_score": 0.9206778508565987,
    "previous_gsi": 71.03782943649972
  },
  "price_data": {
    "current_price": 4895.44,
    "change_1d_pct": -8.842506298519092,
    "change_7d_pct": 1.3259151629555044,
    "change_30d_pct": 12.854583974014645
  }
}