{
  "timestamp": "2026-02-15T14:02:59.396343+00:00",
  "gsi": 76.08025760727054,
  "classification": "Extremely Bullish",
  "change_from_previous": -0.05818723691585603,
  "components": {
    "raw_sentiment": 78.28843283458579,
    "dampened_sentiment": 66.97305970075148,
    "price_momentum": 95.83216698434225,
    "consistency_score": 0.42281785432818453,
    "previous_gsi": 76.1384448441864
  },
  "price_data": {
    "current_price": 5042.74,
    "change_1d_pct": 2.454316793784561,
    "change_7d_pct": 1.576910255002817,
    "change_30d_pct": 16.40499392322139
  }
}