{
  "timestamp": "2026-02-08T08:51:22.161548+00:00",
  "gsi": 68.04503794668994,
  "classification": "Bullish",
  "change_from_previous": 0.14260935994978752,
  "components": {
    "raw_sentiment": 89.69387426520868,
    "dampened_sentiment": 73.8163245591252,
    "price_momentum": 68.36252760938251,
    "consistency_score": 0.8909240610051461,
    "previous_gsi": 67.90242858674016
  },
  "price_data": {
    "current_price": 4964.62,
    "change_1d_pct": 3.8476784136131315,
    "change_7d_pct": -8.376572504777613,
    "change_30d_pct": 10.831883181174318
  }
}