{
  "timestamp": "2026-01-26T19:09:15.286064+00:00",
  "gsi": 78.53440606317595,
  "classification": "Extremely Bullish",
  "change_from_previous": -0.17831110201231581,
  "components": {
    "raw_sentiment": 75.11429907155446,
    "dampened_sentiment": 65.06857944293267,
    "price_momentum": 100.0,
    "consistency_score": 0.30137158885865345,
    "previous_gsi": 78.71271716518827
  },
  "price_data": {
    "current_price": 4987.545,
    "change_1d_pct": 1.0431407267544657,
    "change_7d_pct": 7.802099825464848,
    "change_30d_pct": 17.94302132414234
  }
}