{
  "timestamp": "2026-01-26T10:07:39.060304+00:00",
  "gsi": 74.73710245490057,
  "classification": "Bullish",
  "change_from_previous": 0.10500180514074486,
  "components": {
    "raw_sentiment": 58.012568746137504,
    "dampened_sentiment": 54.8075412476825,
    "price_momentum": 100.0,
    "consistency_score": 0.09615082495365002,
    "previous_gsi": 74.63210064975982
  },
  "price_data": {
    "current_price": 4987.545,
    "change_1d_pct": 1.0431407267544657,
    "change_7d_pct": 7.802099825464848,
    "change_30d_pct": 17.94302132414234
  }
}