{
  "timestamp": "2026-01-24T22:09:05.698385+00:00",
  "gsi": 76.03183152193041,
  "classification": "Extremely Bullish",
  "change_from_previous": -0.20688727065460455,
  "components": {
    "raw_sentiment": 52.751994619680396,
    "dampened_sentiment": 51.65119677180824,
    "price_momentum": 100.0,
    "consistency_score": 0.033023935436164775,
    "previous_gsi": 76.23871879258502
  },
  "price_data": {
    "current_price": 4987.545,
    "change_1d_pct": 1.0431407267544657,
    "change_7d_pct": 7.802099825464848,
    "change_30d_pct": 17.94302132414234
  }
}