{
  "timestamp": "2026-02-15T08:50:22.695479+00:00",
  "gsi": 77.06242472173923,
  "classification": "Extremely Bullish",
  "change_from_previous": -0.34049050993800734,
  "components": {
    "raw_sentiment": 74.97684627171573,
    "dampened_sentiment": 64.98610776302944,
    "price_momentum": 95.83216698434225,
    "consistency_score": 0.3830788155737437,
    "previous_gsi": 77.40291523167724
  },
  "price_data": {
    "current_price": 5042.74,
    "change_1d_pct": 2.454316793784561,
    "change_7d_pct": 1.576910255002817,
    "change_30d_pct": 16.40499392322139
  }
}