{
  "timestamp": "2026-01-26T22:43:58.924920+00:00",
  "gsi": 78.09413846659056,
  "classification": "Extremely Bullish",
  "change_from_previous": 0.015211729531785068,
  "components": {
    "raw_sentiment": 79.10879159387437,
    "dampened_sentiment": 67.46527495632462,
    "price_momentum": 100.0,
    "consistency_score": 0.34930549912649245,
    "previous_gsi": 78.07892673705878
  },
  "price_data": {
    "current_price": 5008.875,
    "change_1d_pct": 0.4276653142979203,
    "change_7d_pct": 8.510216549250016,
    "change_30d_pct": 17.050164105667932
  }
}