{
  "timestamp": "2026-01-23T14:01:07.237981+00:00",
  "gsi": 79.90654099976696,
  "classification": "Extremely Bullish",
  "change_from_previous": -0.29027851829614804,
  "components": {
    "raw_sentiment": 79.58149229275551,
    "dampened_sentiment": 67.7488953756533,
    "price_momentum": 100.0,
    "consistency_score": 0.3549779075130661,
    "previous_gsi": 80.19681951806311
  },
  "price_data": {
    "current_price": 4936.055,
    "change_1d_pct": 2.1665652463685348,
    "change_7d_pct": 7.633005197334075,
    "change_30d_pct": 17.30405675970166
  }
}