{
  "timestamp": "2026-02-16T10:39:50.039300+00:00",
  "gsi": 78.16767334908747,
  "classification": "Extremely Bullish",
  "change_from_previous": -0.713558033210532,
  "components": {
    "raw_sentiment": 97.30230946580605,
    "dampened_sentiment": 78.38138567948363,
    "price_momentum": 50.0,
    "consistency_score": 1.0,
    "previous_gsi": 78.881231382298
  },
  "price_data": null
}