{
  "timestamp": "2026-02-06T22:19:46.961336+00:00",
  "gsi": 54.25465262659418,
  "classification": "Neutral",
  "change_from_previous": 0.850830700020822,
  "components": {
    "raw_sentiment": 62.30695252937342,
    "dampened_sentiment": 57.384171517624054,
    "price_momentum": 68.36252760938251,
    "consistency_score": 0.7804328781648309,
    "previous_gsi": 53.40382192657336
  },
  "price_data": {
    "current_price": 4964.62,
    "change_1d_pct": 3.8476784136131315,
    "change_7d_pct": -8.376572504777613,
    "change_30d_pct": 10.831883181174318
  }
}