{
  "timestamp": "2026-01-29T23:00:41.511605+00:00",
  "gsi": 79.7675381387855,
  "classification": "Extremely Bullish",
  "change_from_previous": 0.019724383417312197,
  "components": {
    "raw_sentiment": 88.20630643890487,
    "dampened_sentiment": 72.92378386334292,
    "price_momentum": 100.0,
    "consistency_score": 0.45847567726685834,
    "previous_gsi": 79.74781375536818
  },
  "price_data": {
    "current_price": 5370.31,
    "change_1d_pct": -0.8894519798357647,
    "change_7d_pct": 12.74181934218841,
    "change_30d_pct": 24.826339859026426
  }
}