{
  "timestamp": "2026-01-28T19:11:05.065143+00:00",
  "gsi": 80.54045236901891,
  "classification": "Extremely Bullish",
  "change_from_previous": -0.08138570265363398,
  "components": {
    "raw_sentiment": 89.18639148547214,
    "dampened_sentiment": 73.51183489128329,
    "price_momentum": 100.0,
    "consistency_score": 0.4702366978256657,
    "previous_gsi": 80.62183807167254
  },
  "price_data": {
    "current_price": 5180.625,
    "change_1d_pct": 3.428913678221157,
    "change_7d_pct": 12.712452570752264,
    "change_30d_pct": 20.495483708905926
  }
}