{
  "timestamp": "2026-01-25T08:05:56.024520+00:00",
  "gsi": 77.64734804516195,
  "classification": "Extremely Bullish",
  "change_from_previous": 0.21431272058534034,
  "components": {
    "raw_sentiment": 82.94293049922521,
    "dampened_sentiment": 69.76575829953512,
    "price_momentum": 100.0,
    "consistency_score": 0.3953151659907025,
    "previous_gsi": 77.43303532457661
  },
  "price_data": {
    "current_price": 4987.545,
    "change_1d_pct": 1.0431407267544657,
    "change_7d_pct": 7.802099825464848,
    "change_30d_pct": 17.94302132414234
  }
}