{
  "timestamp": "2026-02-06T20:37:25.336931+00:00",
  "gsi": 52.74860802055274,
  "classification": "Neutral",
  "change_from_previous": -1.7356573421858386,
  "components": {
    "raw_sentiment": 26.02365734356219,
    "dampened_sentiment": 35.614194406137315,
    "price_momentum": 51.22598317102006,
    "consistency_score": 0.687764224702345,
    "previous_gsi": 54.484265362738576
  },
  "price_data": {
    "current_price": 4780.675,
    "change_1d_pct": -3.7019169274371433,
    "change_7d_pct": -7.720110990469298,
    "change_30d_pct": 6.603226633664461
  }
}