{
  "timestamp": "2026-01-22T16:38:53.926717+00:00",
  "gsi": 76.8602589246608,
  "classification": "Extremely Bullish",
  "change_from_previous": -0.11199990441934915,
  "components": {
    "raw_sentiment": 76.63200353962173,
    "dampened_sentiment": 65.97920212377304,
    "price_momentum": 97.2763928822247,
    "consistency_score": 0.3740561848309667,
    "previous_gsi": 76.97225882908015
  },
  "price_data": {
    "current_price": 4831.38,
    "change_1d_pct": 1.4277706749633134,
    "change_7d_pct": 5.083684055985138,
    "change_30d_pct": 15.28923844931347
  }
}