{
  "timestamp": "2026-02-05T05:20:08.435142+00:00",
  "gsi": 67.70417088166074,
  "classification": "Bullish",
  "change_from_previous": 0.08732058116599717,
  "components": {
    "raw_sentiment": 80.74797096580042,
    "dampened_sentiment": 68.44878257948025,
    "price_momentum": 78.32141911167582,
    "consistency_score": 0.8025472693560886,
    "previous_gsi": 67.61685030049475
  },
  "price_data": {
    "current_price": 4964.455,
    "change_1d_pct": 0.35679595213475856,
    "change_7d_pct": -0.8868258840557974,
    "change_30d_pct": 11.717944794249902
  }
}