{
  "timestamp": "2026-02-09T06:26:16.720936+00:00",
  "gsi": 61.97856040601684,
  "classification": "Bullish",
  "change_from_previous": -0.45298890366314026,
  "components": {
    "raw_sentiment": 63.24699928534033,
    "dampened_sentiment": 57.9481995712042,
    "price_momentum": 68.36252760938251,
    "consistency_score": 0.7917134392364338,
    "previous_gsi": 62.43154930967998
  },
  "price_data": {
    "current_price": 4964.62,
    "change_1d_pct": 3.8476784136131315,
    "change_7d_pct": -8.376572504777613,
    "change_30d_pct": 10.831883181174318
  }
}