{
  "timestamp": "2026-02-08T10:46:30.710771+00:00",
  "gsi": 68.9031650826792,
  "classification": "Bullish",
  "change_from_previous": -0.3871281937632176,
  "components": {
    "raw_sentiment": 83.68905913434668,
    "dampened_sentiment": 70.21343548060801,
    "price_momentum": 68.36252760938251,
    "consistency_score": 0.9629818425754899,
    "previous_gsi": 69.29029327644241
  },
  "price_data": {
    "current_price": 4964.62,
    "change_1d_pct": 3.8476784136131315,
    "change_7d_pct": -8.376572504777613,
    "change_30d_pct": 10.831883181174318
  }
}