{
  "timestamp": "2026-01-25T10:43:09.460507+00:00",
  "gsi": 77.7082339704274,
  "classification": "Extremely Bullish",
  "change_from_previous": -0.48322348739789334,
  "components": {
    "raw_sentiment": 54.08152567662453,
    "dampened_sentiment": 52.44891540597472,
    "price_momentum": 100.0,
    "consistency_score": 0.04897830811949433,
    "previous_gsi": 78.1914574578253
  },
  "price_data": {
    "current_price": 4987.545,
    "change_1d_pct": 1.0431407267544657,
    "change_7d_pct": 7.802099825464848,
    "change_30d_pct": 17.94302132414234
  }
}