{
  "timestamp": "2026-02-15T03:31:32.665744+00:00",
  "gsi": 77.454610776763,
  "classification": "Extremely Bullish",
  "change_from_previous": -0.43228661905496324,
  "components": {
    "raw_sentiment": 74.26414102858047,
    "dampened_sentiment": 64.55848461714828,
    "price_momentum": 95.83216698434225,
    "consistency_score": 0.37452635265612055,
    "previous_gsi": 77.88689739581797
  },
  "price_data": {
    "current_price": 5042.74,
    "change_1d_pct": 2.454316793784561,
    "change_7d_pct": 1.576910255002817,
    "change_30d_pct": 16.40499392322139
  }
}