{
  "timestamp": "2026-02-09T11:44:31.190724+00:00",
  "gsi": 65.21257783219916,
  "classification": "Bullish",
  "change_from_previous": -0.3560090496599031,
  "components": {
    "raw_sentiment": 73.84523438954398,
    "dampened_sentiment": 64.30714063372639,
    "price_momentum": 68.36252760938251,
    "consistency_score": 0.9188922604868777,
    "previous_gsi": 65.56858688185906
  },
  "price_data": {
    "current_price": 4964.62,
    "change_1d_pct": 3.8476784136131315,
    "change_7d_pct": -8.376572504777613,
    "change_30d_pct": 10.831883181174318
  }
}