{
  "timestamp": "2026-01-31T15:10:56.151025+00:00",
  "gsi": 68.45856583270202,
  "classification": "Bullish",
  "change_from_previous": -0.8465983647166695,
  "components": {
    "raw_sentiment": 70.20743521614892,
    "dampened_sentiment": 62.12446112968935,
    "price_momentum": 75.28282638095078,
    "consistency_score": 0.7368326949747714,
    "previous_gsi": 69.30516419741869
  },
  "price_data": {
    "current_price": 4895.44,
    "change_1d_pct": -8.842506298519092,
    "change_7d_pct": 1.3259151629555044,
    "change_30d_pct": 12.854583974014645
  }
}