{
  "timestamp": "2026-02-15T11:19:37.217261+00:00",
  "gsi": 75.19738482861007,
  "classification": "Extremely Bullish",
  "change_from_previous": -0.1748858378371807,
  "components": {
    "raw_sentiment": 69.5754752058332,
    "dampened_sentiment": 61.74528512349992,
    "price_momentum": 95.83216698434225,
    "consistency_score": 0.31826236278315334,
    "previous_gsi": 75.37227066644725
  },
  "price_data": {
    "current_price": 5042.74,
    "change_1d_pct": 2.454316793784561,
    "change_7d_pct": 1.576910255002817,
    "change_30d_pct": 16.40499392322139
  }
}