{
  "timestamp": "2026-02-08T21:23:04.606123+00:00",
  "gsi": 63.066572769429804,
  "classification": "Bullish",
  "change_from_previous": -1.20908432820368,
  "components": {
    "raw_sentiment": 49.712511812500296,
    "dampened_sentiment": 49.82750708750018,
    "price_momentum": 68.36252760938251,
    "consistency_score": 0.6292995895623534,
    "previous_gsi": 64.27565709763348
  },
  "price_data": {
    "current_price": 4964.62,
    "change_1d_pct": 3.8476784136131315,
    "change_7d_pct": -8.376572504777613,
    "change_30d_pct": 10.831883181174318
  }
}