{
  "timestamp": "2026-01-28T23:28:10.497794+00:00",
  "gsi": 79.73226032640554,
  "classification": "Extremely Bullish",
  "change_from_previous": 0.05247311423835299,
  "components": {
    "raw_sentiment": 88.94449009052332,
    "dampened_sentiment": 73.366694054314,
    "price_momentum": 100.0,
    "consistency_score": 0.46733388108627993,
    "previous_gsi": 79.67978721216718
  },
  "price_data": {
    "current_price": 5418.505,
    "change_1d_pct": 4.5917239715285385,
    "change_7d_pct": 16.02061540009785,
    "change_30d_pct": 25.868020469649778
  }
}