{
  "timestamp": "2026-01-26T08:05:47.404929+00:00",
  "gsi": 74.61756258720044,
  "classification": "Bullish",
  "change_from_previous": -0.3253843650214918,
  "components": {
    "raw_sentiment": 41.24051284817328,
    "dampened_sentiment": 44.74430770890397,
    "price_momentum": 100.0,
    "consistency_score": 0.0,
    "previous_gsi": 74.94294695222193
  },
  "price_data": {
    "current_price": 4987.545,
    "change_1d_pct": 1.0431407267544657,
    "change_7d_pct": 7.802099825464848,
    "change_30d_pct": 17.94302132414234
  }
}