{
  "timestamp": "2026-01-22T23:03:50.923383+00:00",
  "gsi": 74.29235323119394,
  "classification": "Bullish",
  "change_from_previous": 0.17708048938956722,
  "components": {
    "raw_sentiment": 57.64298385484204,
    "dampened_sentiment": 54.585790312905225,
    "price_momentum": 100.0,
    "consistency_score": 0.09171580625810449,
    "previous_gsi": 74.11527274180438
  },
  "price_data": {
    "current_price": 4936.055,
    "change_1d_pct": 2.1665652463685348,
    "change_7d_pct": 7.633005197334075,
    "change_30d_pct": 17.30405675970166
  }
}