{
  "timestamp": "2026-01-25T14:58:41.691416+00:00",
  "gsi": 78.29490273574521,
  "classification": "Extremely Bullish",
  "change_from_previous": 0.05109733842367348,
  "components": {
    "raw_sentiment": 81.416494780263,
    "dampened_sentiment": 68.8498968681578,
    "price_momentum": 100.0,
    "consistency_score": 0.376997937363156,
    "previous_gsi": 78.24380539732154
  },
  "price_data": {
    "current_price": 4987.545,
    "change_1d_pct": 1.0431407267544657,
    "change_7d_pct": 7.802099825464848,
    "change_30d_pct": 17.94302132414234
  }
}