{
  "timestamp": "2026-01-24T10:10:22.233529+00:00",
  "gsi": 79.39624794571081,
  "classification": "Extremely Bullish",
  "change_from_previous": -0.34858892851571,
  "components": {
    "raw_sentiment": 74.45506637413706,
    "dampened_sentiment": 64.67303982448223,
    "price_momentum": 100.0,
    "consistency_score": 0.2934607964896446,
    "previous_gsi": 79.74483687422652
  },
  "price_data": {
    "current_price": 4987.545,
    "change_1d_pct": 1.0431407267544657,
    "change_7d_pct": 7.802099825464848,
    "change_30d_pct": 17.94302132414234
  }
}