{
  "timestamp": "2026-02-04T17:37:35.106968+00:00",
  "gsi": 76.60244657910204,
  "classification": "Extremely Bullish",
  "change_from_previous": 0.1522106529273799,
  "components": {
    "raw_sentiment": 98.40341983173656,
    "dampened_sentiment": 79.04205189904194,
    "price_momentum": 89.94099110755758,
    "consistency_score": 0.7820212158296871,
    "previous_gsi": 76.45023592617466
  },
  "price_data": {
    "current_price": 4946.805,
    "change_1d_pct": 6.130927861593127,
    "change_7d_pct": -0.8168347353256888,
    "change_30d_pct": 14.014126139581196
  }
}