{
  "timestamp": "2026-01-24T07:05:16.562674+00:00",
  "gsi": 78.01179873283003,
  "classification": "Extremely Bullish",
  "change_from_previous": -0.1468523417895824,
  "components": {
    "raw_sentiment": 72.87294709425342,
    "dampened_sentiment": 63.72376825655205,
    "price_momentum": 100.0,
    "consistency_score": 0.274475365131041,
    "previous_gsi": 78.15865107461961
  },
  "price_data": {
    "current_price": 4987.545,
    "change_1d_pct": 1.0431407267544657,
    "change_7d_pct": 7.802099825464848,
    "change_30d_pct": 17.94302132414234
  }
}