{
  "timestamp": "2026-02-09T19:51:05.296293+00:00",
  "gsi": 68.73745759702477,
  "classification": "Bullish",
  "change_from_previous": 0.6697035782413678,
  "components": {
    "raw_sentiment": 100.0,
    "dampened_sentiment": 80.0,
    "price_momentum": 68.36252760938251,
    "consistency_score": 0.7672505521876503,
    "previous_gsi": 68.0677540187834
  },
  "price_data": {
    "current_price": 4964.62,
    "change_1d_pct": 3.8476784136131315,
    "change_7d_pct": -8.376572504777613,
    "change_30d_pct": 10.831883181174318
  }
}