{
  "timestamp": "2026-02-03T09:01:52.492707+00:00",
  "gsi": 55.11380908939053,
  "classification": "Bullish",
  "change_from_previous": -0.2819383318320874,
  "components": {
    "raw_sentiment": 55.701449142691736,
    "dampened_sentiment": 53.42086948561504,
    "price_momentum": 55.80682822902388,
    "consistency_score": 0.9522808251318233,
    "previous_gsi": 55.395747421222616
  },
  "price_data": {
    "current_price": 4661.04,
    "change_1d_pct": -4.7881293612014435,
    "change_7d_pct": -5.571554611932006,
    "change_30d_pct": 7.580915803249333
  }
}