{
  "timestamp": "2026-01-29T05:40:11.141227+00:00",
  "gsi": 79.60896015869076,
  "classification": "Extremely Bullish",
  "change_from_previous": -0.4058105077401848,
  "components": {
    "raw_sentiment": 73.73062212385133,
    "dampened_sentiment": 64.2383732743108,
    "price_momentum": 100.0,
    "consistency_score": 0.284767465486216,
    "previous_gsi": 80.01477066643095
  },
  "price_data": {
    "current_price": 5418.505,
    "change_1d_pct": 4.5917239715285385,
    "change_7d_pct": 16.02061540009785,
    "change_30d_pct": 25.868020469649778
  }
}