{
  "timestamp": "2026-02-10T16:48:24.009761+00:00",
  "gsi": 71.32443116504756,
  "classification": "Bullish",
  "change_from_previous": 0.1320321961423332,
  "components": {
    "raw_sentiment": 96.05957989712836,
    "dampened_sentiment": 77.635747938277,
    "price_momentum": 72.0758572022717,
    "consistency_score": 0.888802185279894,
    "previous_gsi": 71.19239896890522
  },
  "price_data": {
    "current_price": 5057.775,
    "change_1d_pct": 1.876377245388361,
    "change_7d_pct": -5.819682662639602,
    "change_30d_pct": 11.571601580337099
  }
}