{
  "timestamp": "2026-01-25T16:46:46.391002+00:00",
  "gsi": 75.52408627797256,
  "classification": "Extremely Bullish",
  "change_from_previous": -0.8245132216062672,
  "components": {
    "raw_sentiment": 32.26818248772345,
    "dampened_sentiment": 39.36090949263407,
    "price_momentum": 100.0,
    "consistency_score": 0.0,
    "previous_gsi": 76.34859949957882
  },
  "price_data": {
    "current_price": 4987.545,
    "change_1d_pct": 1.0431407267544657,
    "change_7d_pct": 7.802099825464848,
    "change_30d_pct": 17.94302132414234
  }
}