{
  "timestamp": "2026-02-16T17:13:42.970420+00:00",
  "gsi": 76.01971187990347,
  "classification": "Extremely Bullish",
  "change_from_previous": 0.1772227005181577,
  "components": {
    "raw_sentiment": 84.56430363022251,
    "dampened_sentiment": 70.7385821781335,
    "price_momentum": 95.83216698434225,
    "consistency_score": 0.49812830387582496,
    "previous_gsi": 75.84248917938531
  },
  "price_data": {
    "current_price": 5042.74,
    "change_1d_pct": 2.454316793784561,
    "change_7d_pct": 1.576910255002817,
    "change_30d_pct": 16.40499392322139
  }
}