{
  "timestamp": "2026-01-31T11:38:23.085500+00:00",
  "gsi": 70.44599995927462,
  "classification": "Bullish",
  "change_from_previous": -0.262770508144456,
  "components": {
    "raw_sentiment": 85.04158642198014,
    "dampened_sentiment": 71.02495185318809,
    "price_momentum": 75.28282638095078,
    "consistency_score": 0.9148425094447461,
    "previous_gsi": 70.70877046741907
  },
  "price_data": {
    "current_price": 4895.44,
    "change_1d_pct": -8.842506298519092,
    "change_7d_pct": 1.3259151629555044,
    "change_30d_pct": 12.854583974014645
  }
}