{
  "timestamp": "2026-01-30T22:01:05.956729+00:00",
  "gsi": 77.86969980501273,
  "classification": "Extremely Bullish",
  "change_from_previous": -1.0911708952395287,
  "components": {
    "raw_sentiment": 92.6870513674502,
    "dampened_sentiment": 75.61223082047012,
    "price_momentum": 75.28282638095078,
    "consistency_score": 0.9934119112096133,
    "previous_gsi": 78.96087070025226
  },
  "price_data": {
    "current_price": 4895.44,
    "change_1d_pct": -8.842506298519092,
    "change_7d_pct": 1.3259151629555044,
    "change_30d_pct": 12.854583974014645
  }
}