{
  "timestamp": "2026-01-24T07:36:35.826401+00:00",
  "gsi": 77.9514576145315,
  "classification": "Extremely Bullish",
  "change_from_previous": -0.060341118298524066,
  "components": {
    "raw_sentiment": 75.6543851111801,
    "dampened_sentiment": 65.39263106670806,
    "price_momentum": 100.0,
    "consistency_score": 0.30785262133416125,
    "previous_gsi": 78.01179873283003
  },
  "price_data": {
    "current_price": 4987.545,
    "change_1d_pct": 1.0431407267544657,
    "change_7d_pct": 7.802099825464848,
    "change_30d_pct": 17.94302132414234
  }
}