{
  "timestamp": "2026-02-11T16:26:43.687188+00:00",
  "gsi": 74.91120372000509,
  "classification": "Bullish",
  "change_from_previous": 0.6947117908685811,
  "components": {
    "raw_sentiment": 96.80002904091505,
    "dampened_sentiment": 78.08001742454903,
    "price_momentum": 93.29037045377095,
    "consistency_score": 0.6957929394155615,
    "previous_gsi": 74.21649192913651
  },
  "price_data": {
    "current_price": 5025.12,
    "change_1d_pct": -0.645639634028794,
    "change_7d_pct": 2.648995800173237,
    "change_30d_pct": 15.985006555015957
  }
}