{
  "timestamp": "2026-01-22T07:52:54.490820+00:00",
  "gsi": 73.43207668265813,
  "classification": "Bullish",
  "change_from_previous": 0.3216460614489449,
  "components": {
    "raw_sentiment": 70.86505704139455,
    "dampened_sentiment": 62.51903422483673,
    "price_momentum": 97.2763928822247,
    "consistency_score": 0.3048528268522407,
    "previous_gsi": 73.11043062120919
  },
  "price_data": {
    "current_price": 4831.38,
    "change_1d_pct": 1.4277706749633134,
    "change_7d_pct": 5.083684055985138,
    "change_30d_pct": 15.28923844931347
  }
}