{
  "timestamp": "2026-02-11T08:45:17.058706+00:00",
  "gsi": 73.16183598094484,
  "classification": "Bullish",
  "change_from_previous": 0.37250081341029784,
  "components": {
    "raw_sentiment": 82.21469760681441,
    "dampened_sentiment": 69.32881856408865,
    "price_momentum": 93.29037045377095,
    "consistency_score": 0.520768962206354,
    "previous_gsi": 72.78933516753455
  },
  "price_data": {
    "current_price": 5025.12,
    "change_1d_pct": -0.645639634028794,
    "change_7d_pct": 2.648995800173237,
    "change_30d_pct": 15.985006555015957
  }
}