{
  "timestamp": "2026-01-29T06:18:38.551627+00:00",
  "gsi": 79.82594978977048,
  "classification": "Extremely Bullish",
  "change_from_previous": 0.2169896310797128,
  "components": {
    "raw_sentiment": 93.75844888813204,
    "dampened_sentiment": 76.25506933287922,
    "price_momentum": 100.0,
    "consistency_score": 0.5251013866575843,
    "previous_gsi": 79.60896015869076
  },
  "price_data": {
    "current_price": 5418.505,
    "change_1d_pct": 4.5917239715285385,
    "change_7d_pct": 16.02061540009785,
    "change_30d_pct": 25.868020469649778
  }
}