{
  "timestamp": "2026-02-05T23:00:02.239092+00:00",
  "gsi": 65.49946960228358,
  "classification": "Bullish",
  "change_from_previous": -0.3928938482275015,
  "components": {
    "raw_sentiment": 95.27477766401003,
    "dampened_sentiment": 77.16486659840602,
    "price_momentum": 51.22598317102006,
    "consistency_score": 0.48122233145228077,
    "previous_gsi": 65.89236345051108
  },
  "price_data": {
    "current_price": 4780.675,
    "change_1d_pct": -3.7019169274371433,
    "change_7d_pct": -7.720110990469298,
    "change_30d_pct": 6.603226633664461
  }
}