{
  "timestamp": "2026-02-03T23:56:02.995811+00:00",
  "gsi": 67.89686537305761,
  "classification": "Bullish",
  "change_from_previous": 0.8740936102904868,
  "components": {
    "raw_sentiment": 78.53206713083911,
    "dampened_sentiment": 67.11924027850347,
    "price_momentum": 89.94099110755758,
    "consistency_score": 0.5435649834189178,
    "previous_gsi": 67.02277176276712
  },
  "price_data": {
    "current_price": 4946.805,
    "change_1d_pct": 6.130927861593127,
    "change_7d_pct": -0.8168347353256888,
    "change_30d_pct": 14.014126139581196
  }
}