{
  "timestamp": "2026-01-23T11:19:47.555922+00:00",
  "gsi": 79.76952613354997,
  "classification": "Extremely Bullish",
  "change_from_previous": 0.22991926247908623,
  "components": {
    "raw_sentiment": 93.83449543712752,
    "dampened_sentiment": 76.30069726227651,
    "price_momentum": 100.0,
    "consistency_score": 0.5260139452455304,
    "previous_gsi": 79.53960687107089
  },
  "price_data": {
    "current_price": 4936.055,
    "change_1d_pct": 2.1665652463685348,
    "change_7d_pct": 7.633005197334075,
    "change_30d_pct": 17.30405675970166
  }
}