{
  "timestamp": "2026-01-31T21:48:46.441399+00:00",
  "gsi": 62.27545072659235,
  "classification": "Bullish",
  "change_from_previous": -0.3432584446751008,
  "components": {
    "raw_sentiment": 53.83518401096546,
    "dampened_sentiment": 52.30111040657928,
    "price_momentum": 75.28282638095078,
    "consistency_score": 0.54036568051257,
    "previous_gsi": 62.61870917126745
  },
  "price_data": {
    "current_price": 4895.44,
    "change_1d_pct": -8.842506298519092,
    "change_7d_pct": 1.3259151629555044,
    "change_30d_pct": 12.854583974014645
  }
}