{
  "timestamp": "2026-02-15T23:44:24.025252+00:00",
  "gsi": 76.78455105296996,
  "classification": "Extremely Bullish",
  "change_from_previous": 0.08804383026229345,
  "components": {
    "raw_sentiment": 85.76717862635631,
    "dampened_sentiment": 71.46030717581378,
    "price_momentum": 95.83216698434225,
    "consistency_score": 0.5125628038294305,
    "previous_gsi": 76.69650722270767
  },
  "price_data": {
    "current_price": 5042.74,
    "change_1d_pct": 2.454316793784561,
    "change_7d_pct": 1.576910255002817,
    "change_30d_pct": 16.40499392322139
  }
}