{
  "timestamp": "2026-02-12T15:45:49.039343+00:00",
  "gsi": 80.09096231661373,
  "classification": "Extremely Bullish",
  "change_from_previous": -0.10688449432289815,
  "components": {
    "raw_sentiment": 86.22574581057964,
    "dampened_sentiment": 71.73544748634778,
    "price_momentum": 100.0,
    "consistency_score": 0.4347089497269556,
    "previous_gsi": 80.19784681093662
  },
  "price_data": {
    "current_price": 5084.28,
    "change_1d_pct": 1.1772853185595622,
    "change_7d_pct": 9.080376911590538,
    "change_30d_pct": 17.165371750274527
  }
}