{
  "timestamp": "2026-02-12T08:14:58.479543+00:00",
  "gsi": 78.0620776756396,
  "classification": "Extremely Bullish",
  "change_from_previous": -0.09739269602037837,
  "components": {
    "raw_sentiment": 75.02663939047449,
    "dampened_sentiment": 65.0159836342847,
    "price_momentum": 100.0,
    "consistency_score": 0.30031967268569393,
    "previous_gsi": 78.15947037165998
  },
  "price_data": {
    "current_price": 5084.28,
    "change_1d_pct": 1.1772853185595622,
    "change_7d_pct": 9.080376911590538,
    "change_30d_pct": 17.165371750274527
  }
}