{
  "timestamp": "2026-01-27T12:09:35.122119+00:00",
  "gsi": 80.9294792700991,
  "classification": "Extremely Bullish",
  "change_from_previous": -0.2231880984624155,
  "components": {
    "raw_sentiment": 87.13620408928578,
    "dampened_sentiment": 72.28172245357146,
    "price_momentum": 100.0,
    "consistency_score": 0.44563444907142924,
    "previous_gsi": 81.15266736856151
  },
  "price_data": {
    "current_price": 5008.875,
    "change_1d_pct": 0.4276653142979203,
    "change_7d_pct": 8.510216549250016,
    "change_30d_pct": 17.050164105667932
  }
}