{
  "timestamp": "2026-02-01T18:04:19.992478+00:00",
  "gsi": 59.96025858969107,
  "classification": "Bullish",
  "change_from_previous": -0.43468866331575384,
  "components": {
    "raw_sentiment": 39.78472744842752,
    "dampened_sentiment": 43.87083646905651,
    "price_momentum": 75.28282638095078,
    "consistency_score": 0.37176020176211466,
    "previous_gsi": 60.394947253006826
  },
  "price_data": {
    "current_price": 4895.44,
    "change_1d_pct": -8.842506298519092,
    "change_7d_pct": 1.3259151629555044,
    "change_30d_pct": 12.854583974014645
  }
}