{
  "timestamp": "2026-01-31T20:46:59.978218+00:00",
  "gsi": 62.92687778933532,
  "classification": "Bullish",
  "change_from_previous": -0.13028423210434426,
  "components": {
    "raw_sentiment": 61.60881355605363,
    "dampened_sentiment": 56.96528813363218,
    "price_momentum": 75.28282638095078,
    "consistency_score": 0.633649235053628,
    "previous_gsi": 63.057162021439666
  },
  "price_data": {
    "current_price": 4895.44,
    "change_1d_pct": -8.842506298519092,
    "change_7d_pct": 1.3259151629555044,
    "change_30d_pct": 12.854583974014645
  }
}