{
  "timestamp": "2026-02-07T18:54:26.294322+00:00",
  "gsi": 68.76099376509605,
  "classification": "Bullish",
  "change_from_previous": 0.04399166083386774,
  "components": {
    "raw_sentiment": 90.13399244471162,
    "dampened_sentiment": 74.08039546682697,
    "price_momentum": 68.36252760938251,
    "consistency_score": 0.8856426428511108,
    "previous_gsi": 68.71700210426218
  },
  "price_data": {
    "current_price": 4964.62,
    "change_1d_pct": 3.8476784136131315,
    "change_7d_pct": -8.376572504777613,
    "change_30d_pct": 10.831883181174318
  }
}