{
  "timestamp": "2026-01-26T18:27:58.162470+00:00",
  "gsi": 78.71271716518827,
  "classification": "Extremely Bullish",
  "change_from_previous": -0.24270411650493884,
  "components": {
    "raw_sentiment": 73.91375029179909,
    "dampened_sentiment": 64.34825017507946,
    "price_momentum": 100.0,
    "consistency_score": 0.28696500350158916,
    "previous_gsi": 78.9554212816932
  },
  "price_data": {
    "current_price": 4987.545,
    "change_1d_pct": 1.0431407267544657,
    "change_7d_pct": 7.802099825464848,
    "change_30d_pct": 17.94302132414234
  }
}