{
  "timestamp": "2026-01-26T14:05:49.382792+00:00",
  "gsi": 76.24625601443665,
  "classification": "Extremely Bullish",
  "change_from_previous": 0.3815613699345306,
  "components": {
    "raw_sentiment": 80.42412217600663,
    "dampened_sentiment": 68.25447330560398,
    "price_momentum": 100.0,
    "consistency_score": 0.3650894661120796,
    "previous_gsi": 75.86469464450212
  },
  "price_data": {
    "current_price": 4987.545,
    "change_1d_pct": 1.0431407267544657,
    "change_7d_pct": 7.802099825464848,
    "change_30d_pct": 17.94302132414234
  }
}