{
  "timestamp": "2026-01-29T11:32:19.578130+00:00",
  "gsi": 81.29929483322607,
  "classification": "Extremely Bullish",
  "change_from_previous": 0.21259502943067332,
  "components": {
    "raw_sentiment": 100.0,
    "dampened_sentiment": 80.0,
    "price_momentum": 100.0,
    "consistency_score": 0.6,
    "previous_gsi": 81.0866998037954
  },
  "price_data": {
    "current_price": 5418.505,
    "change_1d_pct": 4.5917239715285385,
    "change_7d_pct": 16.02061540009785,
    "change_30d_pct": 25.868020469649778
  }
}