{
  "timestamp": "2026-01-24T19:52:58.043915+00:00",
  "gsi": 76.27194309380829,
  "classification": "Extremely Bullish",
  "change_from_previous": 0.08648957209378239,
  "components": {
    "raw_sentiment": 69.99007102892598,
    "dampened_sentiment": 61.99404261735559,
    "price_momentum": 100.0,
    "consistency_score": 0.23988085234711176,
    "previous_gsi": 76.1854535217145
  },
  "price_data": {
    "current_price": 4987.545,
    "change_1d_pct": 1.0431407267544657,
    "change_7d_pct": 7.802099825464848,
    "change_30d_pct": 17.94302132414234
  }
}