{
  "timestamp": "2026-01-23T19:21:01.938851+00:00",
  "gsi": 77.84586643361118,
  "classification": "Extremely Bullish",
  "change_from_previous": -0.20620861347296682,
  "components": {
    "raw_sentiment": 69.3801271913116,
    "dampened_sentiment": 61.62807631478696,
    "price_momentum": 100.0,
    "consistency_score": 0.23256152629573923,
    "previous_gsi": 78.05207504708414
  },
  "price_data": {
    "current_price": 4936.055,
    "change_1d_pct": 2.1665652463685348,
    "change_7d_pct": 7.633005197334075,
    "change_30d_pct": 17.30405675970166
  }
}