{
  "timestamp": "2026-01-31T14:06:17.213691+00:00",
  "gsi": 70.47106747289422,
  "classification": "Bullish",
  "change_from_previous": -0.2806728211493379,
  "components": {
    "raw_sentiment": 84.82763984847477,
    "dampened_sentiment": 70.89658390908487,
    "price_momentum": 75.28282638095078,
    "consistency_score": 0.9122751505626817,
    "previous_gsi": 70.75174029404356
  },
  "price_data": {
    "current_price": 4895.44,
    "change_1d_pct": -8.842506298519092,
    "change_7d_pct": 1.3259151629555044,
    "change_30d_pct": 12.854583974014645
  }
}