{
  "timestamp": "2026-01-24T15:44:48.901973+00:00",
  "gsi": 80.25294413442437,
  "classification": "Extremely Bullish",
  "change_from_previous": -0.5207587469948436,
  "components": {
    "raw_sentiment": 73.68221371957534,
    "dampened_sentiment": 64.2093282317452,
    "price_momentum": 100.0,
    "consistency_score": 0.2841865646349041,
    "previous_gsi": 80.77370288141921
  },
  "price_data": {
    "current_price": 4987.545,
    "change_1d_pct": 1.0431407267544657,
    "change_7d_pct": 7.802099825464848,
    "change_30d_pct": 17.94302132414234
  }
}