{
  "timestamp": "2026-01-29T16:05:23.620333+00:00",
  "gsi": 81.66319391687722,
  "classification": "Extremely Bullish",
  "change_from_previous": -0.19226672192679928,
  "components": {
    "raw_sentiment": 91.54368148373803,
    "dampened_sentiment": 74.92620889024282,
    "price_momentum": 100.0,
    "consistency_score": 0.49852417780485636,
    "previous_gsi": 81.85546063880402
  },
  "price_data": {
    "current_price": 5418.505,
    "change_1d_pct": 4.5917239715285385,
    "change_7d_pct": 16.02061540009785,
    "change_30d_pct": 25.868020469649778
  }
}