{
  "timestamp": "2026-01-25T19:17:50.295941+00:00",
  "gsi": 75.23366320952613,
  "classification": "Extremely Bullish",
  "change_from_previous": -0.006798556470599237,
  "components": {
    "raw_sentiment": 56.59206050163711,
    "dampened_sentiment": 53.955236300982264,
    "price_momentum": 100.0,
    "consistency_score": 0.07910472601964524,
    "previous_gsi": 75.24046176599673
  },
  "price_data": {
    "current_price": 4987.545,
    "change_1d_pct": 1.0431407267544657,
    "change_7d_pct": 7.802099825464848,
    "change_30d_pct": 17.94302132414234
  }
}