{
  "timestamp": "2026-02-15T22:38:20.518415+00:00",
  "gsi": 76.6354483647203,
  "classification": "Extremely Bullish",
  "change_from_previous": 0.12334339752869994,
  "components": {
    "raw_sentiment": 86.00059298746446,
    "dampened_sentiment": 71.60035579247867,
    "price_momentum": 95.83216698434225,
    "consistency_score": 0.5153637761627283,
    "previous_gsi": 76.5121049671916
  },
  "price_data": {
    "current_price": 5042.74,
    "change_1d_pct": 2.454316793784561,
    "change_7d_pct": 1.576910255002817,
    "change_30d_pct": 16.40499392322139
  }
}