{
  "timestamp": "2026-02-10T18:54:35.606754+00:00",
  "gsi": 70.60385518092383,
  "classification": "Bullish",
  "change_from_previous": -0.3870346889705871,
  "components": {
    "raw_sentiment": 85.8020028669783,
    "dampened_sentiment": 71.48120172018697,
    "price_momentum": 72.0758572022717,
    "consistency_score": 0.9881068903583053,
    "previous_gsi": 70.99088986989442
  },
  "price_data": {
    "current_price": 5057.775,
    "change_1d_pct": 1.876377245388361,
    "change_7d_pct": -5.819682662639602,
    "change_30d_pct": 11.571601580337099
  }
}