{
  "timestamp": "2026-02-07T23:27:41.907600+00:00",
  "gsi": 64.08166567883342,
  "classification": "Bullish",
  "change_from_previous": 0.29608475455479066,
  "components": {
    "raw_sentiment": 81.02810853665187,
    "dampened_sentiment": 68.61686512199113,
    "price_momentum": 68.36252760938251,
    "consistency_score": 0.9949132497478277,
    "previous_gsi": 63.78558092427863
  },
  "price_data": {
    "current_price": 4964.62,
    "change_1d_pct": 3.8476784136131315,
    "change_7d_pct": -8.376572504777613,
    "change_30d_pct": 10.831883181174318
  }
}