{
  "timestamp": "2026-02-14T03:39:18.582738+00:00",
  "gsi": 71.91021886149251,
  "classification": "Bullish",
  "change_from_previous": 0.4371715761440669,
  "components": {
    "raw_sentiment": 70.67885097531719,
    "dampened_sentiment": 62.40731058519032,
    "price_momentum": 95.83216698434225,
    "consistency_score": 0.33150287201696127,
    "previous_gsi": 71.47304728534844
  },
  "price_data": {
    "current_price": 5042.74,
    "change_1d_pct": 2.454316793784561,
    "change_7d_pct": 1.576910255002817,
    "change_30d_pct": 16.40499392322139
  }
}