{
  "timestamp": "2026-02-16T08:38:28.487695+00:00",
  "gsi": 78.55491944940349,
  "classification": "Extremely Bullish",
  "change_from_previous": 0.0386319587857713,
  "components": {
    "raw_sentiment": 92.27695281766026,
    "dampened_sentiment": 75.36617169059616,
    "price_momentum": 95.83216698434225,
    "consistency_score": 0.5906800941250783,
    "previous_gsi": 78.51628749061771
  },
  "price_data": {
    "current_price": 5042.74,
    "change_1d_pct": 2.454316793784561,
    "change_7d_pct": 1.576910255002817,
    "change_30d_pct": 16.40499392322139
  }
}