{
  "timestamp": "2026-02-03T22:47:42.156296+00:00",
  "gsi": 65.51155301767326,
  "classification": "Bullish",
  "change_from_previous": 1.9114994390728839,
  "components": {
    "raw_sentiment": 95.261709915945,
    "dampened_sentiment": 77.157025949567,
    "price_momentum": 89.94099110755758,
    "consistency_score": 0.7443206968401884,
    "previous_gsi": 63.60005357860038
  },
  "price_data": {
    "current_price": 4946.805,
    "change_1d_pct": 6.130927861593127,
    "change_7d_pct": -0.8168347353256888,
    "change_30d_pct": 14.014126139581196
  }
}