{
  "timestamp": "2026-01-25T21:38:04.203724+00:00",
  "gsi": 77.03900676277514,
  "classification": "Extremely Bullish",
  "change_from_previous": 0.32068082382005514,
  "components": {
    "raw_sentiment": 82.91259836163486,
    "dampened_sentiment": 69.74755901698092,
    "price_momentum": 100.0,
    "consistency_score": 0.3949511803396183,
    "previous_gsi": 76.71832593895509
  },
  "price_data": {
    "current_price": 4987.545,
    "change_1d_pct": 1.0431407267544657,
    "change_7d_pct": 7.802099825464848,
    "change_30d_pct": 17.94302132414234
  }
}