{
  "timestamp": "2026-02-12T10:17:46.135913+00:00",
  "gsi": 79.2947111206496,
  "classification": "Extremely Bullish",
  "change_from_previous": 0.5663450963559455,
  "components": {
    "raw_sentiment": 100.0,
    "dampened_sentiment": 80.0,
    "price_momentum": 100.0,
    "consistency_score": 0.6,
    "previous_gsi": 78.72836602429365
  },
  "price_data": {
    "current_price": 5084.28,
    "change_1d_pct": 1.1772853185595622,
    "change_7d_pct": 9.080376911590538,
    "change_30d_pct": 17.165371750274527
  }
}