{
  "timestamp": "2026-01-25T05:59:16.175593+00:00",
  "gsi": 76.09120063448283,
  "classification": "Extremely Bullish",
  "change_from_previous": 0.7768670862564022,
  "components": {
    "raw_sentiment": 91.16722696635897,
    "dampened_sentiment": 74.70033617981538,
    "price_momentum": 100.0,
    "consistency_score": 0.4940067235963076,
    "previous_gsi": 75.31433354822643
  },
  "price_data": {
    "current_price": 4987.545,
    "change_1d_pct": 1.0431407267544657,
    "change_7d_pct": 7.802099825464848,
    "change_30d_pct": 17.94302132414234
  }
}