{
  "timestamp": "2026-02-15T18:57:43.076220+00:00",
  "gsi": 78.68234437742508,
  "classification": "Extremely Bullish",
  "change_from_previous": 0.09511214381754485,
  "components": {
    "raw_sentiment": 94.11653477795319,
    "dampened_sentiment": 76.46992086677191,
    "price_momentum": 95.83216698434225,
    "consistency_score": 0.6127550776485933,
    "previous_gsi": 78.58723223360754
  },
  "price_data": {
    "current_price": 5042.74,
    "change_1d_pct": 2.454316793784561,
    "change_7d_pct": 1.576910255002817,
    "change_30d_pct": 16.40499392322139
  }
}