{
  "timestamp": "2026-01-24T16:43:15.832058+00:00",
  "gsi": 79.67135414318165,
  "classification": "Extremely Bullish",
  "change_from_previous": -0.16017716613555422,
  "components": {
    "raw_sentiment": 82.40797347034618,
    "dampened_sentiment": 69.4447840822077,
    "price_momentum": 100.0,
    "consistency_score": 0.3888956816441541,
    "previous_gsi": 79.8315313093172
  },
  "price_data": {
    "current_price": 4987.545,
    "change_1d_pct": 1.0431407267544657,
    "change_7d_pct": 7.802099825464848,
    "change_30d_pct": 17.94302132414234
  }
}