{
  "timestamp": "2026-02-06T11:59:36.026286+00:00",
  "gsi": 58.35620339949702,
  "classification": "Bullish",
  "change_from_previous": 0.48264068132374405,
  "components": {
    "raw_sentiment": 85.59563577109843,
    "dampened_sentiment": 71.35738146265905,
    "price_momentum": 51.22598317102006,
    "consistency_score": 0.5973720341672202,
    "previous_gsi": 57.873562718173275
  },
  "price_data": {
    "current_price": 4780.675,
    "change_1d_pct": -3.7019169274371433,
    "change_7d_pct": -7.720110990469298,
    "change_30d_pct": 6.603226633664461
  }
}