{
  "timestamp": "2026-02-09T23:00:12.187981+00:00",
  "gsi": 67.09922226433687,
  "classification": "Bullish",
  "change_from_previous": -1.3969924884744245,
  "components": {
    "raw_sentiment": 55.14692254772635,
    "dampened_sentiment": 53.08815352863581,
    "price_momentum": 72.0758572022717,
    "consistency_score": 0.6202459265272819,
    "previous_gsi": 68.4962147528113
  },
  "price_data": {
    "current_price": 5057.775,
    "change_1d_pct": 1.876377245388361,
    "change_7d_pct": -5.819682662639602,
    "change_30d_pct": 11.571601580337099
  }
}