{
  "timestamp": "2026-02-02T18:10:32.635296+00:00",
  "gsi": 66.93415667156847,
  "classification": "Bullish",
  "change_from_previous": 0.10489457744583319,
  "components": {
    "raw_sentiment": 81.04044411751386,
    "dampened_sentiment": 68.62426647050832,
    "price_momentum": 75.28282638095078,
    "consistency_score": 0.8668288017911507,
    "previous_gsi": 66.82926209412264
  },
  "price_data": {
    "current_price": 4895.44,
    "change_1d_pct": -8.842506298519092,
    "change_7d_pct": 1.3259151629555044,
    "change_30d_pct": 12.854583974014645
  }
}