{
  "timestamp": "2026-01-29T21:56:05.957061+00:00",
  "gsi": 79.61435900485179,
  "classification": "Extremely Bullish",
  "change_from_previous": -0.04139340208379849,
  "components": {
    "raw_sentiment": 85.68374138309706,
    "dampened_sentiment": 71.41024482985823,
    "price_momentum": 100.0,
    "consistency_score": 0.42820489659716454,
    "previous_gsi": 79.65575240693559
  },
  "price_data": {
    "current_price": 5418.505,
    "change_1d_pct": 4.5917239715285385,
    "change_7d_pct": 16.02061540009785,
    "change_30d_pct": 25.868020469649778
  }
}