{
  "timestamp": "2026-01-24T20:57:51.295847+00:00",
  "gsi": 76.11715253567291,
  "classification": "Extremely Bullish",
  "change_from_previous": -0.14680203564115857,
  "components": {
    "raw_sentiment": 57.53483126069096,
    "dampened_sentiment": 54.520898756414574,
    "price_momentum": 100.0,
    "consistency_score": 0.09041797512829153,
    "previous_gsi": 76.26395457131407
  },
  "price_data": {
    "current_price": 4987.545,
    "change_1d_pct": 1.0431407267544657,
    "change_7d_pct": 7.802099825464848,
    "change_30d_pct": 17.94302132414234
  }
}