{
  "timestamp": "2026-02-11T23:25:05.575893+00:00",
  "gsi": 76.21712409278983,
  "classification": "Extremely Bullish",
  "change_from_previous": 0.678070894705769,
  "components": {
    "raw_sentiment": 89.0903451202769,
    "dampened_sentiment": 73.45420707216613,
    "price_momentum": 100.0,
    "consistency_score": 0.46908414144332256,
    "previous_gsi": 75.53905319808406
  },
  "price_data": {
    "current_price": 5084.28,
    "change_1d_pct": 1.1772853185595622,
    "change_7d_pct": 9.080376911590538,
    "change_30d_pct": 17.165371750274527
  }
}