{
  "timestamp": "2026-02-13T06:50:48.392468+00:00",
  "gsi": 73.46164752550655,
  "classification": "Bullish",
  "change_from_previous": 0.3919093025382523,
  "components": {
    "raw_sentiment": 100.0,
    "dampened_sentiment": 80.0,
    "price_momentum": 80.71555649630065,
    "consistency_score": 0.985688870073987,
    "previous_gsi": 73.0697382229683
  },
  "price_data": {
    "current_price": 4921.94,
    "change_1d_pct": -3.1929791435562183,
    "change_7d_pct": -0.5026476685456749,
    "change_30d_pct": 13.865002857070152
  }
}