{
  "timestamp": "2026-01-24T06:30:47.839948+00:00",
  "gsi": 78.15865107461961,
  "classification": "Extremely Bullish",
  "change_from_previous": -0.45827517463955303,
  "components": {
    "raw_sentiment": 60.2488107995722,
    "dampened_sentiment": 56.14928647974332,
    "price_momentum": 100.0,
    "consistency_score": 0.12298572959486631,
    "previous_gsi": 78.61692624925917
  },
  "price_data": {
    "current_price": 4987.545,
    "change_1d_pct": 1.0431407267544657,
    "change_7d_pct": 7.802099825464848,
    "change_30d_pct": 17.94302132414234
  }
}