{
  "timestamp": "2026-02-09T09:53:20.359904+00:00",
  "gsi": 64.76274847100093,
  "classification": "Bullish",
  "change_from_previous": 0.8034248151145249,
  "components": {
    "raw_sentiment": 90.9889203069767,
    "dampened_sentiment": 74.59335218418602,
    "price_momentum": 68.36252760938251,
    "consistency_score": 0.8753835085039299,
    "previous_gsi": 63.95932365588641
  },
  "price_data": {
    "current_price": 4964.62,
    "change_1d_pct": 3.8476784136131315,
    "change_7d_pct": -8.376572504777613,
    "change_30d_pct": 10.831883181174318
  }
}