{
  "timestamp": "2026-01-26T17:13:07.545753+00:00",
  "gsi": 78.98443377889686,
  "classification": "Extremely Bullish",
  "change_from_previous": 0.06413755670223509,
  "components": {
    "raw_sentiment": 85.51872385750825,
    "dampened_sentiment": 71.31123431450494,
    "price_momentum": 100.0,
    "consistency_score": 0.4262246862900989,
    "previous_gsi": 78.92029622219462
  },
  "price_data": {
    "current_price": 4987.545,
    "change_1d_pct": 1.0431407267544657,
    "change_7d_pct": 7.802099825464848,
    "change_30d_pct": 17.94302132414234
  }
}