{
  "timestamp": "2026-02-06T19:16:07.564864+00:00",
  "gsi": 54.924168060092285,
  "classification": "Neutral",
  "change_from_previous": -2.0262897817874688,
  "components": {
    "raw_sentiment": 30.754155708739145,
    "dampened_sentiment": 38.45249342524349,
    "price_momentum": 51.22598317102006,
    "consistency_score": 0.7445302050844685,
    "previous_gsi": 56.950457841879754
  },
  "price_data": {
    "current_price": 4780.675,
    "change_1d_pct": -3.7019169274371433,
    "change_7d_pct": -7.720110990469298,
    "change_30d_pct": 6.603226633664461
  }
}