{
  "timestamp": "2026-01-24T19:39:29.401831+00:00",
  "gsi": 76.1854535217145,
  "classification": "Extremely Bullish",
  "change_from_previous": -0.0807896357671325,
  "components": {
    "raw_sentiment": 61.768904637299,
    "dampened_sentiment": 57.0613427823794,
    "price_momentum": 100.0,
    "consistency_score": 0.14122685564758797,
    "previous_gsi": 76.26624315748164
  },
  "price_data": {
    "current_price": 4987.545,
    "change_1d_pct": 1.0431407267544657,
    "change_7d_pct": 7.802099825464848,
    "change_30d_pct": 17.94302132414234
  }
}