{
  "timestamp": "2026-02-06T21:54:11.077463+00:00",
  "gsi": 53.40382192657336,
  "classification": "Neutral",
  "change_from_previous": 1.05414870502009,
  "components": {
    "raw_sentiment": 78.83735276970665,
    "dampened_sentiment": 67.302411661824,
    "price_momentum": 51.22598317102006,
    "consistency_score": 0.6784714301839213,
    "previous_gsi": 52.34967322155327
  },
  "price_data": {
    "current_price": 4780.675,
    "change_1d_pct": -3.7019169274371433,
    "change_7d_pct": -7.720110990469298,
    "change_30d_pct": 6.603226633664461
  }
}