{
  "timestamp": "2026-01-29T08:06:10.874214+00:00",
  "gsi": 80.53417164508599,
  "classification": "Extremely Bullish",
  "change_from_previous": 0.3388250999258986,
  "components": {
    "raw_sentiment": 99.79448082635237,
    "dampened_sentiment": 79.87668849581142,
    "price_momentum": 100.0,
    "consistency_score": 0.5975337699162284,
    "previous_gsi": 80.19534654516009
  },
  "price_data": {
    "current_price": 5418.505,
    "change_1d_pct": 4.5917239715285385,
    "change_7d_pct": 16.02061540009785,
    "change_30d_pct": 25.868020469649778
  }
}