{
  "timestamp": "2026-01-30T08:12:51.354964+00:00",
  "gsi": 81.0128831030539,
  "classification": "Extremely Bullish",
  "change_from_previous": 0.2631382759316665,
  "components": {
    "raw_sentiment": 100.0,
    "dampened_sentiment": 80.0,
    "price_momentum": 100.0,
    "consistency_score": 0.6,
    "previous_gsi": 80.74974482712223
  },
  "price_data": {
    "current_price": 5370.31,
    "change_1d_pct": -0.8894519798357647,
    "change_7d_pct": 12.74181934218841,
    "change_30d_pct": 24.826339859026426
  }
}