{
  "timestamp": "2026-01-25T23:00:07.261324+00:00",
  "gsi": 77.40251092289402,
  "classification": "Extremely Bullish",
  "change_from_previous": -0.09894075487140697,
  "components": {
    "raw_sentiment": 70.55647970161571,
    "dampened_sentiment": 62.33388782096943,
    "price_momentum": 100.0,
    "consistency_score": 0.2466777564193886,
    "previous_gsi": 77.50145167776543
  },
  "price_data": {
    "current_price": 4987.545,
    "change_1d_pct": 1.0431407267544657,
    "change_7d_pct": 7.802099825464848,
    "change_30d_pct": 17.94302132414234
  }
}