{
  "timestamp": "2026-01-26T00:08:27.066263+00:00",
  "gsi": 77.14439640098063,
  "classification": "Extremely Bullish",
  "change_from_previous": -0.12486204283499092,
  "components": {
    "raw_sentiment": 67.59544524396894,
    "dampened_sentiment": 60.55726714638136,
    "price_momentum": 100.0,
    "consistency_score": 0.21114534292762732,
    "previous_gsi": 77.26925844381562
  },
  "price_data": {
    "current_price": 4987.545,
    "change_1d_pct": 1.0431407267544657,
    "change_7d_pct": 7.802099825464848,
    "change_30d_pct": 17.94302132414234
  }
}