{
  "timestamp": "2026-02-01T06:20:04.223268+00:00",
  "gsi": 63.344704943195055,
  "classification": "Bullish",
  "change_from_previous": 0.03995803667180553,
  "components": {
    "raw_sentiment": 66.89711785619764,
    "dampened_sentiment": 60.13827071371858,
    "price_momentum": 75.28282638095078,
    "consistency_score": 0.6971088866553561,
    "previous_gsi": 63.30474690652325
  },
  "price_data": {
    "current_price": 4895.44,
    "change_1d_pct": -8.842506298519092,
    "change_7d_pct": 1.3259151629555044,
    "change_30d_pct": 12.854583974014645
  }
}